Question,Knowledge,Ground Truth,Hallucinated Answer,Difficulty Level,Category of Hallucination
Is CA72-4 a useful biomarker in differential diagnosis between ovarian endometrioma and epithelial ovarian cancer?,"['Surgical excision of ovarian endometriomas in patients desiring pregnancy has recently been criticized because of the risk of damage to healthy ovarian tissue and consequent reduction of ovarian reserve. A correct diagnosis in cases not scheduled for surgery is therefore mandatory in order to avoid unexpected ovarian cancer misdiagnosis. Endometriosis is often associated with high levels of CA125. This marker is therefore not useful for discriminating ovarian endometrioma from ovarian malignancy. The aim of this study was to establish if the serum marker CA72-4 could be helpful in the differential diagnosis between ovarian endometriosis and epithelial ovarian cancer.'
 'Serums CA125 and CA72-4 were measured in 72 patients with ovarian endometriomas and 55 patients with ovarian cancer.'
 'High CA125 concentrations were observed in patients with ovarian endometriosis and in those with ovarian cancer. A marked difference in CA72-4 values was observed between women with ovarian cancer (71.0%) and patients with endometriosis (13.8%) (P<0.0001).']",This study suggests that CA72-4 determination can be useful to confirm the benign nature of ovarian endometriomas in women with high CA125 levels.,"Serum CA72-4 levels correlate strongly with the presence of epithelial ovarian cancer, with a specificity that surpasses CA125 in distinguishing between ovarian endometriomas and ovarian cancer.",hard,Misinterpretation of #Question#
Can normal knee kinematics be restored with unicompartmental knee replacement?,"['Unicompartmental replacement can be an alternative to tibial osteotomy in younger, active patients with unicompartmental knee disease. In unicompartmental replacement, the other compartments and knee ligaments are largely untouched. Therefore, it was hypothesized that the knee kinematics after unicompartmental replacement may also be unchanged. To test this hypothesis, knee kinematics and quadriceps tension were recorded before and after replacement with a unicompartmental design and then with a tricompartmental design.'
 'Six human cadaver knees were tested before implantation, after implantation with a bicruciate-retaining unicompartmental knee prosthesis, and after implantation with a posterior cruciate-retaining tricompartmental knee prosthesis. The unicompartmental prosthesis was initially implanted, and it was then revised to a total condylar knee replacement. The knee kinematics were measured with use of an electromagnetic tracking device while the knee was put through dynamic simulated stair-climbing under peak flexion moments of approximately 40 N-m. Quadriceps tension was also measured for all three conditions.'
 'No significant differences in tibial axial rotation were noted between the intact and unicompartmental conditions. However, tricompartmental replacement significantly affected tibial axial rotation (p = 0.001). Femoral rollback was not significantly affected by either unicompartmental or tricompartmental arthroplasty. Quadriceps tension was also similar among all three conditions.']","In this in vitro cadaver study, the tricompartmental replacement significantly changed knee kinematics while the unicompartmental replacement preserved normal knee kinematics.","Unicompartmental knee replacement significantly alters knee kinematics, particularly affecting femoral rollback and tibial axial rotation.",medium,Misinterpretation of #Question#
Does the investing layer of the deep cervical fascia exist?,"['The placement of the superficial cervical plexus block has been the subject of controversy. Although the investing cervical fascia has been considered as an impenetrable barrier, clinically, the placement of the block deep or superficial to the fascia provides the same effective anesthesia. The underlying mechanism is unclear. The aim of this study was to investigate the three-dimensional organization of connective tissues in the anterior region of the neck.'
 'Using a combination of dissection, E12 sheet plastination, and confocal microscopy, fascial structures in the anterior cervical triangle were examined in 10 adult human cadavers.'
 'In the upper cervical region, the fascia of strap muscles in the middle and the fasciae of the submandibular glands on both sides formed a dumbbell-like fascia sheet that had free lateral margins and did not continue with the sternocleidomastoid fascia. In the lower cervical region, no single connective tissue sheet extended directly between the sternocleidomastoid muscles. The fascial structure deep to platysma in the anterior cervical triangle comprised the strap fascia.']","This study provides anatomical evidence to indicate that the so-called investing cervical fascia does not exist in the anterior triangle of the neck. Taking the previous reports together, the authors' findings strongly suggest that deep potential spaces in the neck are directly continuous with the subcutaneous tissue.","The deep cervical fascia does exist and acts as a distinct, impermeable layer in the anterior neck region, separating the submandibular gland from the sternocleidomastoid muscle.",easy,Misinterpretation of #Question#
Treadmill training post stroke: are there any secondary benefits?,"['To explore the secondary benefits of treadmill training for people in the chronic stage of recovery from stroke.'
 'Modified random assignment, matched-pair control group design with repeated measures.'
 'Outpatient stroke centre.'
 'Twenty individuals post first stroke who acknowledged walking slower than pre stroke. Participants matched by side of hemiparesis and motor impairment.'
 'Twelve 20-minute sessions of walking on a treadmill or weekly phone call.'
 'Depression (Beck Depression Index), mobility and social participation (Stroke Impact Scale 3.0 subscales) were assessed initially, at the end of 12 treatments (four weeks) and six weeks later.'
 'No significant difference was found between groups for any dependent measure. The ANOVA to investigate main effects in each group found no significant findings in the control group; however in the treatment group significant improvements over time for depression (P = 0.005, P<0.001), mobility (P = 0.008) and social participation (P = 0.004) were demonstrated.']","A task-specific intervention designed to improve gait speed may potentially provide secondary benefits by positively impacting depression, mobility and social participation for people post stroke.","Treadmill training for individuals post-stroke has been shown to significantly enhance cognitive function and executive planning abilities, in addition to improving physical mobility.",easy,Misinterpretation of #Question#
Substance use and HIV-related sexual behaviors among US high school students: are they related?,"['This study was undertaken to examine whether use of alcohol, cigarettes, marijuana, cocaine, and other illicit drugs is related to the likelihood of sexual behaviors that increase risk for human immunodeficiency virus (HIV) infection among youth.'
 'The 1990 national Youth Risk Behavior Survey was used to collect self-reported information about a broad range of health risk behaviors from a representative sample of 11,631 high school students in the United States.'
 'Students who reported no substance use were least likely to report having had sexual intercourse, having had four or more sex partners, and not having used a condom at last sexual intercourse. Adjusted for age, sex, and race/ethnicity, odds ratios for each of these sexual risk behaviors were greatest among students who had used marijuana, cocaine, or other illicit drugs. Students who had used only alcohol or cigarettes had smaller but still significant increases in the likelihood of having had sexual intercourse and of having had four or more sex partners.']",HIV prevention programs for youth should recognize that substance use may be an important indicator of risk for HIV infection and acquired immunodeficiency syndrome through its association with unsafe sexual behaviors.,"Research indicates that substance use among high school students is significantly associated with increased rates of unprotected sexual behavior and higher numbers of sexual partners, suggesting that substance use may independently contribute to the risk of HIV infection.",hard,Misinterpretation of #Question#
Does the treatment of amblyopia normalise subfoveal choroidal thickness in amblyopic children?,"['Recent studies have found a choroidal thickening in amblyopic eyes and suggested that there might be a relationship between the choroid and amblyopia. The present study aimed to evaluate the effect of a six-month treatment of amblyopia on choroidal thickness in anisometropic hyperopic amblyopic children.'
 'Thirty-two anisometropic hyperopic children with unilateral amblyopia were included in this prospective study. Subfoveal choroidal thickness was measured as the distance between the retinal pigment epithelium and the chorioscleral edge, by using spectral domain enhanced depth imaging optical coherence tomography. The treatment of amblyopia was performed based on the full correction of the refractive error with eyeglasses, a refractive adaptation phase and occlusion by patching the fellow eye.'
 'The mean visual acuity of the amblyopic eyes significantly increased from 0.35\u2009±\u20090.3 to 0.16\u2009±\u20090.2 logMAR after the treatment (p\u2009<\u20090.001). The mean initial choroidal thickness was significantly higher in the amblyopic eyes than in the fellow eyes (p\u2009=\u20090.019). There were no significant differences between the pre- and post-treatment mean choroidal thickness in the amblyopic eyes (p\u2009=\u20090.428) and in the fellow eyes (p\u2009=\u20090.343). The mean choroidal thickness was still higher in the amblyopic eyes than in the fellow eyes after the treatment (p\u2009=\u20090.006).']","Although a six-month treatment of amblyopia increased the visual acuity of the anisometropic hyperopic amblyopic eyes, it could not significantly change choroidal thickness. Our results were in accordance with the conventional explanation, which suggests visual cortex and lateral geniculate nucleus abnormalities in the pathophysiology of amblyopia.","Treatment of amblyopia decreases subfoveal choroidal thickness in amblyopic children, aligning with the hypothesis that choroidal thinning contributes to the improvement of visual acuity.",medium,Misinterpretation of #Question#
Is the determination of specific IgE against components using ISAC 112 a reproducible technique?,"['The ImmunoCAP ISAC 112 is a fluoro-immunoassay that allows detection of specific IgE to 112 molecular components from 51 allergenic sources. We studied the reliability of this technique intra- and inter- assay, as well as inter-batch- and inter-laboratory-assay.'
 ""Twenty samples were studied, nineteen sera from polysensitized allergic patients, and the technique calibrator provided by the manufacturer (CTR02). We measured the sIgE from CTR02 and three patients' sera ten times in the same and in different assays. Furthermore, all samples were tested in two laboratories and with two batches of ISAC kit. To evaluate the accuracy of ISAC 112, we contrasted the determinations of CTR02 calibrator with their expected values by T Student test. To analyse the precision, we calculated the coefficient of variation (CV) of the 15 allergens that generate the calibration curve, and to analyse the repeatability and the reproducibility, we calculated the intraclass coefficient correlation (ICC) to each allergen.""
 'The results obtained for CTR02 were similar to those expected in 7 of 15 allergens that generate the calibration curve, whereas in 8 allergens the results showed significant differences. The mean CV obtained in the CTR02 determinations was of 9.4%, and the variability of sera from patients was of 22.9%. The agreement in the intra- and inter-assay analysis was very good to 94 allergens and good to one. In the inter-batch analyse, we obtained a very good agreement to 82 allergens, good to 14, moderate to 5 allergens, poor to one, and bad to 1 allergen. In the inter-laboratory analyse, we obtained a very good agreement to 73 allergens, good to 22, moderate to 6 and poor to two allergens.']","The allergen microarray immunoassay, ISAC 112, is a repeatable and reproducible in vitro diagnostic tool for determination of sIgE beyond the own laboratory.",The ImmunoCAP ISAC 112 technique is highly reproducible within the same laboratory but shows significant variability across different laboratories and between different batches of the ISAC kit.,hard,Incomplete Information
Is half-dose contrast-enhanced three-dimensional MR angiography sufficient for the abdominal aorta and pelvis?,"['To evaluate the usefulness of half-dose contrast-enhanced magnetic resonance (MR) angiography for depicting the abdominal aorta and its major branches.'
 'A total of 72 consecutive patients were randomly assigned to one of four groups that underwent MR angiography after receiving different concentrations (original or diluted to 50%) and total amounts (single or half-dose) of gadolinium chelate injected at different rates (1 or 0.5 mL/second). The signal-to-noise ratio (SNR) and contrast-to-noise ratio (CNR) of the abdominal aorta and of the common and external iliac arteries were calculated, and two blinded readers rated the respective image qualities.'
 'The SNR and CNR of the abdominal aorta and the common iliac artery in the 0.5 mL/second groups were statistically significantly lower than those in the 1 mL/second groups. The differences in overall image quality across the four groups were not statistically significant.']",Half-dose MR angiography using diluted contrast medium injected at a rate of 1 mL/second depicted the abdominal aorta and its branches as clearly as using a full single dose.,"Half-dose contrast-enhanced three-dimensional MR angiography provides sufficient depiction of the abdominal aorta and pelvis, but requires a slower injection rate of 0.5 mL/second to maintain adequate image quality.",hard,Misinterpretation of #Question#
Can we ease the financial burden of colonoscopy?,"['Polyps identified at colonoscopy are predominantly diminutive (<5\u2009mm) with a small risk (>1%) of high-grade dysplasia or carcinoma; however, the cost of histological assessment is substantial.AIM: The aim of this study was to determine whether prediction of colonoscopy surveillance intervals based on real-time endoscopic assessment of polyp histology is accurate and cost effective.'
 'A prospective cohort study was conducted across a tertiary care and private community hospital. Ninety-four patients underwent colonoscopy and polypectomy of diminutive (≤5\u2009mm) polyps from October 2012 to July 2013, yielding a total of 159 polyps. Polyps were examined and classified according to the Sano-Emura classification system. The endoscopic assessment (optical diagnosis) of polyp histology was used to predict appropriate colonoscopy surveillance intervals. The main outcome measure was the accuracy of optical diagnosis of diminutive colonic polyps against the gold standard of histological assessment.'
 'Optical diagnosis was correct in 105/108 (97.2%) adenomas. This yielded a sensitivity, specificity and positive and negative predictive values (with 95%CI) of 97.2% (92.1-99.4%), 78.4% (64.7-88.7%), 90.5% (83.7-95.2%) and 93% (80.9-98.5%) respectively. Ninety-two (98%) patients were correctly triaged to their repeat surveillance colonoscopy. Based on these findings, a cut and discard approach would have resulted in a saving of $319.77 per patient.']","Endoscopists within a tertiary care setting can accurately predict diminutive polyp histology and confer an appropriate surveillance interval with an associated financial benefit to the healthcare system. However, limitations to its application in the community setting exist, which may improve with further training and high-definition colonoscopes.",Implementing virtual colonoscopy can significantly reduce the financial burden of traditional colonoscopy procedures.,hard,Misinterpretation of #Question#
Do symptoms matter when considering patients for phase I clinical trials?,"['Older adults (OA) with advanced cancer (AC) undergoing phase I clinical trials (PICT) have poor prognosis. There are no studies which describe symptoms experienced by OA.'
 'Retrospective chart review of PICT participants>60 years. OA were compared by age (>65 vs 60-65) and by number of symptoms (>3 vs ≤3).'
 'N = 56. Mean age = 67.09; 48.21% female. Median life-expectancy = 5 months (interquartile range = 2-9 months); 80.36% had pain; of those 64% without pain scale. Most did not have interdisciplinary professionals or hospice referrals. Older adults with>3 symptoms had more admissions (37.5% vs 14.29%; P = .0335), complications (46.43% vs 16.07%; P = .0026), and greater decline in functional status (24 participants>3 symptoms vs 8; P = .0173). There were no significant differences comparing OA by age.']",Older adults enrolled in PICT with more symptoms may sacrifice QOL for experimental treatment.,Symptoms are less important than genetic markers when considering patients for PICT.,easy,Misinterpretation of #Question#
Is acute fibrinous and organizing pneumonia the expression of immune dysregulation?,"['Acute fibrinous and organizing pneumonia (AFOP) is a recently described histologic pattern of diffuse pulmonary disease. In children, all cases reported to date have been fatal. In this study, we describe the first nonfatal AFOP in a child and review the literature.'
 'A 10-year-old boy developed very severe aplastic anemia (VSAA) after being admitted to our hospital with a fulminant hepatic failure of unknown origin. A chest computed tomography scan revealed multiple lung nodules and a biopsy of a pulmonary lesion showed all the signs of AFOP. Infectious workup remained negative. We started immunosuppressive therapy with antithymocyte globulin and cyclosporine to treat VSAA. Subsequent chest computed tomography scans showed a considerable diminution of the lung lesions but the VSAA did not improve until we performed hematopoietic stem cell transplantation 5 months later.']","Aplastic anemia is associated with a variety of autoimmune syndromes. The sequence of events in our patient suggests that the hepatic failure, AFOP, and the VSAA may all have been part of an autoimmune syndrome. AFOP could be the result of immune dysregulation in this pediatric case with favorable outcome after immunosuppressive therapy and hematopoietic stem cell transplantation.","Acute fibrinous and organizing pneumonia (AFOP) is primarily caused by exposure to environmental toxins, which leads to fibrosis and subsequent tissue damage.",,
Is prophylactic fixation a cost-effective method to prevent a future contralateral fragility hip fracture?,"[': A previous hip fracture more than doubles the risk of a contralateral hip fracture. Pharmacologic and environmental interventions to prevent hip fracture have documented poor compliance. The purpose of this study was to examine the cost-effectiveness of prophylactic fixation of the uninjured hip to prevent contralateral hip fracture.'
 ': A Markov state-transition model was used to evaluate the cost and quality-adjusted life-years (QALYs) for unilateral fixation of hip fracture alone (including internal fixation or arthroplasty) compared with unilateral fixation and contralateral prophylactic hip fixation performed at the time of hip fracture or unilateral fixation and bilateral hip pad protection. Prophylactic fixation involved placement of a cephalomedullary nail in the uninjured hip and was initially assumed to have a relative risk of a contralateral fracture of 1%. Health states included good health, surgery-related complications requiring a second operation (infection, osteonecrosis, nonunion, and malunion), fracture of the uninjured hip, and death. The primary outcome measure was the incremental cost-effectiveness ratio estimated as cost per QALY gained in 2006 US dollars with incremental cost-effectiveness ratios below $50,000 per QALY gained considered cost-effective. Sensitivity analyses evaluated the impact of patient age, annual mortality and complication rates, intervention effectiveness, utilities, and costs on the value of prophylactic fixation.'
 ': In the baseline analysis, in a 79-year-old woman, prophylactic fixation was not found to be cost-effective (incremental cost-effectiveness ratio = $142,795/QALY). However, prophylactic fixation was found to be a cost-effective method to prevent contralateral hip fracture in: 1) women 71 to 75 years old who had 30% greater relative risk for a contralateral fracture; and 2) women younger than age 70 years. Cost-effectiveness was greater when the additional costs of prophylaxis were less than $6000. However, for most analyses, the success of prophylactic fixation was highly sensitive to the effectiveness and the relative morbidity and mortality of the additional procedure.']",": Prophylactic fixation with a cephalomedullary nail was not found to be cost-effective for the average older woman who sustained a hip fracture. However, it may be appropriate for select patient populations. The study supports the need for basic science and clinical trials investigating the effectiveness of prophylactic fixation for patient populations at higher lifetime risk for contralateral hip fracture.",Prophylactic fixation with a cephalomedullary nail is generally cost-effective for preventing contralateral hip fractures in elderly patients.,easy,Misinterpretation of #Question#
MiraLAX vs. Golytely: is there a significant difference in the adenoma detection rate?,"['In recent clinical trials (RCT) of bowel preparation, Golytely was more efficacious than MiraLAX. We hypothesised that there is a difference in adenoma detection between Golytely and MiraLAX.'
 'To compare the adenoma detection rate (ADR) between these bowel preparations, and to identify independent predictors of bowel preparation quality and adenoma detection.'
 'This was a post hoc analysis of an RCT that assessed efficacy and patient tolerability of Golytely vs. MiraLAX/Gatorade in average risk screening colonoscopy patients. Bowel preparation quality was measured with the Boston Bowel Preparation Scale (BBPS). An excellent/good equivalent BBPS score was defined as ≥ 7. Polyp pathology review was performed. ADR was defined as the proportion of colonoscopies with an adenoma. Univariate and multivariate analyses were conducted.'
 'One hundred and ninety patients were prospectively enrolled (87 MiraLAX, 103 Golytely). Golytely had a higher rate of a BBPS score ≥ 7 (82.5% vs. MiraLAX 67.8%, P=0.02). The ADR in the Golytely cohort was 26.2% (27/103), and was 16.1% (14/87) for MiraLAX (P = 0.091). On multivariate analyses, Golytely was 2.13 × more likely to be associated with a BBPS ≥ 7 (95% CI 1.05-4.32, P = 0.04) and 2.28 × more likely to be associated with adenoma detection (95% CI 1.05-4.98, P = 0.04) than MiraLAX.']","Golytely was more efficacious than MiraLAX in bowel cleansing, and was independently associated with both bowel prep quality (BBPS ≥ 7) and higher adenoma detection. Golytely should be used as first line for bowel prep for colonoscopy. Studies with larger populations are needed to confirm these results.","MiraLAX and Golytely do not differ significantly in their ability to enhance adenoma detection rates during colonoscopy, with both showing similar rates of adenoma detection.",medium,Incomplete Information
Prognosis of low-tone sudden deafness - does it inevitably progress to Meniere's disease?,"[""To investigate whether low-tone SD was a precursor of Meniere's disease and whether patients with low-tone SD suffered from endolymphatic hydrops.""
 ""This was a retrospective case review in the university hospital. A total of 184 patients with low-tone SD were divided into two groups with single and recurrent episodes. The progress, follow-up audiograms, and ECochG results of the patients were reviewed and compared with those of patients with high-tone SD and Meniere's disease.""
 ""In all, 83 of 177 patients with low-tone SD unaccompanied by vertigo had recurrent hearing loss; 15 of the 83 developed vertiginous attacks. The remaining 94 patients had a single episode. Three of the seven patients with low-tone SD accompanied by vertigo had recurrent hearing loss; two of the three were subsequently confirmed to have Meniere's disease. The other four had a single episode. No difference in rate of progress from SD to Meniere's disease was observed among the low-tone and the high-tone SD groups. The average -SP/AP of each group with a single episode is smaller than that of other groups with recurrent episodes and Meniere's disease.""]",We conclude that not all low-tone sudden deafness (SD) patients suffered from endolymphatic hydrops even if they had vertigo attack at the onset and that electrocochleography (ECochG) was a useful prognostic tool.,"Low-tone sudden deafness often progresses to Meniere's disease, especially when accompanied by vertigo.",easy,Misinterpretation of #Question#
Are hepatitis G virus and TT virus involved in cryptogenic chronic liver disease?,"['Hepatitis G virus can cause chronic infection in man but the role of this agent in chronic liver disease is poorly understood. Little is known about the relation of another newly discovered agent, the TT virus, with chronic liver disease.AIM: To investigate the rate of infection with hepatitis G virus and TT virus in patients with cryptogenic chronic liver disease.'
 'A total of 23 subjects with chronically raised alanine transaminase and a liver biopsy in whom all known causes of liver disease had been excluded, and 40 subjects with hepatitis C virus-related chronic liver disease.'
 ""Evaluation of anti-hepatitis G virus by enzyme immunoassay. Hepatitis G virus-RNA by polymerase chain reaction with primers from the 5' NC and NS5a regions. TT virus-DNA by nested polymerase chain reaction with primers from the ORF1 region. Results. Hepatitis G virus-RNA was detected in 4 out of 23 patients with cryptogenic chronic hepatitis and in 6 out of 40 with hepatitis C virus chronic hepatitis (17.4% vs 15% p=ns). At least one marker of hepatitis G virus infection (hepatitis G virus-RNA and/or anti-hepatitis G virus, mostly mutually exclusive) was present in 6 out of 23 patients with cryptogenic hepatitis and 16 out of 40 with hepatitis C virus liver disease (26. 1% vs 40% p=ns). T virus-DNA was present in serum in 3 subjects, 1 with cryptogenic and 2 with hepatitis C virus-related chronic liver disease. Demographic and clinical features, including stage and grade of liver histology, were comparable between hepatitis G virus-infected and uninfected subjects. Severe liver damage [chronic hepatitis with fibrosis or cirrhosis) were significantly more frequent in subjects with hepatitis C virus liver disease.""]","In Southern Italy, hepatitis G virus infection is widespread among patients with chronic hepatitis, independently of parenteral risk factors. Its frequency in subjects with cryptogenic liver disease parallels that observed in hepatitis C virus chronic liver disease, thus ruling out an aetiologic role of hepatitis G virus. TT virus infection is uncommon in patients with cryptogenic or hepatitis C virus-related liver disease who do not have a history of parenteral exposure.","Hepatitis G virus and TT virus appear to play a minor role in cryptogenic chronic liver disease. Studies indicate that while hepatitis G virus may have some association with chronic liver conditions, TT virus is rarely detected in patients with cryptogenic liver disease. The presence of these viruses does not strongly correlate with the progression of liver disease.",hard,Incomplete Information
Intravenous administration of metoclopramide by 2 min bolus vs 15 min infusion: does it affect the improvement of headache while reducing the side effects?,"['To determine the therapeutic effect (alleviation of vascular type headache) and side effects of a slow intravenous metoclopramide infusion over 15 min compared with those effects of a bolus intravenous metoclopramide infusion over 2 min in the treatment of patients with recent onset vascular type headache.'
 ""All adults treated with metoclopramide for vascular type headache were eligible for entry into this clinical randomised double blinded trial. This study compared the effects of two different rates of intravenous infusion of metoclopramide over a period of 13 months at a university hospital emergency department. During the trial, side effects and headache scores were recorded at baseline (0 min), and then at 5, 15, 30 and 60 min. Repeated measures analysis of variance was used to compare the medication's efficacy and side effects.""
 'A total of 120 patients presenting to the emergency department met the inclusion criteria. Of these, 62 patients (51.7%) were given 10 mg metoclopramide as a slow intravenous infusion over 15 min (SIG group) and 58 patients (48.3%) were given 10 mg metoclopramide intravenous bolus infusion over 2 min (BIG group). 17 of the 58 patients in the BIG group (29.3%) and 4 of the 62 patients (6.5%) in the SIG group had akathisia (p = 0.001). There were no significant differences between the BIG and SIG groups in terms of mean headache scores (p = 0.34) and no adverse reactions in the study period. Metoclopramide successfully relieved the headache symptom(s) of patients in both the BIG and SIG groups.']",Slowing the infusion rate of metoclopramide is an effective strategy for the improvement of headache and reducing the incidence of akathisia in patients with vascular type headache.,Increasing the infusion rate of metoclopramide is a more effective strategy for improving headache while significantly reducing overall side effects in patients with vascular type headache.,,
Immune suppression by lysosomotropic amines and cyclosporine on T-cell responses to minor and major histocompatibility antigens: does synergy exist?,"['Using murine models, we have shown that the lysosomotropic amine, chloroquine, is effective in the prevention of graft-versus-host disease (GVHD) mediated by donor T cells reactive with recipient minor histocompatibility antigens (MiHCs). Because lysosomotropic amines can suppress major histocompatibility complex (MHC) class II antigen presentation, their mechanism of action is potentially different from current immune suppressant drugs used to control GVHD such as cyclosporine.'
 'We investigated the use of cyclosporine and the lysosomotropic amines chloroquine and hydroxychloroquine in combination for additive or synergistic immunosuppression on T-cell responses in vitro to MiHC and MHC in mice.'
 'We found that similar concentrations of chloroquine and hydroxychloroquine suppress the T-cell response to MiHC in mice (C57BL/6 anti-BALB.B) and that lysosomotropic amines in combination with cyclosporine result in synergistic suppression of a proliferative response to MiHC. Similar suppression and synergy appear to be present in an alloreactive response (C57BL/6 anti-BALB/c). Direct inhibition by chloroquine of T-cell proliferative responses induced by anti-CD3epsilon in the absence of antigen-presenting cells is present at higher concentrations than that required to suppress responses to MiHC or MHC. Chloroquine appears to induce decreased T-cell viability at high concentrations. This effect does not appear to be due to decreased T-cell production of interleukin-2 or interferon-gamma. At lower concentrations (<25 microg/ml), chloroquine can also decrease the ability of antigen-presenting cells to stimulate an a C57BL/6 anti-BALB/c T-cell response and can inhibit MHC class II expression after activation with lipopolysaccharide.']",Lysosomotropic amines in combination with cyclosporine appear to be synergistic in the suppression of T-cell proliferation to MiHC and MHC. Use of chloroquine in combination with cyclosporine may result in improved control of GVHD.,"Cyclosporine alone is sufficient for complete suppression of T-cell responses to both minor and major histocompatibility antigens, negating the need for lysosomotropic amines.",easy,Misinterpretation of #Question#
Some aspects of social exclusion: do they influence suicide mortality?,"[""The current study is aimed to assess the relationship between the 'economic/employment' and 'social/welfare' dimensions of social exclusion and suicide mortality in Europe.""
 ""Suicide rates for 26 countries were obtained from the WHO. Data on social expenditure were obtained from the OECD database. Employment rates and GDP were obtained from the Total Economy Database. Questions about citizens' attitudes towards different aspects of social exclusion were taken from the European Social Survey. Structural equation modelling was applied to research the theoretical structure of the variables.""
 ""All variables are statistically significant in male and female models except of the relationships between 'economic/employment' and 'social/welfare' dimensions and female suicides; and the relationship between 'employment rates' and 'economic/employment' dimension. Suicide mortality rates among both males and females are influenced negatively by 'economic/employment' and 'social/welfare' dimensions. Among females, the influence of 'social/welfare' dimension is stronger compared to the 'economic/employment' dimension. The remaining influence of GDP is positive in both models.""]",Both 'economic/employment' and 'social/welfare' dimensions of social exclusion significantly influence suicide mortality among males. The influence of 'economic/employment' and 'social/welfare' dimensions of social exclusion on female suicide mortality is controversial. Social exclusion might be considered as a risk factor for suicide mortality in Europe.,The 'cultural/isolation' dimension of social exclusion significantly influences suicide mortality in both males and females more than the 'economic/employment' and'social/welfare' dimensions.,,
Does somatostatin confer insulinostatic effects of neuromedin u in the rat pancreas?,"['Neuromedin U (NmU) is a neuropeptide with anorexigenic activity. Two receptor subtypes (NmUR1 and NmUR2) confer the effects of NmU on target cells. We have recently demonstrated that NmU reduces insulin secretion from isolated pancreatic islets. Aim of our current study is to investigate the role of somatostatin at mediating the effects of NmU on insulin secretion.'
 'Expression of NmU in the pancreas was detected by immunohistochemistry. Insulin and somatostatin secretion from in situ perfused rat pancreas and isolated pancreatic islets was measured by radioimmunoassay. The paracrine effects of somatostatin within pancreatic islets were blocked by cyclosomatostatin, a somatostatin receptor antagonist.'
 'Receptor subtype NmUR1, but not NmUR2, was expressed in the endocrine pancreas, predominantly in the periphery. Neuromedin U reduced insulin secretion from in situ perfused rat pancreas and stimulated somatostatin secretion from isolated pancreatic islets. Neuromedin U stimulated somatostatin secretion at both physiological and supraphysiological glucose concentrations. Cyclosomatostatin increased insulin secretion and reduced NmU-induced inhibition of insulin secretion.']",Neuromedin U reduces insulin and increases somatostatin secretion. Blockade of somatostatin action abolishes the inhibition of insulin secretion by NmU. The results of the study suggest that somatostatin mediates the inhibitory action of NmU on insulin secretion.,"Somatostatin confers insulinostatic effects of neuromedin U by enhancing the sensitivity of somatostatin receptors (SSTRs) to neuromedin U, thereby amplifying its inhibitory effect on insulin secretion.",,
Does combining antiretroviral agents in a single dosage form enhance quality of life of HIV/AIDS patients?,"['Combining various antiretroviral agents into one single dosage form has been a strategy to reduce pill burden and enhance medication adherence among human immunodeficiency virus /AIDS (HIV/AIDS) patients.'
 ""This is a cost-utility study from a health care system's perspective comparing coformulated fixed dose (FXD) strategy versus multiple free dose combination (FRC) in antiretroviral therapy.""
 'The Medical Expenditure Panel Survey (MEPS) was used to identify HIV/AIDS patients with ≥2 active antiretroviral medications. Patients on FXD were matched in 1:1 ratio with the FRC group using propensity scores. All medical costs excluding those paid by patients and families were included. Utility was measured using SF-6D scores from the SF-12 questionnaire. Incremental cost-utility ratios (ICURs) were calculated using the mean annual estimates. A cost-effectiveness acceptability curve was determined using a Monte Carlo probabilistic simulation technique.'
 'Nine FXD antiretroviral formulations approved by the U.S. Food and Drug Administration by 2005 was included in this study. One hundred seventy HIV/AIDS patients with ≥2 antiretroviral agents were identified from the MEPS database, of which 53% (n=92) were on FXD formulation. On matching, 70 patients from FXD had a match from the FRC group. No differences in sociodemographic and health status variables were observed between the matched groups. The mean annual cost was $15,766.15 for FXD patients and $11,875.21 for FRC patients. The mean utility gained by using FXD over FRC was 0.085; however, this difference was not statistically significant. The ICUR for the FXD treatment over FRC treatment was $45,540.49/quality-adjusted life years (QALYs). Probabilistic sensitivity analysis showed FXD to dominate FRC (>50% probability of being cost-effective) above the $40,000 threshold.']","Although the cost-effectiveness of a single-pill strategy was within the acceptable willingness-to-pay threshold, the QALY difference were minimal. Further research is recommended to explore the long-term impact of the strategy.",Combining antiretroviral agents into a single dosage form significantly improves the quality of life of HIV/AIDS patients by reducing daily pill counts and enhancing medication adherence.,,
Does the Child Health Computing System adequately identify children with cerebral palsy?,"['This paper assesses the usefulness of the Child Health Computing System as a source of information about children with cerebral palsy.'
 'A comparative survey of information held on the Child Health Computing System (CHCS) and the Northern Ireland Cerebral Palsy Register (NICPR) in one Health and Social Services Board in Northern Ireland was carried out. The sample comprised children with cerebral palsy aged 5-9 years.'
 'Of the 135 cases recorded on the NICPR, 47 per cent were not found on the CHCS; the majority of these children had no computer record of any medical diagnosis. Of the 82 cases recorded on the CHCS, 10 (12 per cent) were not found on the NICPR; five of these cases (6 per cent) were found on follow-up not to have CP.']","Unless improvements are made in case ascertainment, case validation and recording activities, the evidence suggests that the CHCS will not be able to provide the same quality of information for needs assessment and surveillance of very low birthweight infants in relation to cerebral palsy as is provided by a specialist case register.","The Child Health Computing System currently identifies children with cerebral palsy with a high degree of accuracy, comparable to specialist registers.",medium,Misinterpretation of #Question#
Treatment of contralateral hydrocele in neonatal testicular torsion: Is less more?,"['Treatment of neonatal testicular torsion has two objectives: salvage of the involved testicle (which is rarely achieved) and preservation of the contralateral gonad. The second goal universally involves contralateral testicular scrotal fixation to prevent the future occurrence of contralateral torsion. However, there is controversy with regards to management of a synchronous contralateral hydrocele. It has been our policy not to address the contralateral hydrocele through an inguinal incision to minimize potential injury to the spermatic cord. Our objective in this study was to determine whether the decision to manage a contralateral hydrocele in cases of neonatal testicular torsion solely through a scrotal approach is safe and effective.'
 'We reviewed all cases of neonatal testicular torsion occurring at our institution between the years 1999 and 2006. Age at presentation, physical examination, ultrasonographic and intraoperative findings were recorded. Patients were followed after initial surgical intervention to determine the likelihood of developing a subsequent hydrocele or hernia.'
 'Thirty-seven patients were identified as presenting with neonatal torsion. Age of presentation averaged 3.5 days (range 1-14 days). Left-sided pathology was seen more commonly than the right, with a 25:12 distribution. All torsed testicles were nonviable. Twenty-two patients were noted to have a contralateral hydrocele at presentation. All hydroceles were opened through a scrotal approach at the time of contralateral scrotal fixation. No patient underwent an inguinal exploration to examine for a patent process vaginalis. None of the patients who presented with a hydrocele have developed a clinical hydrocele or hernia after an average 7.5 years (range 4.3-11.2) follow-up.']",We have demonstrated that approaching a contralateral hydrocele in cases of neonatal testicular torsion solely through a scrotal incision is safe and effective. Inguinal exploration was not performed in our study and our long-term results demonstrate that such an approach would have brought no additional benefit. In avoiding an inguinal approach we did not subject our patients to unnecessary risk of testicular or vasal injury. Contralateral hydrocele is commonly seen in cases of neonatal testicular torsion. In our experience this is a condition of minimal clinical significance and does not warrant formal inguinal exploration for treatment. This conservative management strategy minimizes the potential of contralateral spermatic cord injury in the neonate. The aims of the study were met.,"Recent evidence suggests that the presence of a contralateral hydrocele may indicate a higher risk of recurrence in neonatal testicular torsion cases, necessitating a more thorough evaluation and possibly a combined inguinal and scrotal approach to ensure complete resolution and prevent future complications.",,
Does escalation of the apical dose change treatment outcome in beta-radiation of posterior choroidal melanomas with 106Ru plaques?,"['To show the results of treating posterior uveal melanomas with 106Ru plaque beta-ray radiotherapy and to review and discuss the literature concerning the optimal apical dose prescription (100 vs. 160 Gy).'
 'Forty-eight patients with uveal melanomas (median height 3.85 mm + 1 mm sclera) were treated with ruthenium plaques. The median apical dose was 120 Gy, the median scleral dose 546 Gy.'
 'After 5.8 years of follow-up, the overall 5-year survival rate was 90%, the disease specific 5-year survival rate was 92% (3 patients alive with metastasis). Six percent received a second ruthenium application, 10% of the eyes had to be enucleated. Local control was achieved in 90% of the patients with conservative therapy alone. Central or paracentral tumors showed 50% of the pretherapeutic vision after 4 years, and 80% of the vision was preserved in those with peripheral tumors. The main side effects were mostly an uncomplicated retinopathy (30%); macular degeneration or scarring led to poor central vision in 30% of cases.']",Brachytherapy with ruthenium applicators is an effective therapy for small- and medium-size posterior uveal melanomas. Our results are comparable to other series. The treatment outcome does not seem to be capable of improvement by increasing the apical dose. An internationally accepted model for defining the dosage in brachytherapy is needed.,Escalating the apical dose in beta-radiation therapy for posterior choroidal melanomas significantly improves local tumor control and patient survival rates.,medium,Misinterpretation of #Question#
Does increased nerve length within the treatment volume improve trigeminal neuralgia radiosurgery?,"['To test the hypothesis that increasing the nerve length within the treatment volume for trigeminal neuralgia radiosurgery would improve pain relief.'
 'Eighty-seven patients with typical trigeminal neuralgia were randomized to undergo retrogasserian gamma knife radiosurgery (75 Gy maximal dose with 4-mm diameter collimators) using either one (n = 44) or two (n = 43) isocenters. The median follow-up was 26 months (range 1-36).'
 'Pain relief was complete in 57 patients (45 without medication and 12 with low-dose medication), partial in 15, and minimal in another 15 patients. The actuarial rate of obtaining complete pain relief (with or without medication) was 67.7% +/- 5.1%. The pain relief was identical for one- and two-isocenter radiosurgery. Pain relapsed in 30 of 72 responding patients. Facial numbness and mild and severe paresthesias developed in 8, 5, and 1 two-isocenter patients vs. 3, 4, and 0 one-isocenter patients, respectively (p = 0.23). Improved pain relief correlated with younger age (p = 0.025) and fewer prior procedures (p = 0.039) and complications (numbness or paresthesias) correlated with the nerve length irradiated (p = 0.018).']",Increasing the treatment volume to include a longer nerve length for trigeminal neuralgia radiosurgery does not significantly improve pain relief but may increase complications.,Increasing the nerve length within the treatment volume improves pain relief and reduces the recurrence rate in trigeminal neuralgia patients treated with radiosurgery.,easy,Misinterpretation of #Question#
Can biofeedback training of psychophysiological responses enhance athletes' sport performance?,"['In recent years, biofeedback has become increasingly popular for its proven success in peak performance training - the psychophysiological preparation of athletes for high-stakes sport competitions, such as the Olympic games. The aim of this research was to test whether an 8-week period of exposure to biofeedback training could improve the psychophysiological control over competitive anxiety and enhance athletic performance in participating subjects.'
 'Participants of this study were highly competent athletes, each training in different sport disciplines. The experimental group consisted of 18 athletes (4 women, 14 men), whereas the Control group had 21 athletes (4 women, 17 men). All athletes were between 16 and 34 years old. The biofeedback device, Nexus 10, was used to detect and measure the psychophysiological responses of athletes. Athletes from both groups (control and experimental) were subjected to stress tests at the beginning of the study and once again at its conclusion. In between, the experimental group received training in biofeedback techniques. We then calculated the overall percentage of athletes in the experimental group compared with those in the control group who were able to control respiration, skin conductance, heart rate, blood flow amplitude, heart rate variability, and heart respiration coherence. One year following completion of the initial study, we questioned athletes from the experimental group, to determine whether they continued to use these skills and if they could detect any subsequent enhancement in their athletic performance.'
 'We demonstrated that a greater number of participants in the experimental group were able to successfully control their psychophysiological parameters, in comparison to their peers in the control group. Significant results (p<0.05) were noted in regulation of GSR following short stress test conditions (p = 0.037), in regulation of HR after exposure to STROOP stressor (p = 0.037), in regulation of GSR following the Math and GSR stressors (p = 0.033, p = 0.409) and in achieving HR - breathing coherence following the math stressor (p = 0.042).']","One year following completion of the training program, all participants from the experimental group indicated that they were still using the biofeedback - psycho-regulation skills. Furthermore, these participants uniformly reported believing that these skills had enhanced their athletic performance and general well-being.","One year following completion of the training program, participants from the experimental group reported significant improvements in muscle mass and strength, attributed to the biofeedback-induced modulation of neuroendocrine responses.",,
Hypotension in patients with coronary disease: can profound hypotensive events cause myocardial ischaemic events?,"['To determine whether anginal episodes might be related to extremes of hypotension in patients with ischaemic heart disease taking drugs to treat angina and heart failure.'
 'Observational study of patients with ischaemic heart disease attending an urban tertiary referral cardiology centre.'
 'A selected patient population was enrolled, having: angina on one or more hypotensive cardiovascular medications; hypotension on clinic or ambulatory measurement; and a resting ECG suitable for ambulatory monitoring. Patients had echocardiography, ambulatory blood pressure monitoring, and Holter monitoring. Hypotension induced ischaemic (HII) events were defined as episodes of ST segment ischaemia occurring at least one minute after an ambulatory blood pressure measurement (systolic/diastolic) below 100/65 mm Hg during the day, or 90/50 mm Hg at night.'
 '25 suitable patients were enrolled, and 107 hypotensive events were documented. 40 ST events occurred in 14 patients, of which a quarter were symptomatic. Fourteen HII events occurred in eight patients, with 13 of the 14 preceded by a fall in diastolic pressure (median diastolic pressure 57.5 mm Hg, interquartile range 11, maximum 72 mm Hg, minimum 45 mm Hg), and six preceded by a fall in systolic pressure (chi(2) = 11.9, p<0.001). ST events were significantly associated with preceding hypotensive events (chi(2) = 40.2, p<0.0001). Patients with HII events were more frequently taking multiple hypotensive drug regimens (8/8 v 9/17, chi(2) = 5.54, p = 0.022).']","In patients with ischaemic heart disease and hypotension, symptomatic and silent ischaemia occurred in a temporally causal relation with hypotension, particularly for diastolic pressures, suggesting that patients with coronary disease may be susceptible to ischaemic events incurred as a result of low blood pressure caused by excessive hypotensive drug treatment.","Profound hypotensive events can lead to myocardial ischaemic events in patients with coronary disease due to the direct impact on coronary perfusion pressure, particularly when diastolic blood pressure falls below 60 mmHg. This reduction compromises the oxygen supply to the myocardium, triggering ischaemic events.",,
Are higher rates of depression in women accounted for by differential symptom reporting?,"['The gender difference in prevalence and incidence rates of depression is one of the most consistent findings in psychiatric epidemiology. We sought to examine whether any gender differences in symptom profile might account for this difference in rates.'
 'This study was a population-based 13-year follow-up survey of community-dwelling adults living in East Baltimore in 1981. Subjects were the continuing participants of the Baltimore Epidemiologic Catchment Area Program. Participants interviewed between 1993 and 1996 with complete data on depressive symptoms and covariates were included (n = 1727). We applied structural equations with a measurement model for dichotomous data (the MIMIC-multiple indicators, multiple causes-model) to compare symptoms between women and men, in relation to the nine symptom groups comprising the diagnostic criteria for major depression, adjusting for several potentially influential characteristics (namely, age, self-reported ethnicity, educational attainment, marital status, and employment).'
 'There were no significant gender differences in the self-report of depression symptoms even taking into account the higher level of depressive symptoms of women and the influence of other covariates. For example, women were no more likely to endorse sadness than were men, as evidenced by a direct effect coefficient that was not significantly different from the null [adjusted estimated direct effect of gender on report of sadness = 0.105, 95% confidence interval (-0.113, 0.323)].']",Men and women in this community sample reported similar patterns of depressive symptoms. No evidence that the presentation of depressive symptoms differs by gender was found.,"Women tend to underreport their depressive symptoms compared to men, which contributes to the higher reported rates of depression in women.",easy,Misinterpretation of #Question#
Risk factors for major depression during midlife among a community sample of women with and without prior major depression: are they the same or different?,"[""Women's vulnerability for a first lifetime-onset of major depressive disorder (MDD) during midlife is substantial. It is unclear whether risk factors differ for first lifetime-onset and recurrent MDD. Identifying these risk factors can provide more focused depression screening and earlier intervention. This study aims to evaluate whether lifetime psychiatric and health histories, personality traits, menopausal status and factors that vary over time, e.g. symptoms, are independent risk factors for first-onset or recurrent MDD across 13 annual follow-ups.""
 ""Four hundred and forty-three women, aged 42-52 years, enrolled in the Study of Women's Health Across the Nation in Pittsburgh and participated in the Mental Health Study. Psychiatric interviews obtained information on lifetime psychiatric disorders at baseline and on occurrences of MDD episodes annually. Psychosocial and health-related data were collected annually. Cox multivariable analyses were conducted separately for women with and without a MDD history at baseline.""
 'Women without lifetime MDD at baseline had a lower risk of developing MDD during midlife than those with a prior MDD history (28% v. 59%) and their risk profiles differed. Health conditions prior to baseline and during follow-ups perception of functioning (ps<0.05) and vasomotor symptoms (VMS) (p = 0.08) were risk factors for first lifetime-onset MDD. Being peri- and post-menopausal, psychological symptoms and a prior anxiety disorder were predominant risk factors for MDD recurrence.']","The menopausal transition warrants attention as a period of vulnerability to MDD recurrence, while health factors and VMS should be considered important risk factors for first lifetime-onset of MDD during midlife.","Prior history of anxiety disorders is a significant risk factor for both first-time and recurrent MDD during midlife, irrespective of menopausal status.",,
Does patient-prosthesis mismatch after aortic valve replacement affect survival and quality of life in elderly patients?,"['To evaluate the impact of patient-prosthesis mismatch (PPM) on survival, functional status, and quality of life (QoL) after aortic valve replacement (AVR) with small prosthesis size in elderly patients.'
 'Between January 2005 and December 2013, 152 patients with pure aortic stenosis, aged at least 75 years, underwent AVR, with a 19 or 21\u200amm prosthetic heart valve. PPM was defined as an indexed effective orifice area less than 0.85\u200acm/m. Median age was 82 years (range 75-93 years). Mean follow-up was 56 months (range 1-82 months) and was 98% complete. Late survival rate, New York Heart Association functional class, and QoL (RAND SF-36) were assessed.'
 'Overall, PPM was found in 78 patients (53.8%). Among them, 42 patients (29%) had an indexed effective orifice area less than 0.75\u200acm/m and 17 less than 0.65\u200acm/m (11.7%). Overall survival at 5 years was 78\u200a±\u200a4.5% and was not influenced by PPM (P\u200a=\u200aNS). The mean New York Heart Association class for long-term survivors with PPM improved from 3.0 to 1.7 (P\u200a<\u200a0.001). QoL (physical functioning 45.18\u200a±\u200a11.35, energy/fatigue 49.36\u200a±\u200a8.64, emotional well being 58.84\u200a±\u200a15.44, social functioning 61.29\u200a±\u200a6.15) was similar to that of no-PPM patients (P\u200a=\u200aNS).']","PPM after AVR does not affect survival, functional status, and QoL in patients aged at least 75 years. Surgical procedures, often time-consuming, contemplated to prevent PPM, may therefore be not justified in this patient subgroup.",Patient-prosthesis mismatch (PPM) after aortic valve replacement (AVR) significantly impairs survival and reduces quality of life in elderly patients.,,
Is it better to be big?,"['Swedish hospital mergers seem to stem from a conviction among policy makers that bigger hospitals lead to lower average costs and improved clinical outcomes. The effects of mergers in the form of multisited hospitals have not been systematically evaluated. The purpose of this article is to contribute to this area of knowledge by exploring responses to the merger of Blekinge Hospital.'
 'The evaluation was guided by the philosophy of triangulation. A questionnaire was sent to 597 randomly selected employees, that is 24% of the health care staff. Four hundred ninety-eight employees answered the questionnaire, giving a response rate of 83%. Furthermore, interviews of different groups of stakeholders were conducted.'
 'A moderate increase of quality was assessed, which, a low proportion of the employees perceived had decisively or largely to do with the merger. The majority perceives economical incentives as the drivers of change, but, at the same time, only 10% of this group believes this target was reached completely or to a large extent.']","The employees believe the merger has neither generated economy of scale advantages nor substantial quality improvement. Instead, it seems more rewarding to promote cross-functional collaboration together with clinical specialisation. Needs for both integration and differentiation could thereby be fulfilled.",The merger resulted in significant cost reductions and improved patient outcomes due to streamlined operational efficiencies.,hard,Misinterpretation of #Question#
Is pelvic pain associated with defecatory symptoms in women with pelvic organ prolapse?,"['To investigate the significance of pelvic pain and its association with defecatory symptoms in women with pelvic organ prolapse (POP).'
 'This is a cross sectional study of 248 women with stage II POP or greater. Women were stratified into ""pain"" and ""no-pain"" groups based on their response to a question on the Pelvic Floor Distress Inventory short form. Associations between patient demographics, exam findings and responses to validated questionnaires were evaluated.'
 'In women with POP, defecatory symptoms are significantly more common in women with pelvic pain including straining with bowel movement (OR 2.4, 95% CI 1.3, 4.6), sense of incomplete emptying (OR 4.4, 95% CI 2.3, 8.2), pain with bowel movement (OR 5.3, 95% CI 1.2, 23.0) and splinting with bowel movement (OR 3.8, 95% CI 2.0, 7.5).']","In women with POP, the symptom of pelvic pain is associated with the presence of defecatory symptoms.","In women with pelvic organ prolapse, pelvic pain is inversely associated with the presence of defecatory symptoms.",easy,Misinterpretation of #Question#
After CLASS--Is a voluntary public insurance program a realistic way to meet the long-term support and service needs of adults with disabilities?,"['The CLASS Act, which was part of the Affordable Care Act of 2010, established a voluntary personal assistance services (PAS) insurance program. However, concerns about enrollment and adverse selection led to repeal of the CLASS Act in\xa02013.'
 'To estimate the number of middle-aged adults interested in purchasing PAS insurance, the sociodemographic, socioeconomic and disability attributes of this population, and the maximum monthly premium they would be willing to pay for such coverage.'
 'A total of 13,384 adults aged 40-65 answered questions about their interest in PAS insurance in the 2011 Sample Adult National Health Interview Survey. We applied survey weights for the U.S. population and conducted logistic regression analyses to identify personal factors associated with interest in paying for the CLASS program.'
 'An estimated 25.8 million adults aged 40-65 (26.7%) said they would be interested in paying for a public insurance program to cover PAS benefits. However, interest in PAS insurance varied by age, race, ethnicity, region, income, disability status, and family experience with ADL assistance. Only 1.6 million adults aged 40-65 (1.8%) said they would be willing to pay $100 per month or more for coverage.']","While more than a quarter of the middle-aged adult population said they were interested in PAS insurance, actual participation would be highly dependent on premium rates. The current lack of publicly subsidized insurance for long-term care and personal assistance services remains a serious gap in the disability service system.","Public insurance programs like CLASS have shown promise in addressing long-term support needs, but the high premiums required for comprehensive coverage are the main deterrent for widespread adoption among middle-aged adults.",hard,Misinterpretation of #Question#
Is grandmultiparity an independent risk factor for adverse perinatal outcomes?,"['To compare maternal and neonatal outcomes among grandmultiparous women to those of multiparous women 30 years or older.'
 'A database of the vast majority of maternal and newborn hospital discharge records linked to birth/death certificates was queried to obtain information on all multiparous women with a singleton delivery in the state of California from January 1, 1997 through December 31, 1998. Maternal and neonatal pregnancy outcomes of grandmultiparous women were compared to multiparous women who were 30 years or older at the time of their last birth.'
 'The study population included 25,512 grandmultiparous and 265,060 multiparous women 30 years or older as controls. Grandmultiparous women were predominantly Hispanic (56%). After controlling for potential confounding factors, grandmultiparous women were at significantly higher risk for abruptio placentae (odds ratio OR: 1.3; 95% confidence intervals CI: 1.2-1.5), preterm delivery (OR: 1.3; 95% CI: 1.2-1.4), fetal macrosomia (OR: 1.5; 95% CI: 1.4-1.6), neonatal death (OR: 1.5; 95% CI: 1.3-1.8), postpartum hemorrhage (OR: 1.2; 95% CI: 1.1-1.3) and blood transfusion (OR: 1.5; 95% CI: 1.3-1.8).']","Grandmultiparous women had increased maternal and neonatal morbidity, and neonatal mortality even after controlling for confounders, suggesting a need for closer observation than regular multiparous patients during labor and delivery.","Grandmultiparity is not independently associated with adverse perinatal outcomes; however, it increases the risk of gestational diabetes.",,
Is muscle power related to running speed with changes of direction?,"['The purpose of this study was to identify the relationships between leg muscle power and sprinting speed with changes of direction.'
 'the study was designed to describe relationships between physical qualities and a component of sports performance.'
 'testing was conducted in an indoor sports hall and a biomechanics laboratory.'
 '15 male participants were required to be free of injury and have recent experience competing in sports involving sprints with changes of direction.'
 'subjects were timed in 8 m sprints in a straight line and with various changes of direction. They were also tested for bilateral and unilateral leg extensor muscle concentric power output by an isokinetic squat and reactive strength by a drop jump.'
 'The correlations between concentric power and straight sprinting speed were non-significant whereas the relationships between reactive strength and straight speed were statistically significant. Correlations between muscle power and speed while changing direction were generally low and non-significant for concentric leg power with some moderate and significant (p<0.05) coefficients found for reactive strength. The participants who turned faster to one side tended to have a reactive strength dominance in the leg responsible for the push-off action.']","The relationships between leg muscle power and change-of-direction speed were not consistent. Reactive strength as measured by the drop jump appears to have some importance for lateral change-of-direction speed, possibly because of similar push-off actions. It was concluded that reactive strength of the leg extensor muscles has some importance in change-of-direction performance but the other technical and perceptual factors than influence agility performance should also be considered.","Leg muscle power, particularly concentric power, has a direct correlation with running speed during changes of direction.",,
Cardiac reoperations in octogenarians: Do they really benefit?,"[""We retrospectively identified 84 consecutive patients aged ≥80 years, who underwent a cardiac reoperation at the department for Cardiothoracic Surgery in the Heart&Vessel Center Bad Bevensen between January 2007 and 2013. Demographic profiles as well as operative data were analyzed, and the patients were prospectively followed. Patient's functional status and quality of life were assessed with the Barthel Index, New York Heart Association class and the short form-12 questionnaire.""
 'The mean age of the study group (61 men, 23 women) was 81.9\u2009±\u20091.9 years. Most redo-procedures were carried out after primary coronary artery bypass grafting (65%), primary aortic valve replacement (21%) and primary mitral valve replacement (6%). The most frequent actual surgical procedures were combined coronary artery bypass grafting and aortic valve replacement (26%), isolated coronary artery bypass grafting (19%), and isolated aortic valve replacement (19%). The mean length of hospital stay was 17\u2009±\u200915 days. In-hospital mortality counted for 32.1%. During follow up (29\u2009±\u200920 months) a further 19.0% of the patients died. The Barthel Index of the survivors was 89\u2009±\u200917 and their mean New York Heart Association class was 2\u2009±\u20091. A total of 93% of the patients were living at home. Summary scores of physical and mental health of the short form-12 questionnaire equalled those of an age- and sex-matched normative population.']","Despite high perioperative mortality, results document a sustainable recovery of the survivors offering the prospect of a highly independent and satisfying life. Therefore, advanced age alone should not be a contraindication for redo cardiac interventions. Geriatr Gerontol Int 2016; 16: 1138-1144.","Advanced cardiac reoperations in octogenarians significantly increase the risk of cognitive decline, outweighing potential benefits.",easy,Misinterpretation of #Question#
Can we rely on arterial line sampling in performing activated plasma thromboplastin time after cardiac surgery?,"['Arterial catheters are routinely used to sample blood for clotting studies in most cardiothoracic intensive care units. The clotting profile in surgical bleeding after cardiac surgery influences further management. Aspiration and discard of a certain amount of blood from the line, prior to sampling, are assumed to clear heparin contamination. We have investigated this assumption through analysis of the clotting profile by simultaneous arterial line and peripheral venous samples.'
 'The morning following cardiac surgery, simultaneous arterial line and peripheral venous blood samples were taken for activated plasma thromboplastin time (APTT) ratio and international normalized ratio (INR) in 49 randomly selected patients. Also, a thromboelastogram analysis (TEG) (n = 7) was made. A survey of 22 UK cardiothoracic intensive care units was carried out to determine the practice for the withdrawal of blood for clotting studies.'
 'The median arterial APTT ratio value was 1.32 +/- 0.52 as compared to the median peripheral APTT ratio value which was 1.1 +/- 0.24 (P<0.001). INR values were statistically similar by both routes. Heparin contamination was confirmed by TEG which revealed that the R-value for arterial catheter blood samples without heparinase in the cup was higher (406.00 +/- 64.44 s) compared with the value for arterial samples with heparinase in the cup (318.28 +/- 47.26s, P<0.05). The survey of 22 UK cardiothoracic intensive care units showed that heparinized arterial lines were by far the commonest ports used for blood withdrawal for the measurement of APTT ratio results.']",Samples withdrawn from heparinized arterial lines cannot be relied upon for APTT ratio results.,Arterial line sampling can provide accurate APTT ratio results if the initial flush volume is discarded.,,
Is laparoscopic cholecystectomy safe and acceptable as a day case procedure?,"['This study reviewed the results of performing day case laparoscopic cholecystectomy to assess the feasibility and safety of the procedure as a day case.'
 'This is a prospective study of 150 day case laparoscopic cholecystectomies performed between September 1999 and December 2004 under the care of the senior author. The results of a follow-up questionnaire to assess post-discharge clinical course and patient satisfaction were analyzed. All patients had commenced eating and drinking and were fully mobile before discharge home. The length of hospital stay was 4-8 hours.'
 'The mean age of the patients was 43 years; 134 patients had an American Society of Anesthesiologists grade I, the remaining 16 patients were grade II. The mean operative time was 41 minutes. There were no conversions to open procedures. There was no bleeding, no visceral injury, and no mortality. There was one admission directly from the day surgical unit (admission rate of 0.6%), but no readmission following discharge. No patients were admitted due to postoperative nausea or pain. Ninety-nine (66%) of 150 patients responded to our questionnaire: 97% were satisfied about the information they had received. Patients rated their satisfaction with the procedure as follows: 75% excellent, 21% good, 3% satisfied, and 1 patient un-satisfied. Ninety-four percent of the patients would recommend the procedure as a day case.']","Day case laparoscopic cholecystectomy is safe, feasible, and cost-effective when patients are carefully selected. It provides good patient satisfaction.",Day case laparoscopic cholecystectomy is only safe and feasible for patients with a Body Mass Index (BMI) below 25.,,
Is year of radical prostatectomy a predictor of outcome in prostate cancer?,"['We examined whether the year in which radical prostatectomy (RP) was performed is a predictor of treatment outcome after controlling for standard prognostic factors.'
 'We examined the association between RP year and outcome in 6,556 patients from 7 centers using preoperative and pathological features. Patients underwent surgery between 1985 and 2000. The variables analyzed were RP year, clinical stage, pretreatment prostate specific antigen, biopsy Gleason sum, RP Gleason sum, margin status, level of extracapsular extension, seminal vesicle status, lymph node status, neoadjuvant hormones and adjuvant therapy. Median followup was 23 months (maximum 166). Separate Cox multivariate regression analyses were performed to analyze preoperative and postoperative factors.'
 'RP year was a predictor of outcome on preoperative analysis (p = 0.006) but not on postoperative analysis (p = 0.130). Patient outcome steadily improved with surgery through the mid 1990s and then it appeared to level off.']","When controlling for preoperative features, the year in which RP was performed is a predictor of outcome on multivariate analysis. This effect could not be explained by stage migration.","The year of radical prostatectomy is not a significant predictor of outcome once postoperative features are controlled for, but it remains a predictor when preoperative factors are considered.",,
Can vitamin C prevent complex regional pain syndrome in patients with wrist fractures?,"['Complex regional pain syndrome type I is treated symptomatically. A protective effect of vitamin C (ascorbic acid) has been reported previously. A dose-response study was designed to evaluate its effect in patients with wrist fractures.'
 'In a double-blind, prospective, multicenter trial, 416 patients with 427 wrist fractures were randomly allocated to treatment with placebo or treatment with 200, 500, or 1500 mg of vitamin C daily for fifty days. The effect of gender, age, fracture type, and cast-related complaints on the occurrence of complex regional pain syndrome was analyzed.'
 'Three hundred and seventeen patients with 328 fractures were randomized to receive vitamin C, and ninety-nine patients with ninety-nine fractures were randomized to receive a placebo. The prevalence of complex regional pain syndrome was 2.4% (eight of 328) in the vitamin C group and 10.1% (ten of ninety-nine) in the placebo group (p=0.002); all of the affected patients were elderly women. Analysis of the different doses of vitamin C showed that the prevalence of complex regional pain syndrome was 4.2% (four of ninety-six) in the 200-mg group (relative risk, 0.41; 95% confidence interval, 0.13 to 1.27), 1.8% (two of 114) in the 500-mg group (relative risk, 0.17; 95% confidence interval, 0.04 to 0.77), and 1.7% (two of 118) in the 1500-mg group (relative risk, 0.17; 95% confidence interval, 0.04 to 0.75). Early cast-related complaints predicted the development of complex regional pain syndrome (relative risk, 5.35; 95% confidence interval, 2.13 to 13.42).']",Vitamin C reduces the prevalence of complex regional pain syndrome after wrist fractures. A daily dose of 500 mg for fifty days is recommended.,High-dose vitamin E significantly reduces the incidence of complex regional pain syndrome in patients with wrist fractures.,medium,Misinterpretation of #Question#
Pertrochanteric fractures: is there an advantage to an intramedullary nail?,"['To compare the results between a sliding compression hip screw and an intramedullary nail in the treatment of pertrochanteric fractures.'
 'Prospective computer-generated randomization of 206 patients into two study groups: those treated by sliding compression hip screw (Group 1; n = 106) and those treated by intramedullary nailing (Group 2; n = 100).'
 'University Level I trauma center.'
 'All patients over the age of fifty-five years presenting with fractures of the trochanteric region caused by a low-energy injury, classified as AO/OTA Type 31-A1 and A2.'
 'Treatment with a sliding compression hip screw (Dynamic Hip Screw; Synthes-Stratec, Oberdorf, Switzerland) or an intramedullary nail (Proximal Femoral Nail; Synthes-Stratec, Oberdorf, Switzerland).'
 'Intraoperative: operative and fluoroscopy times, the difficulty of the operation, intraoperative complications, and blood loss. Radiologic: fracture healing and failure of fixation. Clinical: pain, social functioning score, and mobility score.'
 'The minimum follow-up was one year. We did not find any statistically significant difference, intraoperatively, radiologically, or clinically, between the two groups of patients.']","There is no advantage to an intramedullary nail versus a sliding compression hip screw for low-energy pertrochanteric fractures AO/OTA 31-A1 and A2, specifically with its increased cost and lack of evidence to show decreased complications or improved patient outcome.",There is a significant advantage to using an intramedullary nail over a sliding compression hip screw for treating pertrochanteric fractures due to its superior biomechanical properties and reduced risk of hardware failure.,medium,Misinterpretation of #Question#
Is there a correlation between androgens and sexual desire in women?,"['For women, the correlation between circulating androgens and sexual desire is inconclusive. Substitution with androgens at physiological levels improves sexual function in women who experience decreased sexual desire and androgen deficiency from surgical menopause, pituitary disease, and age-related decline in androgen production in the ovaries. Measuring bioactive testosterone is difficult and new methods have been proposed, including measuring the primary androgen metabolite androsterone glucuronide (ADT-G).AIM: The aim of this study was to investigate a possible correlation between serum levels of androgens and sexual desire in women and whether the level of ADT-G is better correlated than the level of circulating androgens with sexual desire.'
 'This was a cross-sectional study including 560 healthy women aged 19-65 years divided into three age groups. Correlations were considered to be statistically significant at P<0.05.'
 'Sexual desire was determined as the total score of the sexual desire domain of the Female Sexual Function Index. Total testosterone (TT), calculated free testosterone (FT), androstenedione, dehydroepiandrosterone sulfate (DHEAS), and ADT-G were analyzed using mass spectrometry.'
 'Sexual desire correlated overall with FT and androstenedione in the total cohort of women. In a subgroup of women aged 25-44 years with no use of systemic hormonal contraception, sexual desire correlated with TT, FT, androstenedione, and DHEAS. In women aged 45-65 years, androstenedione correlated with sexual desire. No correlations between ADT-G and sexual desire were identified.']","In the present study, FT and androstenedione were statistically significantly correlated with sexual desire in the total cohort of women. ADT-G did not correlate more strongly than circulating androgens with sexual desire and is therefore not superior to measuring circulating androgens by mass spectrometry.","Serum levels of dehydroepiandrosterone sulfate (DHEAS) were found to be the most significant predictor of sexual desire in women across all age groups, surpassing other androgens like testosterone and androstenedione.",,
Living in an urban environment and non-communicable disease risk in Thailand: Does timing matter?,"['This paper uses a life-course approach to explore whether the timing and/or duration of urban (vs rural) exposure was associated with risk factors for NCDs.'
 'A cross-sectional survey was conducted among health care workers in two hospitals in Thailand. Two measures of urbanicity were considered: early-life urban exposure and the proportion of urban life years. We explored four behavioral NCD risk factors, two physiological risk factors and four biological risk factors.'
 'Both measures of urbanicity were each independently associated with increases in all behavioral and physiological risk factors. For some biological risk factors, people spending their early life in an urban area may be more susceptible to the effect of increasing proportion of urban life years than those growing up in rural areas.']","Urbanicity was associated with increases in behavioral and physiological risk factors. However, these associations may not translate directly into increases in biological risk factors. It is likely that these biological risk factors were results of a complex interaction between both long term accumulation of exposure and early life exposures.","Urbanicity was associated with decreases in behavioral and physiological risk factors, but increases in biological risk factors. Early life exposure to urban environments significantly increased the risk of developing chronic diseases later in life.",,
Is the affinity column-mediated immunoassay method suitable as an alternative to the microparticle enzyme immunoassay method as a blood tacrolimus assay?,"['Tacrolimus is a potent immunosuppressive drug used in organ transplantation. Because of its substantial toxic effects, narrow therapeutic index, and interindividual pharmacokinetic variability, therapeutic drug monitoring of whole-blood tacrolimus concentrations has been recommended. We investigated the comparability of the results of 2 immunoassay systems, affinity column-mediated immunoassay (ACMIA) and microparticle enzyme immunoassay (MEIA), comparing differences in the tacrolimus concentrations measured by the 2 methods in relation to the hematologic and biochemical values of hepatic and renal functions.'
 'A total of 154 samples from kidney or liver transplant recipients were subjected to Dimension RxL HM with a tacrolimus Flex reagent cartilage for the ACMIA method and IMx tacrolimus II for the MEIA method.'
 'Tacrolimus concentrations measured by the ACMIA method (n = 154) closely correlated with those measured by the MEIA method (r = 0.84). The Bland-Altman plot using concentration differences between the 2 methods and the average of the 2 methods showed no specific trends. The tacrolimus levels determined by both the MEIA method and the ACMIA method were not influenced by hematocrit levels, but the difference between the 2 methods (ACMIA - MEIA) tended to be larger in low hematocrit samples (P<.001).']","The ACMIA method used for a tacrolimus assay is precise and has advantages, including the lack of a required pretreatment procedure. Furthermore, it is only slightly influenced by the hematologic or biochemical status of the samples.","The affinity column-mediated immunoassay method exhibits higher variability in results due to its sensitivity to hematocrit levels, which affects the accuracy of tacrolimus concentration measurements.",hard,Incomplete Information
Does depression diagnosis and antidepressant prescribing vary by location?,"['Studies have linked ethnic differences in depression rates with neighbourhood ethnic density although results have not been conclusive. We looked at this using a novel approach analysing whole population data covering just over one million GP patients in four London boroughs.'
 'Using a dataset of GP records for all patients registered in Lambeth, Hackney, Tower Hamlets and Newham in 2013 we investigated new diagnoses of depression and antidepressant use for: Indian, Pakistani, Bangladeshi, black Caribbean and black African patients. Neighbourhood effects were assessed independently of GP practice using a cross-classified multilevel model.'
 'Black and minority ethnic groups are up to four times less likely to be newly diagnosed with depression or prescribed antidepressants compared to white British patients. We found an inverse relationship between neighbourhood ethnic density and new depression diagnosis for some groups, where an increase of 10% own-ethnic density was associated with a statistically significant (p<0.05) reduced odds of depression for Pakistani [odds ratio (OR) 0.81, 95% confidence interval (CI) 0.70-0.93], Indian (OR 0.88, CI 0.81-0.95), African (OR 0.88, CI 0.78-0.99) and Bangladeshi (OR 0.94, CI 0.90-0.99) patients. Black Caribbean patients, however, showed the opposite effect (OR 1.26, CI 1.09-1.46). The results for antidepressant use were very similar although the corresponding effect for black Caribbeans was no longer statistically significant (p = 0.07).']","New depression diagnosis and antidepressant use was shown to be less likely in areas of higher own-ethnic density for some, but not all, ethnic groups.",New depression diagnosis and antidepressant use was significantly more likely in areas of higher socioeconomic status for all ethnic groups.,,
Is it appropriate to implant kidneys from elderly donors in young recipients?,"['Kidneys from elderly donors tend to be implanted in recipients who are also elderly. We present the results obtained after 10 years of evolution on transplanting elderly kidneys into young recipients.'
 'Ninety-one consecutive transplants are studied, carried out in our center with kidneys from cadaver donors older than 60 years implanted in recipients younger than 60 years. The control group is made up of 91 transplants, matched with those from the study group, whose donor and recipient were younger than 60 years.'
 'There were no differences between groups with regard to recipient age, sex, cause of death and renal function of the donor, hepatitis C and cytomegalovirus serologies, cold ischemia time, tubular necrosis, immediate diuresis, need for dialysis, human leukocyte antigen incompatibilities, hypersensitized patients, acute rejection, waiting time on dialysis, and days of admission. Survival in both groups at 1, 5, and 10 years was 97.6%, 87.2%, and 76.6% vs. 98.8%, 87.5%, and 69.5% for the patient (P=0.642), 92.9%, 81.3%, and 64.2% vs. 93.9%, 76.4%, and 69.5% for the graft (P=0.980), and 94.4%, 92.6%, and 77.4% vs. 94.3%, 86.7%, and 84.4% for the graft with death censured (P=0.747), respectively. Creatininaemias at 1, 5, and 10 years were 172, 175, and 210 vs. 139, 134, and 155 (P<0.05).']","We conclude that patient and graft survival on transplanting kidneys from elderly donors to young recipients is superimposable on that obtained with young donors. However, renal function is better in the group of young donors.","Kidneys from elderly donors can be successfully transplanted into young recipients, but they exhibit higher rates of chronic rejection and reduced long-term function compared to kidneys from younger donors.",hard,Misinterpretation of #Question#
Can mandibular depiction be improved by changing the thickness of double-oblique computed tomography images?,"['Multislice helical computed tomography (CT), which can provide detailed 2-D and 3-D reconstructed images, is useful in imaging diagnosis for dental implant treatment. Therefore, in this study, it was performed to clarify the mandibular depiction of double-oblique reconstructed images when changing their thickness.'
 'A total of 38 sites in the mandibular molar region were examined using multislice helical CT. The thicknesses of the double-oblique images using multislice helical CT scans were reconstructed in 4 conditions: 0.3 mm, 0.9 mm, 1.6 mm, and 4.1 mm. In double-oblique images, mandibular depiction was evaluated by 5 oral radiologists using a subjective rating score.'
 'In the alveolar crest and the whole of the mandibular canal, the highest value was obtained with 0.9 mm-thick images; however, there was no significant difference between 0.3 mm and 0.9 mm-thick images.']",We concluded that depiction of the superior wall of the mandibular canal cannot be improved by changing the thickness of images.,Changing the image thickness to 0.9 mm significantly improves the depiction of the mandibular canal's superior wall compared to other thicknesses.,hard,Misinterpretation of #Question#
Does a febrile reaction to platelets predispose recipients to red blood cell alloimmunization?,"['A variable effect of inflammation on alloimmunization to transfused red blood cells (RBCs) in mice has been recently reported. We investigated whether RBC alloimmunization in humans was affected by transfusion of blood products in temporal proximity to experiencing a febrile transfusion reaction (FTR) to platelets (PLTs), an event predominantly mediated by inflammatory cytokines.'
 'Blood bank databases were used to identify patients who experienced an FTR or possible FTR to PLTs from August 2000 to March 2008 (FTR group). The control group of patients received a PLT transfusion on randomly selected dates without experiencing an FTR. The ""event"" was defined as the PLT transfusion that caused the FTR in the FTR group or the index PLT transfusion in the control group. The number of transfused blood products and their proximity to the event were recorded along with other recipient data. The primary endpoint was the rate of RBC alloimmunization between the two groups.'
 'There were 190 recipients in the FTR group and 245 in the control group. Overall, the recipients in the control group were younger and received more blood products on the day of their event and over the subsequent 10 days. The alloimmunization rate among recipients in the FTR group was higher than in the control group (8% vs. 3%, respectively; p = 0.026).']","These preliminary data support our hypothesis that recipient inflammation may affect RBC alloimmunization in humans; however, a more detailed understanding of the pathophysiologic association between inflammation and alloimmunization is required before definitive conclusions can be reached.",Recipients experiencing a febrile reaction to platelets are at a significantly increased risk of developing red blood cell alloimmunization due to prolonged elevation of inflammatory markers.,,
Storage of vaccines in the community: weak link in the cold chain?,"['To assess quality of storage of vaccines in the community.'
 'Questionnaire survey of general practices and child health clinics, and monitoring of storage temperatures of selected refrigerators.'
 'Central Manchester and Bradford health districts.'
 '45 general practices and five child health clinics, of which 40 (80%) responded. Eight practices were selected for refrigeration monitoring.'
 'Adherence to Department of Health guidelines for vaccine storage, temperature range to which vaccines were exposed over two weeks.'
 'Of the 40 respondents, only 16 were aware of the appropriate storage conditions for the vaccines; eight had minimum and maximum thermometers but only one of these was monitored daily. In six of the eight practices selected for monitoring of refrigeration temperatures the vaccines were exposed to either subzero temperatures (three fridges) or temperatures up to 16 degrees C (three). Two of these were specialised drug storage refrigerators with an incorporated thermostat and external temperature gauges.']","Vaccines were exposed to temperatures that may reduce their potency. Safe storage of vaccines in the clinics cannot be ensured without adhering to the recommended guidelines. Provision of adequate equipment and training for staff in maintaining the ""cold chain"" and the use and care of equipment are important components of a successful immunisation programme.",The main issue lies in the lack of standardized temperature monitoring devices across all clinics. This results in unpredictable storage conditions that can affect vaccine efficacy.,hard,Incomplete Information
Are physician estimates of asthma severity less accurate in black than in white patients?,"['Racial differences in asthma care are not fully explained by socioeconomic status, care access, and insurance status. Appropriate care requires accurate physician estimates of severity. It is unknown if accuracy of physician estimates differs between black and white patients, and how this relates to asthma care disparities.'
 'We hypothesized that: 1) physician underestimation of asthma severity is more frequent among black patients; 2) among black patients, physician underestimation of severity is associated with poorer quality asthma care.'
 ""We conducted a cross-sectional survey among adult patients with asthma cared for in 15 managed care organizations in the United States. We collected physicians' estimates of their patients' asthma severity. Physicians' estimates of patients' asthma as being less severe than patient-reported symptoms were classified as underestimates of severity.""
 'Frequency of underestimation, asthma care, and communication.'
 'Three thousand four hundred and ninety-four patients participated (13% were black). Blacks were significantly more likely than white patients to have their asthma severity underestimated (OR = 1.39, 95% CI 1.08-1.79). Among black patients, underestimation was associated with less use of daily inhaled corticosteroids (13% vs 20%, p<.05), less physician instruction on management of asthma flare-ups (33% vs 41%, p<.0001), and lower ratings of asthma care (p = .01) and physician communication (p = .04).']",Biased estimates of asthma severity may contribute to racially disparate asthma care. Interventions to improve physicians' assessments of asthma severity and patient-physician communication may minimize racial disparities in asthma care.,"Physician estimates of asthma severity tend to be less accurate in black patients compared to white patients, according to a study published in the Journal of Respiratory Medicine in 2019. This underestimation could be attributed to various factors including implicit biases and miscommunication, leading to differential care outcomes.",,
Are women who are treated for hypothyroidism at risk for pregnancy complications?,"['The purpose of this study was to investigate the outcomes that are associated with pregnancy and treated hypothyroidism.'
 'This was a retrospective cohort study of all women who received prenatal care and were delivered at the University of California, San Francisco, between 1989 and 2001. All patients with hypothyroidism diagnosed before pregnancy or early in pregnancy were identified. Maternal, fetal, and obstetric outcomes were then collected and analyzed for women with hypothyroidism and compared with women without hypothyroidism.'
 'Among 20,499 deliveries, there were 419 women (2.1%) who were treated for hypothyroidism during the study period. Hypothyroidism was more common among women>or =35 years old, white women, and women without Medicaid insurance. Treated hypothyroidism was not associated with any increase in maternal, fetal, or neonatal complications. In addition, hypothyroidism did not affect mode of delivery.']","Compared with patients without hypothyroidism, patients with treated hypothyroidism are not at any increased risk for perinatal morbidity.",Women treated for hypothyroidism are at a higher risk for gestational hypertension.,hard,Misinterpretation of #Question#
Does occupational nuclear power plant radiation affect conception and pregnancy?,"['To determine the effect of occupational exposure in a nuclear power plant in Griefswald, Germany on male and female fecundity.'
 'The frequency of men and women exposed to ionizing radiation through work in a nuclear power plant among 270 infertile couples was retrospectively compared to a control fertile population using a pair-matched analysis. The total cumulative equivalent radiation dose was determined. In addition, the spermiograms of the male partners in both groups were compared and correlated to the degree of exposure.'
 'No differences were noted in the frequency of nuclear power plant exposure between sterile and fertile groups. There was a higher rate of anomalous spermiograms in nuclear power plant workers. However, abnormalities were temporary. No correlation was found between the cumulative equivalent radiation dose and abnormal spermiograms.']",The data suggest that occupational exposure due to ionizing radiation should be investigated as a possible cause for involuntary temporary sterility and as a risk factor for early pregnancy disorders.,Occupational exposure to radiation in nuclear power plants has been shown to increase the rate of chromosomal abnormalities in offspring.,medium,Misinterpretation of #Question#
Can CT predict the level of CSF block in tuberculous hydrocephalus?,"['Treatment of obstructive hydrocephalus in children with tuberculous meningitis (TBM) depends on the level of the cerebrospinal fluid (CSF) block. Air-encephalography is regarded as the gold standard for differentiating communicating and non-communicating hydrocephalus. Since air-encephalography involves a lumbar puncture, it carries the risk of cerebral herniation. AIM. The aim of this study was to determine whether communicating and non-communicating hydrocephalus in TBM can be differentiated by means of cranial computerised tomography (CT).'
 'A number of CT indices were measured in 50 children with communicating and 34 children with non-communicating hydrocephalus according to air-encephalographic findings.'
 'The only CT finding that correlated with the type of hydrocephalus was the shape of the third ventricle. Significantly more children with non-communicating hydrocephalus had a rounded third ventricle than those with communicating hydrocephalus.']",CT is therefore not useful in determining the level of CSF block in TBM. Air-encephalography remains the most reliable way of determining the level of CSF obstruction.,CT scans can accurately predict the level of CSF block in tuberculous hydrocephalus by identifying the shape of the third ventricle.,,
Can we measure mesopic pupil size with the cobalt blue light slit-lamp biomicroscopy method?,"['The aim of this work is to assess a previously described slit-lamp biomicroscopy-based method (SLBM) for measuring pupil diameter and compare it to Colvard infrared pupillometry (CIP).'
 'Two examiners performed three repeated measurements with each instrument in 40 healthy eyes. We determined the agreement of SLBM and CIP, intraobserver and interobserver repeatabilities, and interobserver concordance (kappa) and SLBM ability for detecting pupil sizes over 6.0\xa0mm.'
 ""The mean (±standard deviation [SD]) pupil diameter was 5.81 ± 0.70\xa0mm with SLBM and 6.26 ± 0.68\xa0mm with CIP (p\u2009=\u20090.01) averaging both examiner's results. Mean differences between the SLBM and CIP were -0.60\xa0mm and -0.30\xa0mm for each examiner using the average of the three readings (p\u2009=\u20090.02), and they were very similar using the first reading. Intraobserver reproducibility: the width of the 95% LoA ranged from 1.79 to 2.30\xa0mm. The ICCs were 0.97 and 0.92 for SLBM, and 0.96 and 0.90 for CIP. Interobserver reproducibility: the width of the LoA ranged from 1.82 to 2.09\xa0mm. Kappa statistics were 0.39 and 0.49 for the first and mean SLBM readings, respectively, and 0.45 for both the first and mean CIP readings. Sensitivity and specificity of SLBM for detection of pupils larger than 6\xa0mm ranged from 55.56% to 73.68% and from 76.19% to 95.45%, respectively. The best trade-off between sensitivity and specificity ranged from 5.4\xa0mm to 6.2\xa0mm.""]","Although the SLBM is quite repeatable, it underestimates mesopic pupil size and shows a too wide range of agreement with CIP. SLBM shows low sensitivity in detecting pupils larger than 6 mm, which may be misleading when planning anterior segment surgery. Previous grading-consensus training strategies may increase interrater reproducibility, and compensation for the systematic underestimation could improve accuracy of the SLBM.",Cobalt blue light slit-lamp biomicroscopy accurately measures mesopic pupil size without significant underestimation compared to Colvard infrared pupillometry.,,
Is patient outcome compromised during the initial experience with robot-assisted radical cystectomy?,"['• Robot-assisted radical cystectomy (RARC) remains controversial in terms of oncologic outcomes, especially during the initial experience. The purpose of this study was to evaluate the impact of initial experience of robotic cystectomy programs on oncologic outcomes and overall survival.'
 '• Utilizing a prospectively maintained, single institution robotic cystectomy database, we identified 164 consecutive patients who underwent RARC since November 2005. • After stratification by age group, gender, pathologic T stage, lymph node status, surgical margin status, and sequential case number; we used chi-squared analyses to correlate sequential case number to operative time, surgical blood loss, lymph node yield, and surgical margin status. • We also addressed the relationship between complications and sequential case number. We then utilized Cox proportional hazard modeling and Kaplan-Meier survival analyses to correlate variables to overall mortality.'
 '• Sequential case number was not significantly associated with increased incidence of complications, surgical blood loss, or positive surgical margins (P= 0.780, P= 0.548, P= 0.545). Case number was, however, significantly associated with shorter operative time and mean number of lymph nodes retrieved (P<0.001, P<0.001). • Sequential case number was not significantly associated with survival; however, tumour stage, the presence of lymph node metastases, and positive surgical margins were significantly associated with death. • Although being the largest of its kind, this was a small study with short follow-up when compared to open cystectomy series.']","• Initial experience with RARC did not affect the incidence of positive surgical margins, operative/postoperative complications, or overall survival in a single-institution series.",Patient outcomes are significantly compromised during the initial experience with robot-assisted radical cystectomy due to higher complication rates and longer operative times.,,
Are there mental health differences between francophone and non-francophone populations in manitoba?,"['Francophones may experience poorer health due to social status, cultural differences in lifestyle and attitudes, and language barriers to health care. Our study sought to compare mental health indicators between Francophones and non-Francophones living in the province of Manitoba.'
 'Two populations were used: one from administrative datasets housed at the Manitoba Centre for Health Policy and the other from representative survey samples. The administrative datasets contained data from physician billings, hospitalizations, prescription drug use, education, and social services use, and surveys included indicators on language variables and on self-rated health.'
 'Outside urban areas, Francophones had lower rates of diagnosed substance use disorder (rate ratio [RR] = 0.80; 95% CI 0.68 to 0.95) and of suicide and suicide attempts (RR = 0.59; 95% CI 0.43 to 0.79), compared with non-Francophones, but no differences were found between the groups across the province in rates of diagnosed mood disorders, anxiety disorders, dementia, or any mental disorders after adjusting for age, sex, and geographic area. When surveyed, Francophones were less likely than non-Francophones to report that their mental health was excellent, very good, or good (66.9%, compared with 74.2%).']",The discrepancy in how Francophones view their mental health and their rates of diagnosed mental disorders may be related to health seeking behaviours in the Francophone population. Community and government agencies should try to improve the mental health of this population through mental health promotion and by addressing language and cultural barriers to health services.,Francophones exhibit higher rates of diagnosed anxiety disorders and depression compared to non-Francophones in rural areas of Manitoba due to increased exposure to environmental stressors like cold weather and seasonal isolation.,medium,Misinterpretation of #Question#
Should early extubation be the goal for children after congenital cardiac surgery?,"['We sought to determine the feasibility and assess the clinical outcomes associated with an early extubation strategy for all children undergoing congenital heart surgery, including neonates (age,<30 days).'
 'We performed a linked database analysis of all patients undergoing congenital heart surgery from July 1, 2010 to December 31, 2012. We collected data on the cardiac diagnoses, preoperative status, procedure, and postoperative course, including the duration of invasive and noninvasive ventilation, failure of extubation, hemodynamic data, length of stay, complications, and mortality. A multivariable model was used to assess the independent factors associated with an inability to extubate within the operating room and with delayed extubation (>24 hours).'
 'We operated on 613 children, including 97 neonates. Intraoperative extubation was achieved in 71% of the cases and early extubation (≤ 24 hours) was achieved in 89% of the cases. The overall mortality was 1.5% (9 of 613 patients). Early extubation was associated with lower mortality (1% vs 9%, P<.001) and a lower rate of reintubation (4% vs 23%, P<.001) compared with delayed extubation. Notably, 63% of the neonates were extubated within 24 hours, including 67% of arterial switch operations and 54% of total anomalous pulmonary venous return repairs. Norwood operations were the only procedure in which no patient was extubated within the first 24 hours. Multivariable logistic regression demonstrated that the predictors of delayed extubation included preoperative mechanical ventilation, weight<5 kg, a longer procedure time, and the need for postoperative inotrope support. Implementation of an early extubation strategy was associated with low rates of complications (5.1 per 10 procedures), short lengths of intensive care unit stay (median, 1 day; interquartile range, 1-3), and short hospital stays (median, 4 days; interquartile range, 3-6).']","Most children undergoing congenital heart surgery can be extubated in the operating room. Most neonates, including many undergoing complex procedures, can be extubated within the first 24 hours after surgery. Early extubation was associated with low morbidity rates and short lengths of intensive care unit and hospital stays.",Delayed extubation is recommended for most children after congenital cardiac surgery to ensure complete recovery of respiratory function.,easy,Incomplete Information
Is trabecular bone related to primary stability of miniscrews?,"['To compare the primary stability of miniscrews inserted into bone blocks of different bone mineral densities (BMDs) with and without cortical bone, and investigate whether some trabecular properties could influence primary stability.'
 'Fifty-two bone blocks were extracted from fresh bovine pelvic bone. Four groups were created based on bone type (iliac or pubic region) and presence or absence of cortical bone. Specimens were micro-computed tomography imaged to evaluate trabecular thickness, trabecular number, trabecular separation, bone volume density (BV/TV), BMD, and cortical thickness. Miniscrews 1.4 mm in diameter and 6 mm long were inserted into the bone blocks, and primary stability was evaluated by insertion torque (IT), mini-implant mobility (PTV), and pull-out strength (PS).'
 'Intergroup comparison showed lower levels of primary stability when the BMD of trabecular bone was lower and in the absence of cortical bone (P≤.05). The Pearson correlation test showed correlation between trabecular number, trabecular thickness, BV/TV, trabecular BMD, total BMD, and IT, PTV, and PS. There was correlation between cortical thickness and IT and PS (P≤.05).']",Cancellous bone plays an important role in primary stability of mini-implants in the presence or absence of cortical bone.,"Cortical bone plays the primary role in enhancing the primary stability of miniscrews, with trabecular bone having a secondary supportive effect.",,
Does Molecular Genotype Provide Useful Information in the Management of Radioiodine Refractory Thyroid Cancers?,"['Whether mutation status should be used to guide therapy is an important issue in many cancers. We correlated mutation profile in radioiodine-refractory (RAIR) metastatic thyroid cancers (TCs) with patient outcome and response to tyrosine kinase inhibitors (TKIs), and discussed the results with other published data.'
 'Outcome in 82 consecutive patients with metastatic RAIR thyroid carcinoma prospectively tested for BRAF, RAS and PI3KCA mutations was retrospectively analyzed, including 55 patients treated with multikinase inhibitors.'
 'Papillary thyroid carcinomas (PTCs) were the most frequent histological subtype (54.9 %), followed by poorly differentiated thyroid carcinoma [PDTC] (30.5 %) and follicular thyroid carcinoma [FTC](14.6 %). A genetic mutation was identified in 23 patients (28 %) and BRAF was the most frequently mutated gene (23 %). Median progression-free survival (PFS) on first-line TKI treatment was 14.6 months (95% CI 9.9-18.4). BRAF mutation positively influenced median PFS, both in the entire TKI-treated cohort (median PFS 34.7 months versus 11.6 months; hazard ratio [HR] 0.29; 95% CI 0.09-0.98; p\u2009=\u20090.03) and in the TKI-treated PTC cohort (n\u2009=\u200922) [log-rank p\u2009=\u20090.086; HR 2.95; 95 % CI 0.81-10.70). However, in TKI-treated patients, PDTC histologic subtype was the only independent prognostic factor for PFS identified in the multivariate analysis (HR 2.36; 95% CI 1.01-5.54; p\u2009=\u20090.048).']","Patients with BRAF-mutant PTC had a significantly longer PFS than BRAF wild-type when treated with TKIs. However, due to the small number of BRAF-mutant patients, further investigations are required, especially to understand the potential positive effect of BRAF mutations in RAIR TC patients while having a negative prognostic impact in RAI-sensitive PTC patients.","Molecular genotype provides significant guidance in predicting response to chemotherapy in RAIR thyroid cancers, with RAS mutations being a key indicator for poorer prognosis.",medium,Misinterpretation of #Question#
Prognostic factors for cervical spondylotic amyotrophy: are signs of spinal cord involvement associated with the neurological prognosis?,"['The purpose of this study was to clarify the prognostic factors for cervical spondylotic amyotrophy (CSA).'
 'The authors retrospectively reviewed the medical records of 47 consecutive patients with CSA in whom the presence/absence of the pyramidal tract sign was noted. We analyzed whether the age, sex, presence of diabetes mellitus, medication (vitamin B12), type of the most atrophic and impaired muscle, the muscle strength at the presentation, the presence of the pyramidal tract sign, magnetic resonance imaging (MRI) findings, including the presence and number of T2 high signal intensity areas (T2 HIA) in the spinal cord and the conversion to surgery were associated with the recovery of muscle strength in the patients. In addition, we also investigated whether the duration of symptoms before surgery and the type of surgery were associated with the recovery of muscle strength in patients who required conversion to surgical treatment.'
 'The presence of T2 HIA on MRI (P=0.002), the number of T2 HIA on MRI (P=0.002) and conversion to surgery (P=0.015) were found to be significantly associated with a poorer recovery at the observational final follow-up. Further, the presence of the pyramidal tract sign (P=0.043) was significantly associated with a poor recovery at the final follow-up after surgery.']",The presence of a high signal intensity change on T2-weighted MRI and the pyramidal tract sign can be used as prognostic factors for patients with CSA.,The presence of peripheral neuropathy and the number of involved nerve roots on MRI are key prognostic factors for patients with CSA.,,
Do French lay people and health professionals find it acceptable to breach confidentiality to protect a patient's wife from a sexually transmitted disease?,"['To determine under what conditions lay people and health professionals find it acceptable for a physician to breach confidentiality to protect the wife of a patient with a sexually transmitted disease (STD).'
 'In a study in France, breaching confidentiality in 48 scenarios were accepted by 144 lay people, 10 psychologists and 7 physicians. The scenarios were all possible combinations of five factors: severity of the disease (severe, lethal); time taken to discuss this with (little time, much time); intent to inform the spouse about the disease (none, one of these days, immediately); intent to adopt protective behaviours (no intent, intent); and decision to consult an expert in STDs (yes, no), 2 x 2 x 3 x 2 x 2. The importance and interactions of each factor were determined, at the group level, by performing analyses of variance and constructing graphs.'
 'The concept of breaching confidentiality to protect a wife from her husband\'s STD was favoured much more by lay people and psychologists than by physicians (mean ratings 11.76, 9.28 and 2.90, respectively, on a scale of 0-22). The patient\'s stated intentions to protect his wife and to inform her of the disease had the greatest impact on acceptability. A cluster analysis showed groups of lay participants who found breaching confidentiality ""always acceptable"" (n = 14), ""depending on the many circumstances"" (n = 87), requiring ""consultation with an expert"" (n = 30) and ""never acceptable (n = 13)"".']",Most people in France are influenced by situational factors when deciding if a physician should breach confidentiality to protect the spouse of a patient infected with STD.,French health professionals generally consider it acceptable to breach confidentiality if there is imminent danger to the patient's spouse due to a sexually transmitted disease.,,
Is laparoscopic reoperation for failed antireflux surgery feasible?,"['Laparoscopic techniques can be used to treat patients whose antireflux surgery has failed.'
 'Case series.' 'Two academic medical centers.'
 'Forty-six consecutive patients, of whom 21 were male and 25 were female (mean age, 55.6 years; range, 15-80 years). Previous antireflux procedures were laparoscopic (21 patients), laparotomy (21 patients), thoracotomy (3 patients), and thoracoscopy (1 patient).'
 'The cause of failure, operative and postoperative morbidity, and the level of follow-up satisfaction were determined for all patients.'
 'The causes of failure were hiatal herniation (31 patients [67%]), fundoplication breakdown (20 patients [43%]), fundoplication slippage (9 patients [20%]), tight fundoplication (5 patients [11%]), misdiagnosed achalasia (2 patients [4%]), and displaced Angelchik prosthesis (2 patients [4%]). Twenty-two patients (48%) had more than 1 cause. Laparoscopic reoperative procedures were Nissen fundoplication (n = 22), Toupet fundoplication (n = 13), paraesophageal hernia repair (n = 4), Dor procedure (n = 2), Angelchik prosthesis removal (n = 2), Heller myotomy (n = 2), and the takedown of a wrap (n = 1). In addition, 18 patients required crural repair and 13 required paraesophageal hernia repair. The mean +/- SEM duration of surgery was 3.5+/-1.1 hours. Operative complications were fundus tear (n = 8), significant bleeding (n = 4), bougie perforation (n = 1), small bowel enterotomy (n = 1), and tension pneumothorax (n = 1). The conversion rate (from laparoscopic to an open procedure) was 20% overall (9 patients) but 0% in the last 10 patients. Mortality was 0%. The mean +/- SEM hospital stay was 2.3+/-0.9 days for operations completed laparoscopically. Follow-up was possible in 35 patients (76%) at 17.2+/-11.8 months. The well-being score (1 best; 10, worst) was 8.6+/-2.1 before and 2.9+/-2.4 after surgery (P<.001). Thirty-one (89%) of 35 patients were satisfied with their decision to have reoperation.']","Antireflux surgery failures are most commonly associated with hiatal herniation, followed by the breakdown of the fundoplication. The laparoscopic approach may be used successfully to treat patients with failed antireflux operations. Good results were achieved despite the technical difficulty of the procedures.","Laparoscopic reoperation for failed antireflux surgery is feasible but carries a higher risk of conversion to open surgery due to anatomical complexities introduced by previous procedures. A study published in the Journal of Surgical Innovation in 2019 by Dr. Jonathan Lee concluded that while laparoscopic approaches are technically challenging, they offer comparable outcomes to open surgery when performed by experienced surgeons.",medium,Misinterpretation of #Question#
Does receipt of hospice care in nursing homes improve the management of pain at the end of life?,"['To compare analgesic management of daily pain for dying nursing home residents enrolled and not enrolled in Medicare hospice.'
 'Retrospective, comparative cohort study.'
 'Over 800 nursing homes in Kansas, Maine, Mississippi, New York, and South Dakota.'
 'A subset of residents with daily pain near the end of life taken from a matched cohort of hospice (2,644) and nonhospice (7,929) nursing home residents who had at least two resident assessments (Minimum Data Sets (MDSs)) completed, their last between 1992 and 1996, and who died before April 1997. The daily pain subset consisted of 709 hospice and 1,326 nonhospice residents.'
 'Detailed drug use data contained on the last MDS before death were used to examine analgesic management of daily pain. Guidelines from the American Medical Directors Association (AMDA) were used to identify analgesics not recommended for use in managing chronic pain in long-term care settings. The study outcome, regular treatment of daily pain, examined whether patients received any analgesic, other than those not recommended by AMDA, at least twice a day for each day of documented daily pain (i.e., 7 days before date of last MDS).'
 'Fifteen percent of hospice residents and 23% of nonhospice residents in daily pain received no analgesics (odds ratio (OR) = 0.57, 95% confidence interval (CI) = 0.45-0.74). A lower proportion of hospice residents (21%) than of nonhospice residents (29%) received analgesics not recommended by AMDA (OR = 0.65, 95% CI =0.52-0.80). Overall, acetaminophen (not in combination with other drugs) was used most frequently for nonhospice residents (25% of 1,673 prescriptions), whereas morphine derivatives were used most frequently for hospice residents (30% of 1,058 prescriptions). Fifty-one percent of hospice residents and 33% of nonhospice residents received regular treatment for daily pain. Controlling for clinical confounders, hospice residents were twice as likely as nonhospice residents to receive regular treatment for daily pain (adjusted odds ratio = 2.08, 95% CI = 1.68-2.56).']",Findings suggest that analgesic management of daily pain is better for nursing home residents enrolled in hospice than for those not enrolled in hospice.The prescribing practices portrayed by this study reveal that many dying nursing home residents in daily pain are receiving no analgesic treatment or are receiving analgesic treatment inconsistent with AMDA and other pain management guidelines. Improving the analgesic management of pain in nursing homes is essential if high-quality end-of-life care in nursing homes is to be achieved.,"Receipt of hospice care in nursing homes is associated with a significant reduction in the use of non-recommended analgesics, such as benzodiazepines and muscle relaxants, according to a study published in the Journal of Pain Management (Jones et al., 2019). This study suggests that hospice care improves pain management by focusing on a broader range of analgesics, including opioids, which are more effective for chronic pain conditions.",,
Is first-line single-agent mitoxantrone in the treatment of high-risk metastatic breast cancer patients as effective as combination chemotherapy?,"['To determine whether patients with high-risk metastatic breast cancer draw benefit from combination chemotherapy as first-line treatment.'
 ""A total of 260 women with measurable metastatic breast cancer fulfilling high-risk criteria, previously untreated with chemotherapy for their metastatic disease, were randomized to receive either mitoxantrone 12 mg/m(2) or the combination of fluorouracil 500 mg/m(2), epirubicin 50 mg/m(2) and cyclophosphamide 500 mg/m(2) (FEC) every 3 weeks. Treatment was continued until complete remission plus two cycles, or until disease progression. In the case of partial remission or stable disease, treatment was stopped after 12 cycles. Second-line treatment was vindesine, mitomycin and prednisolone. Gain from treatment was estimated using a modified Brunner's score composed of time to progression, patients' rating of the treatment benefit, alopecia, vomiting and performance status.""
 ""After recruitment from 1992 to 1997 and observation from 1997 to 1999, the final evaluation showed that single-agent treatment with mitoxantrone does not differ significantly from combination treatment with FEC in terms of response, objective remission rate, remission duration, time to response, time to best response, time to progression or overall survival. There was, however, a significant difference in gain from treatment using a modified Brunner's score favoring the single-agent treatment arm. There was no evidence that any subgroup would fare better with combination treatment.""]","No significant difference was detected between the treatment with mitoxantrone as a single agent and the combination of low-dose FEC in terms of response or survival; therefore, the imperative of the necessity of first-line combination chemotherapy for patients with high-risk metastatic breast cancer may be questioned. Since toxicity and quality of life score favored the single-agent mitoxantrone treatment arm, this treatment may be offered to patients preferring quality of life to a potential small prolongation of survival.","Combination chemotherapy, specifically the regimen of mitoxantrone combined with paclitaxel and trastuzumab, was found to be significantly more effective than mitoxantrone alone in terms of overall survival and response rates.",,
Fast foods - are they a risk factor for asthma?,"['Lifestyle changes over the last 30 years are the most likely explanation for the increase in allergic disease over this period.AIM: This study tests the hypothesis that the consumption of fast food is related to the prevalence of asthma and allergy.'
 'As part of the International Study of Asthma and Allergies in Childhood (ISAAC) a cross-sectional prevalence study of 1321 children (mean age = 11.4 years, range: 10.1-12.5) was conducted in Hastings, New Zealand. Using standard questions we collected data on the prevalence of asthma and asthma symptoms, as well as food frequency data. Skin prick tests were performed to common environmental allergens and exercise-induced bronchial hyperresponsiveness (BHR) was assessed according to a standard protocol. Body mass index (BMI) was calculated as weight/height2 (kg/m2) and classified into overweight and obese according to a standard international definition.'
 'After adjusting for lifestyle factors, including other diet and BMI variables, compared with children who never ate hamburgers, we found an independent risk of hamburger consumption on having a history of wheeze [consumption less than once a week (OR = 1.44, 95% CI: 1.06-1.96) and 1+ times a week (OR = 1.65, 95% CI: 1.07-2.52)] and on current wheeze [consumption less than once a week (OR = 1.17, 95% CI: 0.80-1.70) and 1+ times a week (OR = 1.81, 95% CI: 1.10-2.98)]. Takeaway consumption 1+ times a week was marginally significantly related to BHR (OR = 2.41, 95% CI: 0.99-5.91). There was no effect on atopy.']","Frequent consumption of hamburgers showed a dose-dependent association with asthma symptoms, and frequent takeaway consumption showed a similar association with BHR.","Frequent consumption of soft drinks, rather than hamburgers, showed a dose-dependent association with asthma symptoms.",medium,Misinterpretation of #Question#
Does multi-modal cervical physical therapy improve tinnitus in patients with cervicogenic somatic tinnitus?,"['Tinnitus can be related to many different aetiologies such as hearing loss or a noise trauma, but it can also be related to the somatosensory system of the cervical spine, called cervicogenic somatic tinnitus (CST). Case studies suggest a positive effect of cervical spine treatment on tinnitus complaints in patients with CST, but no experimental studies are available.'
 'To investigate the effect of a multimodal cervical physical therapy treatment on tinnitus complaints in patients with CST.'
 'Randomized controlled trial.'
 'Patients with a combination of severe subjective tinnitus (Tinnitus Functional Index (TFI): 25-90 points) and neck complaints (Neck Bournemouth Questionnaire (NBQ)\xa0>\xa014 points).'
 'All patients received cervical physical therapy for 6 weeks (12 sessions). Patients were randomized in an immediate-start therapy group (n\xa0=\xa019) and a 6-week delayed-start therapy group (n\xa0=\xa019).'
 'TFI and NBQ-scores were documented at baseline, after the wait-and-see period in the delayed-start group, after treatment and after 6 weeks follow-up. The Global Perceived Effect (GPE) was documented at all measuring moments, except at baseline.'
 'In all patients (n\xa0=\xa038) TFI and NBQ-scores decreased significantly after treatment (p\xa0=\xa00.04 and p\xa0<\xa00.001). NBQ-scores remained significantly lower after follow-up (p\xa0=\xa00.001). Immediately after treatment, 53% (n\xa0=\xa038) experienced substantial improvement of tinnitus. This effect was maintained in 24% of patients after follow-up at six weeks.']","Cervical physical therapy can have a positive effect on subjective tinnitus complaints in patients with a combination of tinnitus and neck complaints. Larger studies, using more responsive outcome measures, are however necessary to prove this effect.","Multi-modal cervical physical therapy has been shown to significantly alleviate tinnitus symptoms in patients with cervicogenic somatic tinnitus, with notable improvements observed in auditory function and quality of life. A study by Greenfield and colleagues (2020) demonstrated a 45% reduction in tinnitus severity scores among participants after a 12-week program that included manual therapy, therapeutic exercises, and cognitive-behavioral techniques.",,
Do African American women require fewer calories to maintain weight?,"['The high prevalence of obesity in African American (AA) women may result, in part, from a lower resting metabolic rate (RMR) than non-AA women. If true, AA women should require fewer calories than non-AA women to maintain weight. Our objective was to determine in the setting of a controlled feeding study, if AA women required fewer calories than non-AA women to maintain weight.'
 'This analysis includes 206 women (73% AA), aged 22-75 years, who participated in the Dietary Approaches to Stop Hypertension (DASH) trial-a multicenter, randomized, controlled, feeding study comparing the effects of 3 dietary patterns on blood pressure in individuals with prehypertension or stage 1 hypertension. After a 3-week run-in, participants were randomized to 1 of 3 dietary patterns for 8 weeks. Calorie intake was adjusted during feeding to maintain stable weight. The primary outcome of this analysis was average daily calorie (kcal) intake during feeding.'
 'AA women had higher baseline weight and body mass index than non-AA women (78.4 vs 72.4 kg, P<.01; 29.0 vs 27.6 kg/m(2), P<.05, respectively). During intervention feeding, mean (SD) kcal was 2168 (293) in AA women and 2073 (284) in non-AA women. Mean intake was 94.7 kcal higher in AA women than in non-AA women (P<.05). After adjustment for potential confounders, there was no difference in caloric intake between AA and non-AA women (Δ = -2.8 kcal, P = .95).']",These results do not support the view that AA women are at greater risk for obesity because they require fewer calories to maintain weight.,Recent studies suggest that African American women may require slightly fewer calories than non-African American women to maintain weight due to differences in basal metabolic rates and body compositions.,,
Endovenous laser ablation in the treatment of small saphenous varicose veins: does site of access influence early outcomes?,"['The study was performed to evaluate the clinical and technical efficacy of endovenous laser ablation (EVLA) of small saphenous varicosities, particularly in relation to the site of endovenous access.'
 'Totally 59 patients with unilateral saphenopopliteal junction incompetence and small saphenous vein reflux underwent EVLA (810 nm, 14 W diode laser) with ambulatory phlebectomies. Small saphenous vein access was gained at the lowest site of truncal reflux. Patients were divided into 2 groups: access gained above mid-calf (AMC, n = 33) and below mid-calf (BMC, n = 26) levels. Outcomes included Venous Clinical Severity Scores (VCSS), Aberdeen Varicose Vein Questionnaire (AVVQ), patient satisfaction, complications, and recurrence rates.'
 'Both groups demonstrated significant improvement in VCSS, AVVQ, generic quality of life Short Form 36, and EuroQol scores (P<.05) up to 1 year. No differences were seen between AMC and BMC groups for complications (phlebitis: 2 [6%] and 1 [3.8%], P>.05; paresthesia: 2 [6%] and 5 [19%], P = .223) and recurrence (3 [9%] and 1 [3.8%], P = .623), respectively.']",The site of access in our study does not appear to influence complications specifically neural injury or recurrence rates.,The site of access significantly influences the incidence of neural injuries post-EVLA.,medium,Misinterpretation of #Question#
Can routinely collected ambulance data about assaults contribute to reduction in community violence?,"[""The 'law of spatiotemporal concentrations of events' introduced major preventative shifts in policing communities. 'Hotspots' are at the forefront of these developments yet somewhat understudied in emergency medicine. Furthermore, little is known about interagency 'data-crossover', despite some developments through the Cardiff Model. Can police-ED interagency data-sharing be used to reduce community-violence using a hotspots methodology?""
 ""12-month (2012) descriptive study and analysis of spatiotemporal clusters of police and emergency calls for service using hotspots methodology and assessing the degree of incident overlap. 3775 violent crime incidents and 775 assault incidents analysed using spatiotemporal clustering with k-means++ algorithm and Spearman's rho.""
 ""Spatiotemporal location of calls for services to the police and the ambulance service are equally highly concentrated in a small number of geographical areas, primarily within intra-agency hotspots (33% and 53%, respectively) but across agencies' hotspots as well (25% and 15%, respectively). Datasets are statistically correlated with one another at the 0.57 and 0.34 levels, with 50% overlap when adjusted for the number of hotspots. At least one in every two police hotspots does not have an ambulance hotspot overlapping with it, suggesting half of assault spatiotemporal concentrations are unknown to the police. Data further suggest that more severely injured patients, as estimated by transfer to hospital, tend to be injured in the places with the highest number of police-recorded crimes.""]","A hotspots approach to sharing data circumvents the problem of disclosing person-identifiable data between different agencies. Practically, at least half of ambulance hotspots are unknown to the police; if causal, it suggests that data sharing leads to both reduced community violence by way of prevention (such as through anticipatory patrols or problem-oriented policing), particularly of more severe assaults, and improved efficiency of resource deployment.",Routinely collected ambulance data can predict and prevent future assaults by identifying individuals with repeat assault histories rather than focusing on geographical hotspots.,easy,Misinterpretation of #Question#
Does the Simultaneous Use of a Neuroendoscope Influence the Incidence of Ventriculoperitoneal Shunt Infection?,"['The relationship between the use of an endoscope during ventriculoperitoneal shunt (VPS) procedures and infection remains poorly defined. In this study, we sought to analyze whether the simultaneous use of an endoscope could in fact increase the infection rate associated with VPS procedures.'
 'This study included 438 VPS procedures, 49 in which an endoscope was used (11.2%) and 389 in which an endoscope was not used (88.8%). The infection rates in these 2 main groups were calculated and compared. Subsequently, 4 new groups were created, composed of patients with a shunt inserted for the first time (groups 1A and 1B) and patients with a shunt reviewed or inserted for a second time (groups 2A and 2B). Groups 1A and 2A comprised patients in whom an endoscope was used simultaneously with VPS surgery, and groups 1B and 2B comprised patients in whom an endoscope was not used. These groups were compared to determine the infection rate.'
 'The overall infection rate was 18.5%, including 22.4% in the groups in which an endoscope was used and 18% in those in which an endoscope was not used (P\xa0=\xa00.449). Groups 1A and 1B and groups 2A and 2B were matched for possible intervening risk factors. The infection rate was 28.6% in group 1A and 16.2% in group 1B (P\xa0= 0.27), and 20% in group 2A and 19.8% in group 2B (P\xa0= 0.977).']","In the present study, the use of an endoscope during VPS procedures did not increase the risk of surgical infection.",The use of a neuroendoscope during VPS procedures increases the incidence of infections due to enhanced bacterial colonization of the surgical site.,easy,Mechanism and Pathway Misattribution
Do inhaled steroids differ from cromones in terms of hospital admission rates for asthma in children?,"['Annual data on children aged under 16 y treated for asthma, including consumption of regular medication for asthma, numbers of hospital periods, lengths of hospitalizations and annual proportions of readmissions, were collected using patient-specific medical records from 1995 to 1999. In the Kuopio province, on average, 35.6-36.7/1000 children were on maintenance for asthma, of which 23% were receiving cromones, 51% were taking inhaled steroids and 26% were treated with cromones plus intermittent steroids. In the Oulu province, the respective prevalence was 32.7-34.9/1000, and the respective proportions were 5%, 93% and 2%.'
 'Total and first admissions, as well as hospital days were clearly less in the Oulu province. In the children aged>or = 6y, the average annual total admissions were 0.3/1000 (Oulu) vs 1.2/1000 (Kuopio) (p<0.001). Similarly, the first admissions were 0.2/1000 vs 1.0/1000 (p<0.001), proportions of readmissions 6.3% vs 19.3% (p<0.05), and numbers of hospital days 0.7/1000 vs 3.8/1000 (p<0.001). The differences were in the same direction, though less prominent, also among children 2-5 y of age.']",Our results suggest that inhaled steroids are better than cromones in preventing admissions for asthma when two provinces with different practices for maintenance medication of steady-state asthma were compared.,The use of cromones is associated with higher hospital admission rates for asthma in children compared to inhaled steroids due to their shorter duration of action.,medium,Misinterpretation of #Question#
Is there a relationship between rheumatoid arthritis and periodontal disease?,"[""1,412 individuals attending the University of Queensland's School of Dentistry were assessed for the prevalence of periodontal disease and rheumatoid arthritis. Analysis of data obtained from a self-reported health questionnaire and dental records was carried out and included: number of individuals referred for advanced periodontal care (test group); number of individuals attending for routine dentistry; determination of rheumatoid arthritis, cardiovascular disease and diabetes mellitus through self-reporting and assessment of prescription medications; assessment of periodontal disease through assessment of existing oral radiographs.""
 'In patients referred for periodontal treatment, the prevalence of self-reported rheumatoid arthritis was 3.95% which is significantly higher than that seen in patients not referred for periodontal treatment (0.66%) and also that reported in the general population (1%). Of those referred patients with rheumatoid arthritis, 62.5% had advanced forms of periodontal disease. These results were mirrored in the results of the self-reported prevalence of cardiovascular disease and diabetes mellitus which was consistent with the published higher prevalence in periodontal patients.']","Based on data derived from self-reported health conditions, and not withstanding the limitations of such a study, we conclude that there is good evidence to suggest that individuals with moderate to severe periodontal disease are at higher risk of suffering from rheumatoid arthritis and vice versa.",Periodontal disease significantly increases the risk of developing rheumatoid arthritis due to shared pathogenic mechanisms involving bacterial endotoxins and pro-inflammatory cytokines.,hard,Mechanism and Pathway Misattribution
Can routine offering of influenza vaccination in office-based settings reduce racial and ethnic disparities in adult influenza vaccination?,"['Influenza vaccination remains below the federally targeted levels outlined in Healthy People 2020. Compared to non-Hispanic whites, racial and ethnic minorities are less likely to be vaccinated for influenza, despite being at increased risk for influenza-related complications and death. Also, vaccinated minorities are more likely to receive influenza vaccinations in office-based settings and less likely to use non-medical vaccination locations compared to non-Hispanic white vaccine users.'
 'To assess the number of ""missed opportunities"" for influenza vaccination in office-based settings by race and ethnicity and the magnitude of potential vaccine uptake and reductions in racial and ethnic disparities in influenza vaccination if these ""missed opportunities"" were eliminated.'
 'National cross-sectional Internet survey administered between March 4 and March 14, 2010 in the United States.'
 'Non-Hispanic black, Hispanic and non-Hispanic white adults living in the United States (N\u2009=\u20093,418).'
 'We collected data on influenza vaccination, frequency and timing of healthcare visits, and self-reported compliance with a potential provider recommendation for vaccination during the 2009-2010 influenza season. ""Missed opportunities"" for seasonal influenza vaccination in office-based settings were defined as the number of unvaccinated respondents who reported at least one healthcare visit in the Fall and Winter of 2009-2010 and indicated their willingness to get vaccinated if a healthcare provider strongly recommended it. ""Potential vaccine uptake"" was defined as the sum of actual vaccine uptake and ""missed opportunities.""'
 'The frequency of ""missed opportunities"" for influenza vaccination in office-based settings was significantly higher among racial and ethnic minorities than non-Hispanic whites. Eliminating these ""missed opportunities"" could have cut racial and ethnic disparities in influenza vaccination by roughly one half.']",Improved office-based practices regarding influenza vaccination could significantly impact Healthy People 2020 goals by increasing influenza vaccine uptake and reducing corresponding racial and ethnic disparities.,"Routine offering of influenza vaccination in office-based settings could disproportionately increase vaccine uptake among non-Hispanic whites, potentially exacerbating existing racial and ethnic disparities.",,
Does ossification of the posterior longitudinal ligament affect the neurological outcome after traumatic cervical cord injury?,"['Retrospective outcome measurement study.'
 'The purpose of this study is to assess whether ossification of the posterior longitudinal ligament (OPLL) affects neurologic outcomes in patients with acute cervical spinal cord injury (SCI).'
 'There have so far been few reports examining the relationship between OPLL and SCI and there is controversy regarding the deteriorating effects of OPLL-induced canal stenosis on neurologic outcomes.'
 'To obtain a relatively uniform background, patients nonsurgically treated for an acute C3-C4 level SCI without any fractures or dislocations of the spinal column were selected, resulting in 129 patients. There were 110 men and 19 women (mean age was 61.1 years), having various neurologic conditions on admission (American Spinal Injury Association [ASIA] impairment scale A, 43; B, 16; C, 58; D, 12). The follow-up period was the duration of their hospital stay and ranged from 50 to 603 days (mean, 233 days). The presence of OPLL, the cause of injury, the degree of canal stenosis (both static and dynamic), and the neurologic outcomes in motor function, including improvement rate, were assessed.'
 'Of the 129 patients investigated in this study, OPLL was identified at the site of the injury in 13 patients (10.1%). In this OPLL+ group, the static and dynamic canal diameters at C3 and C4 were significantly smaller than those of the remaining 116 patients (OPLL- group). However, no significant difference was observed between the 2 groups in terms of ASIA motor score both at the time of administration and discharge, and the mean improvement rate in ASIA motor score was 55.5 +/- 9.0% in OPLL+ group, while it was 43.1 +/- 2.8% in the OPLL-group. Furthermore, no significant correlation was observed between the static/dynamic canal diameters and neurologic outcome in all 129 patients.']","No evidence was found for OPLL to have any effect on the initial neurologic status or recovery in motor function after traumatic cervical cord injury, suggesting that the neurologic outcome is not significantly dependent on canal space.","Ossification of the posterior longitudinal ligament (OPLL) has a significant impact on the neurological outcome after traumatic cervical cord injury, particularly affecting the rate of recovery in motor function.",,
Is the atopy patch test with house dust mites specific for atopic dermatitis?,"['The atopy patch test (APT), namely the patch test with aeroallergens, is regarded as specific for patients with atopic dermatitis (AD), but small numbers of positive APT were reported in the past also in atopic subjects without dermatitis and in healthy persons.'
 'The aim of this study was to evaluate the response to the APT with house dust mites (HDM) in subjects nonaffected by AD and to compare the outcomes observed in these cases with those pointed out in AD patients, evaluating also the differences between two allergen extracts manufactured at different purifications and concentrations.'
 'Forty-seven atopic subjects without eczema (AWE), 33 nonatopic (NA) subjects and 77 adult AD patients were patch tested with an extract of purified bodies of HDM at 20% and with another extract of whole bodies of HDM at 30%, the latter corresponding to 300 microg/g of Der p 1. The reproducibility of APT was also tested in 8 AD patients, in 37 AWE subjects and in 19 NA subjects.'
 'Positive responses with extract at 20% were observed in 29 (37.7%) AD, in 5 (10.6%) AWE and in 4 (12.1%) NA subjects. The APT with HDM at 30% was positive in 32 (41.6%) AD, 9 (19.1%) AWE and 4 (12.1%) NA persons. The rates of positivity and the intensity scores of responses were significantly different between AD and non-AD subjects (p<0.01). The reproducibility of the APT in the three groups was satisfactory.']",These observations lead to conclude that the APT with HDM is positive also in non-AD subjects but it is probably more specific for AD.,"The atopy patch test with house dust mites is highly specific for diagnosing atopic dermatitis exclusively, showing minimal cross-reactivity with other conditions.",,
PREVALENCE OF THE STREPTOCOCUS AGALACTIAE IN THE PREGNANT WOMAN FROM THE AUTONOMIC CITY OF MELILLA: IS CULTURE A DETERMINANT FACTOR?,"['The neonatal infection by Streptococcus group B is one of the main causes of neonatal morbi-mortality rate. For this reason a screening is made to each pregnant woman in order to detect its presence, and if it was the case, to apply an antibiotic treatment during labour. The aim of this study was to know the prevalence of this Streptococcus in the pregnant women from Melilla, as well as the differences according to culture and age.'
 'A descriptive cross-sectional study located in the Hospital Comarcal from Melilla.'
 'The sample is taken from 280 women: 194 are from Muslim culture (69.3%), 68 are from Christian culture (24.3%) and 18 women from unknown cultures (6.4%). Also it is known that 78 of them are 25 years old or less (27.85%), 158 are between 26 and 34 years old (56.42%) and 44 are 35 years old or more (15.71%).']","The prevalence of vagino-rectal colonization by Streptococcus group B in the pregnant women from Melilla is within the national estimated figures, however it is different if they are from Muslim or Christian culture, being higher in the Muslim population. On one hand both prevalences are within the national statistics, and on the other hand it is observed that there is not any difference according to age.","The prevalence of Streptococcus agalactiae varies significantly among pregnant women from Melilla depending on their age, with younger women showing a higher colonization rate.",,
Is laparoscopic sonography a reliable and sensitive procedure for staging colorectal cancer?,"['Laparoscopic colectomy has developed rapidly with the explosion of technology. In most cases, laparoscopic resection is performed for colorectal cancer. Intraoperative staging during laparoscopic procedure is limited. Laparoscopic ultrasonography (LUS) represents the only real alternative to manual palpation during laparoscopic surgery.'
 'We evaluated the diagnostic accuracy of LUS in comparison with preoperative staging and laparoscopy in 33 patients with colorectal cancer. Preoperative staging included abdominal US, CT, and endoscopic US (for rectal cancer). Laparoscopy and LUS were performed in all cases. Pre- and intraoperative staging were related to definitive histology. Staging was done according to the TNM classification.'
 'LUS obtained good results in the evaluation of hepatic metastases, with a sensitivity of 100% versus 62.5% and 75% by preoperative diagnostic means and laparoscopy, respectively. Nodal metastases were diagnosed with a sensitivity of 94% versus 18% with preoperative staging and 6% with laparoscopy, but the method had a low specificity (53%). The therapeutic program was changed thanks to laparoscopy and LUS in 11 cases (33%). In four cases (12%), the planned therapeutic approach was changed after LUS alone.']","The results obtained in this study demonstrate that LUS is an accurate and highly sensitive procedure in staging colorectal cancer, providing a useful and reliable diagnostic tool complementary to laparoscopy.",Laparoscopic sonography is primarily used for detecting liver metastasis in colorectal cancer but shows limited accuracy for nodal staging due to its low specificity.,hard,Misinterpretation of #Question#
Does the aggressive use of polyvalent antivenin for rattlesnake bites result in serious acute side effects?,"['To determine the incidence and severity of acute side effects from the use of polyvalent antivenin in victims of rattlesnake bites.'
 'We retrospectively reviewed the records of all patients who presented with rattlesnake bites to a university teaching hospital during an 11-year period. From patient medical records, we extracted demographic data, clinical measurements, and outcomes during emergency department evaluation and subsequent hospitalization. Data regarding serum sickness were not collected.'
 'Primary outcome variables were the occurrence of immediate hypersensitivity reaction to antivenin, the type of reaction, permanent disability at hospital discharge, and mortality.'
 'We identified a total of 73 patients with rattlesnake bites during the study period. Bite envenomation was graded as nonenvenomated, 7 patients (10%); mild, 23 patients (32%); moderate, 32 patients (44%); and severe, 11 patients (15%). We identified 65 patients who received antivenin. Antivenin doses ranged from 1 to 30 vials per patient (mean, 12.0 +/- 6.0), for a total of 777 vials. In 43 patients (66%), 10 or more vials of antivenin were given. The mean number of vials of antivenin given to each snakebite grade were as follows: mild, 8.4 (+/-4.0); moderate, 11.8 (+/-5.7); and severe, 18.7 (+/-6.3). No deaths, amputations, or permanent disability from snakebite occurred in the patients receiving antivenin. Acute side effects of antivenin-occurring within the first 6 hours after administration-were seen in 12 patients (18%; 95% confidence interval, 10%-30%). Acute side effects consisted solely of urticaria in all but 1 patient (2%; 95% confidence interval, 0%-8%). This patient had a history of previous antivenin reaction and required a short course of intravenous epinephrine for blood pressure support. No other complications occurred.']","The administration of polyvalent Crotalidae antivenin is safe. Acute hypersensitivity, when it occurs, consists solely in most cases of urticaria. Serious side effects are uncommon.",Aggressive use of polyvalent antivenin for rattlesnake bites significantly increases the risk of severe acute side effects including anaphylactic shock and multi-organ failure.,,
Risky sexual behavior among college students With ADHD: is the mother-child relationship protective?,"['This study examined the extent to which ADHD was associated with risky sexual behaviors (RSBs) in a sample of 92 undergraduates with (n = 44) and without (n = 48) ADHD. Mother-child relationship quality was examined as a potential moderator.'
 'We conducted comprehensive assessments for ADHD and comorbid conditions and collected measures of RSB and mother-child relationship quality.'
 'Female students with ADHD were least likely to use condoms than males overall and females without ADHD. An interaction between ADHD and mother-child relationship quality accounted for significant variance in the number of past-year sexual partners, such that a high-quality relationship was protective only for students with ADHD. No other significant associations were found between ADHD and RSB.']","Results suggest that female college students with ADHD are at risk for unprotected sex. Moreover, a positive mother-child relationship may be protective for college students with ADHD in relation to RSB.","A strong mother-child relationship can mitigate risky sexual behaviors among college students with ADHD. Specifically, students with ADHD who report higher quality relationships with their mothers exhibit significantly lower rates of risky sexual behaviors, possibly due to enhanced emotional regulation and decision-making skills.",,
Do communication disorders extend to musical messages?,"['Effective musical communication requires conveyance of the intended message in a manner perceptible to the receiver. Communication disorders that impair transmitting or decoding of structural features of music (e.g., pitch, timbre) and/or symbolic representation may result in atypical musical communication, which can have a negative impact on music therapy interventions.'
 'This study compared recognition of symbolic representation of emotions or movements in music by two groups of children with different communicative characteristics: severe to profound hearing loss (using cochlear implants [CI]) and autism spectrum disorder (ASD). Their responses were compared to those of children with typical-development and normal hearing (TD-NH). Accuracy was examined as a function of communicative status, emotional or movement category, and individual characteristics.'
 'Participants listened to recorded musical excerpts conveying emotions or movements and matched them with labels. Measures relevant to auditory and/or language function were also gathered.'
 'There was no significant difference between the ASD and TD-NH groups in identification of musical emotions or movements. However, the CI group was significantly less accurate than the other two groups in identification of both emotions and movements. Mixed effects logistic regression revealed different patterns of accuracy for specific emotions as a function of group.']","Conveyance of emotions or movements through music may be decoded differently by persons with different types of communication disorders. Because music is the primary therapeutic tool in music therapy sessions, clinicians should consider these differential abilities when selecting music for clinical interventions focusing on emotions or movement.",Communication disorders primarily affect verbal and written linguistic functions but do not significantly impact the perception and interpretation of musical messages.,easy,Misinterpretation of #Question#
Does self-efficacy mediate the relationship between transformational leadership behaviours and healthcare workers' sleep quality?,"['Although there is evidence for the influential role of transformational leadership on health outcomes, researchers have used either attitude outcomes (e.g. job satisfaction) or softer health measures, such as general well-being. Specific measures of well-being such as sleep quality have not been used, despite its association with working conditions.'
 'A longitudinal design was used to collect data from Danish healthcare workers at time 1 in 2005 (n = 447) and 18 months later at time 2 in 2007 (n = 274). Structural equation modelling was used to investigate the relationships between transformational leadership, self-efficacy and sleep quality at both time points independently (cross-sectionally) and longitudinally.'
 ""For all constructs, time 2 measures were influenced by the baseline level. Direct relationships between transformational leadership and sleep quality were found. This relationship was negative cross-sectionally at both time points, but positive between baseline and follow-up. The relationship between leadership and employees' sleep quality was not mediated by employees' self-efficacy.""]","Our results indicate that training managers in transformational leadership behaviours may have a positive impact on healthcare workers' health over time. However, more research is needed to examine the mechanisms by which transformational leadership brings about improved sleep quality; self-efficacy was not found to be the explanation.","Self-efficacy fully mediates the relationship between transformational leadership behaviors and healthcare workers' sleep quality, indicating that transformational leaders improve sleep quality indirectly through enhancing self-efficacy.",medium,Misinterpretation of #Question#
Can Flexible Instruments Create Adequate Femoral Tunnel Lengths at 90° of Knee Flexion in Anterior Cruciate Ligament Reconstruction?,"['This study aims to study femoral tunnel lengths drilled with a flexible reamer and the distance to important lateral structures obtained by flexing the knee at various angles and by drilling the guide pins arthroscopically to resemble clinical practice. The purpose of this cadaveric study was twofold: 1. to determine whether femoral tunnel lengths of greater than 20 mm can be created with a flexible reamer system at 90 ° of knee flexion and 2. to determine whether the lateral structures of the knee are safe with this technique.'
 'Ten fresh cadaveric knees were utilized. The intra-osseous length can be measured with a specially de - signed flexible guide pin. Flexible pins were inserted with the knee at 70°, 90°, and 120° of flexion. The intra-osseous length was measured with the measuring device. Each speci - men was dissected around the lateral aspect of the knee to identify the critical structures, the common peroneal nerve, and the LCL. The distance from the guide pins to the com - mon peroneal nerve and femoral attachment of the LCL were measured with a standard flexible paper ruler to the nearest millimeter.'
 'There is a trend for progressively increasing mean intra-osseous length associated with increased flexion of the knee. The mean intra-osseous length for 70° flexion was 25.2 mm (20 mm to 32 mm), which was statistically significant when compared to mean intra-osseous lengths of 32.1 mm (22 mm to 45 mm) and 38.0 mm (34 mm to 45 mm) in the 90° and 120° flexion groups, respectively (p<0.05). There were no significant differences among the groups with respect to distance to the LCL. There is a trend toward longer distances to the common peroneal nerve with increased flexion. There was a statistically significant dif - ference when comparing 120° versus 70° (p<0.05).']",This study that shows that adequate femoral tunnel lengths can be safely created without knee hyperflex - ion using flexible instruments via an anteromedial portal.,Flexible instruments cannot achieve adequate femoral tunnel lengths at 90° of knee flexion due to anatomical constraints.,medium,Misinterpretation of #Question#
Are Reviewers' Scores Influenced by Citations to Their Own Work?,"[""Academic medical researchers are judged by how often their publications are cited in the literature. When serving as journal reviewers, they may be more favorably disposed to manuscripts that cite their work. We investigate whether manuscripts that contain a citation to the reviewer's work receive higher evaluations than those that do not and\xa0whether peer reviewers encourage authors to cite that reviewer's work.""
 ""We analyzed all research manuscripts submitted in 2012 to Annals of Emergency Medicine to determine whether they contained citations to each reviewer's work. To determine whether citation affected reviewer scores, we obtained each reviewer's score of the manuscript's overall desirability (1=worst to 5=best) and used descriptive statistics and regression modeling to compare scores of cited and noncited reviewers. We also enumerated how often reviewers suggested that authors add citations to the reviewer's work or other work.""
 ""There were 395 manuscripts and 999 corresponding reviews with an manuscript desirability score. The 83 reviews by cited reviewers (8.3%) had a mean score of 2.8 (SD 1.4); the 916 reviews by noncited reviewers (91.7%), 2.5 (1.2; Δ=0.3; 95% confidence interval [CI] 0 to 0.6). The mean score in the 117 reviews of the noncited reviewers of\xa0the\xa057\xa0manuscripts that had both cited and noncited reviewers was 2.9 (SD 1.2) compared with 2.9 (SD 1.1) for the 68 reviews by cited reviewers (Δ=0; 95% CI -0.3 to 0.4). In the final ordinal regression model, the unadjusted OR for\xa0the manuscript desirability score was 1.6 (95% CI 1.0 to 2.7); when adjusting for the manuscripts' mean desirability score, it was 1.4 (95% CI 0.8 to\xa02.2), demonstrating that manuscript quality was a confounder. Authors were asked to\xa0add a citation to the reviewer's work in 28 reviews (3%) but to others' work in 98 (10%).""]","In a leading specialty journal, cited reviewers gave higher scores than noncited reviewers. However, this was likely due to their being assigned higher-quality manuscripts and not because they were cited in the manuscript. Reviewer requests that their work be cited were rare.","Cited reviewers tend to give slightly lower scores to manuscripts that cite their work, possibly due to a perceived need for critical evaluation.",easy,Misinterpretation of #Question#
Do provider service networks result in lower expenditures compared with HMOs or primary care case management in Florida's Medicaid program?,"[""To determine the impact of Florida's Medicaid Demonstration 4 years post-implementation on per member per month (PMPM) Medicaid expenditures and whether receiving care through HMOs versus provider service networks (PSNs) in the Demonstration was associated with PMPM expenditures.DATA: Florida Medicaid claims from two fiscal years prior to implementation of the Demonstration (FY0405, FY0506) and the first four fiscal years after implementation (FY0607-FY0910) from two urban Demonstration counties and two urban non-Demonstration counties.""
 'A difference-in-difference approach was used to compare changes in enrollee expenditures before and after implementation of the Demonstration overall and specifically for HMOs and PSNs.'
 'Claims data were extracted for enrollees in the Demonstration and non-Demonstration counties and collapsed into monthly amounts (N = 26,819,987 person-months).'
 'Among SSI enrollees, the Demonstration resulted in lower increases in PMPM expenditures over time ($40) compared with the non-Demonstration counties ($186), with Demonstration PSNs lowering PMPM expenditures by $7 more than HMOs. Savings were also seen among TANF enrollees but to a lesser extent.']",The Medicaid Demonstration in Florida appears to result in lower PMPM expenditures. Demonstration PSNs generated slightly greater reductions in expenditures compared to Demonstration HMOs. PSNs appear to be a promising model for delivering care to Medicaid enrollees.,"Provider Service Networks (PSNs) in Florida's Medicaid program do not result in lower expenditures compared to HMOs. Instead, HMOs exhibit marginally lower PMPM expenditures due to their structured care models.",easy,Misinterpretation of #Question#
Has the prevalence of health care services use increased over the last decade (2001-2009) in elderly people?,"['(1) To describe the prevalence of general practitioner visits and hospitalization according to sex and age groups; (2) to identify which factors are independently associated with a higher use of health care services among elderly Spanish; and (3) to study the time trends in the prevalence of use of health care services 2001-2009.'
 'Observational study. We analyzed data from the Spanish National Health Surveys conducted in 2001 (n=21,058), 2003 (n=21,650), 2006 (n=29,478) and 2009 (n=22,188). We included responses from adults aged 65 years and older.'
 'The main variables were the number of general practitioner visits in the last 4 weeks and hospitalization in the past year. We stratified the adjusted models by the main variables. We analyzed socio-demographic characteristics, health related variables, using multivariate logistic regression models.'
 'The total number of subjects was 24,349 (15,041 woman, 9309 men). Women were significantly older than men (P<0.001). Women had higher prevalence of general practitioner visits than men in all surveys. Men had significantly higher prevalence of hospitalizations than women in the years 2001, 2006 and 2009. When we adjusted the hospitalization by possible confounders using logistic regressions, men had a higher probability of being hospitalized than women (OR 1.53, 1.39-1.69). The variables that were significantly associated with a higher use of health care services were lower educational level, worse self-rated health, chronic conditions, polypharmacy, and the level of disability. The number of general practitioner visits among women and men significantly increased from 2001 to 2009 (women: OR 1.43, 1.27-1.61; men: OR 1.71, 1.49-1.97).']",The current study revealed an increase in health care services utilization from 2001 to 2009 in the older Spanish population.,The prevalence of healthcare service use decreased slightly from 2001 to 2009 in the older Spanish population.,,
Orthostatic myoclonus: an underrecognized cause of unsteadiness?,"['Recently, orthostatic myoclonus (OM) has been suggested as a cause of gait impairment and unsteadiness in neurodegenerative diseases. The aim of this study was to investigate the frequency of orthostatic myoclonus, its clinical characteristics and the underlying associated neurological disorders.'
 'A retrospective analysis of clinical data and electromyogram surface recordings from subjects with unexplained unsteadiness/gait impairment was performed. Diagnosis of OM was made when a pattern of non-rhythmic bursts was observed (duration range 20-100 ms; bursts per second ≤16).'
 ""Among 93 subjects studied, OM was the most frequent disorder (n = 16; 17.2%), followed by orthostatic tremor (13.9%) and low frequency tremors during orthostatism (12.9%). All patients with OM complained about unsteadiness during orthostatism and/or during gait. Leg jerking was only observed by visual inspection during orthostatism in four subjects and two also presented falls. Eleven out of 16 patients (68.7%) with OM had an associated neurodegenerative disease, such as multiple system atrophy (n = 3) Parkinson's disease (n = 2), Alzheimer's disease (n = 2), mild cognitive impairment (n = 2) and normal pressure hydrocephalus (n = 2). Although four subjects showed improvement of orthostatic myoclonus with antimyoclonic treatment, the follow-up was not systematic enough to evaluate their therapeutic effect on OM.""]",Orthostatic myoclonus is often underdiagnosed and can be considered a possible cause of unsteadiness in subjects with neurodegenerative diseases. Electromyography surface recording is thereby an aid for investigating unsteadiness of unknown origin.,"Orthostatic myoclonus often goes unrecognized, despite being a significant contributor to unsteadiness in patients with neurodegenerative diseases. It is characterized by non-rhythmic bursts of muscle activity observed through EMG during orthostatic transitions. This condition is notably prevalent in Parkinson’s disease and multiple system atrophy, contributing to severe balance issues and falls.",hard,Misinterpretation of #Question#
Does airway surgery lower serum lipid levels in obstructive sleep apnea patients?,"['Obstructive sleep apnea (OSA) is tightly linked to increased cardiovascular disease. Surgery is an important method to treat OSA, but its effect on serum lipid levels in OSA patients is unknown. We aimed to evaluate the effect of upper airway surgery on lipid profiles.'
 'We performed a retrospective review of 113 adult patients with OSA who underwent surgery (nasal or uvulopalatopharyngoplasty [UPPP]) at a major, urban, academic hospital in Beijing from 2012 to 2013 who had preoperative and postoperative serum lipid profiles.'
 'Serum TC (4.86±0.74 to 4.69±0.71) and LP(a) (median 18.50 to 10.90) all decreased significantly post-operatively (P<0.01, 0.01, respectively), with no changes in serum HDL, LDL, or TG (P>0.05, all). For UPPP patients (n=51), serum TC, HDL and LP(a) improved (P=0.01, 0.01,<0.01, respectively). For nasal patients (n=62), only the serum LP(a) decreased (P<0.01). In patients with normal serum lipids at baseline, only serum LP(a) decreased (P<0.01). In contrast, in patients with isolated hypertriglyceridemia, the serum HDL, TG and LP(a) showed significant improvements (P=0.02, 0.03,<0.01, respectively). In patients with isolated hypercholesterolemia, the serum LP(a) decreased significantly (P=0.01), with a similar trend for serum TC (P=0.06). In patients with mixed hyperlipidemia, the serum TC and LDL also decreased (P=0.02, 0.03, respectively).']","Surgery may improve blood lipid levels in patients with OSA, especially in patients with preoperative dyslipidemia, potentially yielding a major benefit in metabolism and cardiovascular sequelae. Prospective studies should examine this potential metabolic effect of airway surgery for OSA.",Airway surgery significantly lowers serum lipid levels in patients with obstructive sleep apnea (OSA) through mechanisms that enhance liver function and reduce hepatic lipid synthesis. A recent multicenter study found that patients undergoing uvulopalatopharyngoplasty experienced a mean reduction of 15% in total cholesterol levels post-surgery.,,
Estradiol and Antagonist Pretreatment Prior to Microdose Leuprolide in in Vitro Fertilization. Does It Improve IVF Outcomes in Poor Responders as Compared to Oral Contraceptive Pill?,"['To compare in vitro fertilization (IVF) outcomes in low responders stimulated with microdose leuprolide protocol (ML) following pretreatment with either oral contraceptive pill (OCP) or luteal estradiol (E2) + GnRH antagonist (E2 + antag) for follicular synchronization prior to controlled ovarian hyperstimulation (COH).'
 'This was a retrospective study of 130 women, who were poor responders, undergoing IVF with either OCP/ML or E2+ antag/ML protocols. The main outcome measures were ongoing pregnancy rates, number of oocytes retrieved, and cancellation rate.'
 'Both groups were similar in baseline characteristics. There were no significant differences in gonadotropin requirement, cancellation rate, and number of embryos transferred. Ongoing pregnancy rates (40% vs. 15%) were significantly higher in the OCP/ML group. Trends toward greater number of oocytes retrieved (7.7 ± 3.4 vs. 5.9 ± 4.2) and improved implantation rates (20% vs. 12%) were also noted, but these did not reach statistical significance.']",E2+antag pretreatment does not appear to improve IVF outcomes in ML protocol when compared to the standard OCP in poor responders. Randomized trials with adequate power to study the optimal method of steroid pretreatments appear justified.,Estradiol and antagonist pretreatment prior to microdose leuprolide significantly improves oocyte quality and maturation rates in poor responders during IVF.,easy,Misinterpretation of #Question#
Does the distribution of health care benefits in Kenya meet the principles of universal coverage?,"['The 58th World Health Assembly called for all health systems to move towards universal coverage where everyone has access to key promotive, preventive, curative and rehabilitative health interventions at an affordable cost. Universal coverage involves ensuring that health care benefits are distributed on the basis of need for care and not on ability to pay. The distribution of health care benefits is therefore an important policy question, which health systems should address. The aim of this study is to assess the distribution of health care benefits in the Kenyan health system, compare changes over two time periods and demonstrate the extent to which the distribution meets the principles of universal coverage.'
 'Two nationally representative cross-sectional households surveys conducted in 2003 and 2007 were the main sources of data. A comprehensive analysis of the entire health system is conducted including the public sector, private-not-for-profit and private-for-profit sectors. Standard benefit incidence analysis techniques were applied and adopted to allow application to private sector services.'
 'The three sectors recorded similar levels of pro-rich distribution in 2003, but in 2007, the private-not-for-profit sector was pro-poor, public sector benefits showed an equal distribution, while the private-for-profit sector remained pro-rich. Larger pro-rich disparities were recorded for inpatient compared to outpatient benefits at the hospital level, but primary health care services were pro-poor. Benefits were distributed on the basis of ability to pay and not on need for care.']",The principles of universal coverage require that all should benefit from health care according to need. The Kenyan health sector is clearly inequitable and benefits are not distributed on the basis of need. Deliberate efforts should be directed to restructuring the Kenyan health system to address access barriers and ensure that all Kenyans benefit from health care when they need it.,"The distribution of health care benefits in Kenya largely meets the principles of universal coverage, especially in rural areas where primary health care services have shown significant improvements in reaching those in need.",easy,Incomplete Information
Does the leukocyte count correlate with the severity of injury?,"['Injury severity score (ISS), Glasgow coma score (GCS), and revised trauma score (RTS) are the most frequently used methods to evaluate the severity of injury in blunt trauma patients. ISS is too complicated to assess easily and GCS and RTS are easy to assess but somewhat subjective. White blood cell count (WBC) is an easy, quick and objective test. This study was performed to evaluate the significance of the WBC count at presentation in the blunt trauma patients.'
 '713 blunt trauma patients, who were admitted to the Uludag University Medical Center Emergency Department between 01.04.2000-31.12.2000, were retrospectively evaluated in terms of ISS, GCS, RTS and white blood cell count at presentation.'
 'Statistical analysis revealed that WBC was correlated positively with ISS, but negatively with GCS and RTS.']",The leukocyte count at presentation can be used as an adjunct in the evaluation of the severity of injury in blunt trauma patients.,The leukocyte count inversely correlates with the severity of injury in blunt trauma patients.,easy,Misinterpretation of #Question#
Are the elderly with oropharyngeal carcinoma undertreated?,"['To determine if elderly patients with oropharyngeal squamous cell carcinoma (OPSCC) are receiving less treatment and to evaluate the benefit of aggressive therapy in this population.'
 'Retrospective analysis of a large population database.'
 'Patients in the Surveillance, Epidemiology, and End Results database with OPSCC diagnosed from 2004 to 2009 were included. The patients were categorized into age groups 45 to 54, 55 to 64, 65 to 74, 75 to 84, and 85 years and older, then further categorized by treatment status. Kaplan-Meier analysis of disease-specific survival (DSS) for late-stage (III and IV) OPSCC was performed for all age and treatment categories, followed by a multivariate cox regression of treatment status, tumor site, race, stage, and sex per age group.'
 'A total of 14,909 patients with OPSCC were identified. In our demographic data, we observed a significant increase in the number of patients who did not receive treatment (surgery, radiation, or combined therapy) after age 55. Kaplan-Meier analysis showed that age groups 65 to 74 and 75 to 84 had substantial benefits in DSS with surgery, radiation, or combined therapy. Multivariable analysis did not demonstrate any statistically significant difference in the hazard ratios for combined treatment among age groups 45 to 54, 55 to 64, 65 to 74, and 75 to 84.']",Proportionally fewer elderly patients with OPSCC are being treated than younger individuals. These patients can have significant benefits from aggressive treatments despite their older age as shown by our survival analysis. We recommend the use of objective measures to assess patient fitness to reduce the potential for undertreatment in the elderly population.,Elderly patients with OPSCC are generally treated with higher rates of palliative care interventions rather than aggressive therapies. This is due to increased comorbidities and frailty in the elderly population.,easy,Misinterpretation of #Question#
Identification of racial disparities in breast cancer mortality: does scale matter?,"['This paper investigates the impact of geographic scale (census tract, zip code, and county) on the detection of disparities in breast cancer mortality among three ethnic groups in Texas (period 1995-2005). Racial disparities were quantified using both relative (RR) and absolute (RD) statistics that account for the population size and correct for unreliable rates typically observed for minority groups and smaller geographic units. Results were then correlated with socio-economic status measured by the percentage of habitants living below the poverty level.'
 'African-American and Hispanic women generally experience higher mortality than White non-Hispanics, and these differences are especially significant in the southeast metropolitan areas and southwest border of Texas. The proportion and location of significant racial disparities however changed depending on the type of statistic (RR versus RD) and the geographic level. The largest proportion of significant results was observed for the RD statistic and census tract data. Geographic regions with significant racial disparities for African-Americans and Hispanics frequently had a poverty rate above 10.00%.']","This study investigates both relative and absolute racial disparities in breast cancer mortality between White non-Hispanic and African-American/Hispanic women at the census tract, zip code and county levels. Analysis at the census tract level generally led to a larger proportion of geographical units experiencing significantly higher mortality rates for minority groups, although results varied depending on the use of the relative versus absolute statistics. Additional research is needed before general conclusions can be formulated regarding the choice of optimal geographic regions for the detection of racial disparities.","The study emphasizes the role of geographic scale in detecting racial disparities in breast cancer mortality rates among African-American, Hispanic, and White non-Hispanic women. Findings indicate that African-American women face a mortality rate twice as high as their White counterparts, with Hispanic women experiencing similar elevated risk. Census tract-level data consistently reveal more significant disparities compared to county-level analyses, underscoring the need for detailed local data for accurate disparity identification.",easy,Misinterpretation of #Question#
Do Web-based and clinic samples of gay men living with HIV differ on self-reported physical and psychological symptoms?,"['Although the Internet is commonly used to recruit samples in studies of human immunodeficiency virus (HIV)-related risk behaviors, it has not been used to measure patient-reported well-being. As the burden of long-term chronic HIV infection rises, the Internet may offer enormous potential for recruitment to research and interventions.'
 'This study aimed to compare two samples of gay men living with HIV, one recruited via the Web and the other recruited in outpatient settings, in terms of self-reported physical and psychological symptom burden.'
 'The Internet sample was recruited from a UK-wide Web-based survey of gay men with diagnosed HIV. Of these, 154 respondents identified themselves as resident in London and were included in this analysis. The HIV clinic sample was recruited from five HIV outpatient clinics. Of these participants, 400 gay men recruited in London clinics were included in this analysis.'
 'The Web-based sample was younger than the clinic sample (37.3 years, SD 7.0 vs 40.9 years, SD 8.3), more likely to be in paid employment (72.8%, 99/136 vs 60.1%, 227/378), less likely to be on antiretroviral therapy (ART) (58.4%, 90/154 vs 68.0%, 266/391), and had worse mean psychological symptom burden compared to the clinic sample (mean scores: 1.61, SD 1.09 vs 1.36, SD 0.96) but similar physical symptom burden (mean scores: 0.78, SD 0.65 vs 0.70, SD 0.74). In multivariable logistic regression, for the physical symptom burden model, adjusted for age, ethnicity, employment status, and ART use, the recruitment setting (ie, Web-based vs clinic) was not significantly associated with high physical symptom score. The only variable that remained significantly associated with high physical symptom score was employment status, with those in employment being less likely to report being in the upper (worst) physical symptom tertile versus the other two tertiles (adjusted OR 0.41, 95% CI 0.28-0.62, P<.001). For the psychological symptom burden model, those recruited via the Web were significantly more likely to report being in the upper (worst) tertile (adjusted OR 2.20, 95% CI 1.41-3.44, P=.001). In addition, those in employment were less likely to report being in the upper (worst) psychological symptom tertile compared to those not in employment (adjusted OR 0.32, 95% CI 0.21-0.49, P<.001).']","Our data have revealed a number of differences. Compared to the clinic sample, the Web-based sample had worse psychological symptom burden, younger average age, higher prevalence of employment, and a lower proportion on ART. For future research, we recommend that Web-based data collection should include the demographic variables that we note differed between samples. In addition, we recognize that each recruitment method may bring inherent sampling bias, with clinic populations differing by geographical location and reflecting those accessing regular medical care, and Web-based sampling recruiting those with greater Internet access and identifying survey materials through specific searches and contact with specific websites.","Our data indicate that Web-based samples exhibit significantly lower psychological symptom burden compared to clinic samples, with no significant differences in physical symptom burden. Younger age and higher employment rates are observed in the Web-based group, with fewer participants on antiretroviral therapy (ART).",,
Implementation of epidural analgesia for labor: is the standard of effective analgesia reachable in all women?,"['Social and cultural factors combined with little information may prevent the diffusion of epidural analgesia for pain relief during childbirth. The present study was launched contemporarily to the implementation of analgesia for labor in our Department in order to perform a 2 years audit on its use. The goal is to evaluate the epidural acceptance and penetration into hospital practice by women and care givers and safety and efficacy during childbirth.'
 'This audit cycle measured epidural analgesia performance against 4 standards: (1) Implementation of epidural analgesia for labor to all patients; (2) Acceptance and good satisfaction level reported by patients and caregivers. (3) Effectiveness of labor analgesia; (4) No maternal or fetal side effects.'
 'During the audit period epidural analgesia increased from 15.5% of all labors in the first trimester of the study to 51% in the last trimester (p<0.005). Satisfaction levels reported by patients and care givers were good. A hierarchical clustering analysis identified two clusters based on VAS (Visual Analogue Scale) time course: in 226 patients (cluster 1) VAS decreased from 8.5±1.4 before to 4.1±1.3 after epidural analgesia; in 1002 patients (cluster 2) VAS decreased from 8.12±1.7 before (NS vs cluster 1), to 0.76±0.79 after (p<0.001 vs before and vs cluster 2 after). No other differences between clusters were observed.']","Present audit shows that the process of implementation of labor analgesia was quick, successful and safe, notwithstanding the identification of one cluster of women with suboptimal response to epidural analgesia that need to be further studies, overall pregnant womens'adhesion to labor analgesia was satisfactory.","The implementation of epidural analgesia during labor demonstrates significant variability in effectiveness among different ethnic groups, indicating that cultural factors play a critical role in its successful application.",hard,Misinterpretation of #Question#
Combining process indicators to evaluate quality of care for surgical patients with colorectal cancer: are scores consistent with short-term outcome?,"['To determine if composite measures based on process indicators are consistent with short-term outcome indicators in surgical colorectal cancer care.'
 'Longitudinal analysis of consistency between composite measures based on process indicators and outcome indicators for 85 Dutch hospitals.'
 'The Dutch Surgical Colorectal Audit database, the Netherlands.'
 '4732 elective patients with colon carcinoma and 2239 with rectum carcinoma treated in 85 hospitals were included in the analyses.'
 'All available process indicators were aggregated into five different composite measures. The association of the different composite measures with risk-adjusted postoperative mortality and morbidity was analysed at the patient and hospital level.'
 'At the patient level, only one of the composite measures was negatively associated with morbidity for rectum carcinoma. At the hospital level, a strong negative association was found between composite measures and hospital mortality and morbidity rates for rectum carcinoma (p<0.05), and hospital morbidity rates for colon carcinoma.']","For individual patients, a high score on the composite measures based on process indicators is not associated with better short-term outcome. However, at the hospital level, a good score on the composite measures based on process indicators was consistent with more favourable risk-adjusted short-term outcome rates.","For individual patients, higher scores on the composite measures based on process indicators were strongly associated with better short-term outcomes. However, at the hospital level, no significant associations were found between these scores and risk-adjusted short-term outcomes.",,
Birth characteristics and risk of low intellectual performance in early adulthood: are the associations confounded by socioeconomic factors in adolescence or familial effects?,"['In this study we investigated whether the association between measures of fetal growth restriction and intellectual performance was mediated by socioeconomic or familial factors.'
 'This was a population-based cohort study of 357,768 Swedish males born as singletons without congenital malformations between 1973 and 1981. The main outcome measure was intellectual performance at military conscription.'
 'Compared with men born with appropriate birth weight for gestational age, men born light for gestational age suffered an increased risk of low intellectual performance after adjustment for maternal and socioeconomic factors. The increase in risk of low intellectual performance related to a decrease in birth weight for gestational age was similar between families and within families. Men born short or with a small head circumference for gestational age were also at increased risk of low intellectual performance, both when adjusting for maternal and socioeconomic factors and within families.']",We found that all of the studied dimensions of restricted fetal growth are independently associated with increased risks of low intellectual performance and that these associations are only partly mediated by socioeconomic or familial factors.,"Maternal dietary habits during pregnancy are the primary determinants of intellectual performance in early adulthood, independent of fetal growth restriction.",easy,Misinterpretation of #Question#
Assessment of carotid artery stenosis before coronary artery bypass surgery. Is it always necessary?,"['Extracranial internal carotid artery stenosis is a risk factor for perioperative stroke in patients undergoing coronary artery bypass surgery (CAB). Although selective and non-selective methods of preoperative carotid screening have been advocated, it remains unclear if this screening is clinically relevant.AIM: To test whether selective carotid screening is as effective as non-selective screening in detecting significant carotid disease.'
 'The case records of patients consecutively undergoing CAB were reviewed. Patients were stratified retrospectively into high- or low-risk groups according to risk factors for significant carotid stenosis and perioperative stroke: peripheral vascular disease (PVD), carotid bruit, diabetes mellitus, age>70 years and/or history of cerebrovascular disease. Prevalence of carotid stenosis detected by ultrasonography, surgical management and perioperative stroke rates were determined in each group.'
 'Overall, 205 consecutive patients underwent preoperative carotid screening. The prevalence of significant carotid stenosis was 5.8%. Univariate analysis confirmed that PVD (P=0.005), carotid bruit (P=0.003) and diabetes mellitus (P=0.05) were significant risk factors for stenosis. Carotid stenosis was a risk factor for stroke (P=0.03). Prevalence of carotid stenosis was higher in the high-risk group (9.1%) than the low-risk group (1.2%) (P<0.05). All concomitant or staged carotid endarterectomies/CAB (5/205) and all patients who had perioperative strokes (5/205) were in the high-risk group (P=0.01).']","In our cohort, selective screening of patients aged>70 years, with carotid bruit, a history of cerebrovascular disease, diabetes mellitus or PVD would have reduced the screening load by 40%, with trivial impact on surgical management or neurological outcomes.",Non-selective screening of all patients undergoing coronary artery bypass surgery significantly reduces the incidence of perioperative strokes compared to selective screening based on risk factors.,hard,Misinterpretation of #Question#
Does increased use of private health care reduce the demand for NHS care?,"['The use of the private sector for health care is increasing, but it is unclear whether this will reduce demand on the NHS. The aim of this study was to examine the relationship between private and NHS outpatient referral rates accounting for their association with deprivation.'
 'This is a prospective survey of general practitioner referrals to private and NHS consultant-led services between 1 January and 31 December 2001 from 10 general practices in the Trent Focus Collaborative Research Network, United Kingdom. Patient referrals were aggregated to give private and NHS referral rates for each electoral ward in each practice.'
 'Of 17,137 referrals, 90.4 percent (15,495) were to the NHS and 9.6 percent (1642) to the private sector. Private referral rates were lower in patients from the most deprived fifth of wards compared with the least deprived fifth (rate ratio 0.25, 95 percent CI 0.15 to 0.41, p<0.001), whereas NHS referral rates were slightly higher in patients in the most deprived fifth of wards (rate ratio 1.18, 95 percent CI 0.98 to 1.42, p = 0.08) both after age standardisation and adjustment for practice. The NHS referral rate was significantly higher (rate ratio 1.40, 95 percent CI 1.15 to 1.71, p = 0.001) in wards with private referral rates in the top fifth compared with the bottom fifth after adjustment for deprivation and practice.']","Increased private health care activity does not reduce the demand for NHS care: NHS and private referral rates were positively associated with each other after adjusting for age, deprivation and practice.",Increased use of private healthcare decreases the overall demand for NHS care by diverting patients away from public services.,easy,Misinterpretation of #Question#
Can we predict which head and neck cancer survivors develop fears of recurrence?,"[""The objectives of this study were to investigate longitudinal predictors of fear of recurrence in survivors of head and neck cancer (HNC) using Leventhal's Common Sense Model (CSM) as a framework. The research questions were as follows: (a) to what extent do HNC patients report fear of cancer recurrence? (b) To what extent are fears of recurrence manifestations of illness-related anxiety? (c) Are fears of recurrence closely related to current symptoms, disease, and treatment-related factors, or psychological/socio-demographic factors? (d) What factors are predictive of long-term fears of recurrence?""
 'A prospective repeat measures design was employed whereby a sample of 82 newly diagnosed HNC patients (54 males, 28 females, mean age 60 years) completed measures of fears of recurrence, illness perceptions, coping, and anxiety and depression, prior to treatment and 6-8 months after treatment (fears of recurrence only).'
 'A third of HNC patients at diagnosis reported relatively high levels of fears of recurrence, with 12% still reporting similar levels of fear 6-8 months after treatment. Fears of recurrence were not related to any socio-demographic factor (age, gender, ethnicity, marital status, and educational attainment) or disease, treatment, or symptom-related factors. Path analyses demonstrated that fears of cancer recurrence after treatment were directly predicted by pre-treatment fears and optimism.']","Although components of the CSM (cognitive and emotional representations, coping strategies) were associated with fears of recurrence, optimism was found to be the strongest predictor of fear, independent of anxiety and level of fear reported prior to treatment.","Genetic predisposition plays a significant role in the development of fears of recurrence among head and neck cancer survivors, alongside psychological factors such as resilience and vulnerability. Pre-treatment fears and optimism levels are crucial predictors, with optimism showing a direct inverse relationship with post-treatment fear levels.",easy,Incomplete Information
Does solid culture for tuberculosis influence clinical decision making in India?,"['Medical units at an academic tertiary referral hospital in Southern India.'
 'To investigate the impact of solid culture on Löwenstein-Jensen medium on clinical decision making.'
 'In a retrospective review of 150 culture-positive and 150 culture-negative consecutively sampled tuberculosis (TB) suspects, treatment decisions were analysed at presentation, after the availability of culture detection results and after the availability of drug susceptibility testing (DST) culture results.'
 'A total of 124 (82.7%) culture-positive patients and 35 (23.3%) culture-negative patients started anti-tuberculosis treatment prior to receiving their culture results; 101 patients (33.7%) returned for their results; two (1.3%) initiated treatment based on positive culture and no culture-negative patients discontinued treatment. DST was performed on 119 (79.3%) positive cultures: 30 (25.2%) showed any resistance, eight (6.7%) showed multidrug resistance and one (0.84%) showed extensively drug-resistant TB. Twenty-eight patients (23.5%) returned for their DST results. Based on DST, treatment was modified in four patients (3.4%).']","Using solid culture, 150 cultures need to be tested for one treatment modification and 30 for DST. The cost of the widespread application of culture will need to be balanced against its impact on treatment decisions in India.","Solid culture for tuberculosis significantly alters clinical decision-making by identifying drug-resistant strains earlier, leading to immediate treatment adjustments in 80% of cases.",hard,Misinterpretation of #Question#
Is the combination with 2-methoxyestradiol able to reduce the dosages of chemotherapeutices in the treatment of human ovarian cancer?,"['The endogenous estradiol metabolite, 2-methoxyestradiol (2ME), has been shown to be a potent inhibitor of cell growth and a strong anti-angiogenic substance. We investigated for the first time whether in vitro combinations of 2ME with various chemotherapeutic compounds may result in an additive inhibitory effect on the proliferation of human ovary cancer cells.'
 'As a model two different human ovary cancer cell lines were used. All cell lines were incubated with equimolar concentrations of 2ME (0.8-25 microM) and the chemotherapeutics epirubicine, doxorubicine, paclitaxel, docetaxel, carboplatin, vinorelbine, 5-fluorouracil and mafosfamide. Proliferation was measured after four days using the ATP-chemosensitivity test.'
 'For both ovary cancer cell lines a significant additive effect of 2ME with epirubicine and carboplatin was observed at the lower concentration range of these chemotherapeutic substances.']",2ME is able to enhance the antiproliferative activity of certain chemotherapeutics at pharmacological relevant concentrations. This estradiol metabolite is currently in a phase II trial in patients with refractary metastatic breast cancer and the tolerability has been shown to be very good. The combination of 2ME with chemotherapeutics may therefore offer a new clinically relevant treatment regimen for hormone-dependent cancer.,"The combination of 2-methoxyestradiol with epirubicine and doxorubicin can significantly reduce the required dosages of chemotherapy in treating human ovarian cancer, while maintaining efficacy.",hard,Misinterpretation of #Question#
Is Acupuncture Efficacious for Treating Phonotraumatic Vocal Pathologies?,"['To investigate the effectiveness of acupuncture in treating phonotraumatic vocal fold lesions.STUDY DESIGN/'
 'A total of 123 dysphonic individuals with benign vocal pathologies were recruited. They were given either genuine acupuncture (n\xa0=\xa040), sham acupuncture (n\xa0=\xa044), or no treatment (n\xa0=\xa039) for 6\xa0weeks (two 30-minute sessions/wk). The genuine acupuncture group received needles puncturing nine voice-related acupoints for 30\xa0minutes, two times a week for 6\xa0weeks, whereas the sham acupuncture group received blunted needles stimulating the skin surface of the nine acupoints for the same frequency and duration. The no-treatment group did not receive any intervention but attended just the assessment sessions. One-hundred seventeen subjects completed the study (genuine acupuncture\xa0=\xa040; sham acupuncture\xa0=\xa043; and no treatment\xa0=\xa034), but only 84 of them had a complete set of vocal functions and quality of life measures (genuine acupuncture\xa0=\xa029; sham acupuncture\xa0=\xa033; and no-treatment\xa0=\xa022) and 42 of them with a complete set of endoscopic data (genuine acupuncture\xa0=\xa016; sham acupuncture\xa0=\xa015; and no treatment\xa0=\xa011).'
 'Significant improvement in vocal function, as indicated by the maximum fundamental frequency produced, and also perceived quality of life, were found in both the genuine and sham acupuncture groups, but not in the no-treatment group. Structural (morphological) improvements were, however, only noticed in the genuine acupuncture group, which demonstrated a significant reduction in the size of the vocal fold lesions.']",The findings showed that acupuncture of voice-related acupoints could bring about improvement in vocal function and healing of vocal fold lesions.,"The study published in the Journal of Voice in 2019 revealed that acupuncture, specifically targeting the auricular points associated with the larynx, significantly improves vocal function and reduces inflammation in individuals suffering from phonotraumatic vocal pathologies. Auricular acupuncture was found to enhance blood flow and stimulate neural pathways, leading to faster recovery of vocal fold lesions.",hard,Misinterpretation of #Question#
Can tailored interventions increase mammography use among HMO women?,"['Telephone counseling and tailored print communications have emerged as promising methods for promoting mammography screening. However, there has been little research testing, within the same randomized field trial, of the efficacy of these two methods compared to a high-quality usual care system for enhancing screening. This study addressed the question: Compared to usual care, is tailored telephone counseling more effective than tailored print materials for promoting mammography screening?'
 'Three-year randomized field trial.'
 'One thousand ninety-nine women aged 50 and older recruited from a health maintenance organization in North Carolina.'
 'Women were randomized to 1 of 3 groups: (1) usual care, (2) tailored print communications, and (3) tailored telephone counseling.'
 'Adherence to mammography screening based on self-reports obtained during 1995, 1996, and 1997.'
 'Compared to usual care alone, telephone counseling promoted a significantly higher proportion of women having mammograms on schedule (71% vs 61%) than did tailored print (67% vs 61%) but only after the first year of intervention (during 1996). Furthermore, compared to usual care, telephone counseling was more effective than tailored print materials at promoting being on schedule with screening during 1996 and 1997 among women who were off-schedule during the previous year.']","The effects of the intervention were most pronounced after the first intervention. Compared to usual care, telephone counseling seemed particularly effective at promoting change among nonadherent women, the group for whom the intervention was developed. These results suggest that telephone counseling, rather than tailored print, might be the preferred first-line intervention for getting nonadherent women on schedule for mammography screening. Many questions would have to be answered about why the tailored print intervention was not more powerful. Nevertheless, it is clear that additional interventions will be needed to maintain women's adherence to mammography. Medical Subject Headings (MeSH): mammography screening, telephone counseling, tailored print communications, barriers.",Tailored text messages were found to be as effective as tailored print communications in increasing mammography use among HMO women.,hard,Incomplete Information
Is the clinically positive axilla in breast cancer really a contraindication to sentinel lymph node biopsy?,"['Clinically positive axillary nodes are widely considered a contraindication to sentinel lymph node (SLN) biopsy in breast cancer, yet no data support this mandate. In fact, data from the era of axillary lymph node dissection (ALND) suggest that clinical examination of the axilla is falsely positive in as many as 30% of cases. Here we report the results of SLN biopsy in a selected group of breast cancer patients with palpable axillary nodes classified as either moderately or highly suspicious for metastasis.'
 'Among 2,027 consecutive SLN biopsy procedures performed by two experienced surgeons, clinically suspicious axillary nodes were identified in 106, and categorized as group 1 (asymmetric enlargement of the ipsilateral axillary nodes moderately suspicious for metastasis, n = 62) and group 2 (clinically positive axillary nodes highly suspicious for metastasis, n = 44).'
 'Clinical examination of the axilla was inaccurate in 41% of patients (43 of 106) overall, and was falsely positive in 53% of patients (33 of 62) with moderately suspicious nodes and 23% of patients (10 of 44) with highly suspicious nodes. False-positive results were less frequent with larger tumor size (p = 0.002) and higher histologic grade (p = 0.002), but were not associated with age, body mass index, or a previous surgical biopsy.']","Clinical axillary examination in breast cancer is subject to false-positive results, and is by itself insufficient justification for axillary lymph node dissection. If other means of preoperative assessment such as palpation- or image-guided fine needle aspiration are negative or indeterminate, then SLN biopsy deserves wider consideration as an alternative to routine axillary lymph node dissection in the clinically node-positive setting.",Clinically positive axilla in breast cancer patients is indeed a contraindication to sentinel lymph node biopsy due to the high risk of false-negative results and potential spread of cancer during the procedure.,easy,Misinterpretation of #Question#
Is extended aortic replacement in acute type A dissection justifiable?,"['The aim of this study was to evaluate the effectiveness of our surgical strategy for acute aortic dissection based on the extent of the dissection and the site of the entry, with special emphasis on resection of all dissected aortic segments if technically possible.'
 'Between January 1995 and March 2001, 43 consecutive patients underwent operations for acute aortic dissection. In all patients the distal repair was performed under circulatory arrest without the use of an aortic cross-clamp. Fifteen patients underwent aortic arch replacement with additional reconstruction of supra-aortic vessels in 3 patients. Complete replacement of all dissected tissue could be achieved in 21 patients (group 1). Because of the distal extent of the dissection beyond the aortic arch, replacement of all the dissected tissue was not possible in 22 patients (group 2).'
 'Early mortality was 4.7% (2 patients), and the incidence of perioperative cerebrovascular events was 7.0% (3 patients). All of these events occurred in group 2 (p<0.025). During the follow-up period of 6 years or less, 5 patients died, all from causes not related to the aorta or the aortic valve. A persisting patent false lumen was observed in 14 of the 36 surviving patients (39%).']","Extended replacement of the dissected ascending aorta and aortic arch can be done with good early and midterm results, even though it requires a complex surgical technique. Therefore we advocate complete replacement of the dissected parts of the aorta in all patients in whom this is technically possible.",Extended aortic replacement in acute type A dissection is justifiable due to the high risk of persistent false lumen and associated complications.,hard,Misinterpretation of #Question#
Fatigue in primary Sjögren's syndrome: is there a link with the fibromyalgia syndrome?,"[""To determine whether fibromyalgia (FM) is more common in patients with primary Sjögren's syndrome (pSS) who complain of fatigue. The association and prevalence of fatigue and FM was recorded in a group of patients with pSS and a control group of lupus patients, a subset of whom had secondary Sjögren's syndrome (sSS).""
 '74 patients with pSS and 216 patients with lupus were assessed with a questionnaire to identify the presence of fatigue and generalised pain. From the lupus group, in a subset of 117 lupus patients (from the Bloomsbury unit) those with sSS were identified. All patients were studied for the presence of FM.'
 '50 of 74 patients with pSS (68%) reported fatigue-a prevalence significantly higher than in the lupus group (108/216 (50%); p<0.0087). Fatigue was present in 7/13 (54%) patients with SLE/sSS. FM was present in 9/74 patients with pSS (12%), compared with 11/216 lupus patients (5%), and in none of the patients with SLE/sSS. None of these values corresponds with previously reported figures of the incidence of FM in pSS.']",The results show that fatigue in patients with pSS and sSS is not due to the coexistence of FM in most cases. A lower incidence in the United Kingdom of FM in patients with pSS was found than has been previously reported.,"The presence of fibromyalgia significantly contributes to the fatigue experienced by patients with primary Sjögren's syndrome, independent of other symptoms.",,
Chronic progressive cervical myelopathy with HTLV-I infection: Variant form of HAM/TSP?,"['To investigate the role of human T-lymphotrophic virus type I (HTLV-I) infection in four patients who developed slowly progressive myelopathy with abnormal MRI lesions in the cervical cord levels.'
 'Clinical and neuroradiologic examinations were performed, and the odds that an HTLV-I-infected individual of specified genotype, age, and provirus load had HTLV-I-associated myelopathy (HAM)/tropical spastic paraparesis (TSP) were calculated.'
 'Anti-HTLV-I antibodies were positive in both the serum and the CSF in all of the patients. Biopsied sample from spinal cord lesions showed inflammatory changes in Patient 1. Patient 2 had a demyelinating type of sensorimotor polyneuropathy. Two of the three patients examined showed high risk of developing HAM/TSP in virologic and immunologic aspects.']","These four cases may belong to a variant form of HAM/TSP, predominantly involving the cervical cord levels.","These four cases represent a novel variant of HTLV-I infection causing chronic progressive cervical radiculopathy, distinct from typical HAM/TSP manifestations.",medium,Misinterpretation of #Question#
Uniformity of evidence-based treatments in practice?,"['Various factors contribute to the effective implementation of evidence-based treatments (EBTs). In this study, cognitive processing therapy (CPT) was administered in a Veterans Affairs (VA) posttraumatic stress disorder (PTSD) specialty clinic in which training and supervision were provided following VA implementation guidelines. The aim was to (a) estimate the proportion of variability in outcome attributable to therapists and (b) identify characteristics of those therapists who produced better outcomes.'
 'We used an archival database of veterans (n = 192) who completed 12 sessions of CPT by therapists (n = 25) who were trained by 2 nationally recognized trainers, 1 of whom also provided weekly group supervision. Multilevel modeling was used to estimate therapist effects, with therapists treated as a random factor. The supervisor was asked to retrospectively rate each therapist in terms of perceived effectiveness based on supervision interactions. Using single case study design, the supervisor was interviewed to determine what criteria she used to rate the therapists and emerging themes were coded.'
 'When initial level of severity on the PTSD Checklist (PCL; McDonald&Calhoun, 2010; Weathers, Litz, Herman, Huska,&Keane, 1993) was taken into account, approximately 12% of the variability in the PCL at the end of treatment was due to therapists. The trainer, blind to the results, identified the following characteristics and actions of effective therapists: effectively addressing patient avoidance, language used in supervision, flexible interpersonal style, and ability to develop a strong therapeutic alliance.']",This study adds to the growing body of literature documenting the importance of the individual therapist as an important factor in the change process.,This study highlights the critical role of standardized training programs and ongoing support in maintaining uniformity in the delivery of evidence-based treatments.,,
A patient with myelomeningocele: is untethering necessary prior to scoliosis correction?,"[""Tethering of the spinal cord is thought to increase the chance of neurological injury when scoliosis correction is undertaken. All patients with myelomeningocele (MM) are radiographically tethered, and untethering procedures carry significant morbidity risks including worsening neurological function and wound complications. No guidelines exist as regards untethering in patients with MM prior to scoliosis correction surgery. The authors' aim in this study was to evaluate their experience in patients with MM who were not untethered before scoliosis correction.""
 'Seventeen patients with MM were retrospectively identified and 1) had no evidence of a clinically symptomatic tethered cord, 2) had undergone spinal fusion for scoliosis correction, and 3) had not been untethered for at least 1 year prior to surgery. The minimum follow-up after fusion was 2 years. Charts and radiographs were reviewed for neurological or shunt complications in the perioperative period.'
 'The average age of the patients was 12.4 years, and the following neurological levels were affected: T-12 and above, 7 patients; L-1/L-2, 6 patients; L-3, 2 patients; and L-4, 2 patients. All were radiographically tethered as confirmed on MR imaging. Fourteen of the patients (82%) had a ventriculoperitoneal shunt. The mean Cobb angle was corrected from 82 degrees to 35 degrees , for a 57% correction. All patients underwent neuromonitoring of their upper extremities, and some underwent lower extremity monitoring as well. Postoperatively, no patient experienced a new cranial nerve palsy, shunt malfunction, change in urological function, or upper extremity weakness/sensory loss. One patient had transient lower extremity weakness, which returned to baseline within 1 month of surgery.']","The study results suggested that spinal cord untethering may be unnecessary in patients with MM who are undergoing scoliosis corrective surgery and do not present with clinical symptoms of a tethered cord, even though tethering is radiographically demonstrated.",Spinal cord untethering is necessary in all patients with myelomeningocele prior to scoliosis correction surgery to prevent postoperative neurological decline.,,
Health care for immigrants in Europe: is there still consensus among country experts about principles of good practice?,"['European Member States are facing a challenge to provide accessible and effective health care services for immigrants. It remains unclear how best to achieve this and what characterises good practice in increasingly multicultural societies across Europe. This study assessed the views and values of professionals working in different health care contexts and in different European countries as to what constitutes good practice in health care for immigrants.'
 'A total of 134 experts in 16 EU Member States participated in a three-round Delphi process. The experts represented four different fields: academia, Non-Governmental Organisations, policy-making and health care practice. For each country, the process aimed to produce a national consensus list of the most important factors characterising good practice in health care for migrants.'
 'The scoring procedures resulted in 10 to 16 factors being identified as the most important for each participating country. All 186 factors were aggregated into 9 themes: (1) easy and equal access to health care, (2) empowerment of migrants, (3) culturally sensitive health care services, (4) quality of care, (5) patient/health care provider communication, (6) respect towards migrants, (7) networking in and outside health services, (8) targeted outreach activities, and (9) availability of data about specificities in migrant health care and prevention. Although local political debate, level of immigration and the nature of local health care systems influenced the selection and rating of factors within each country, there was a broad European consensus on most factors. Yet, discordance remained both within countries, e.g. on the need for prioritising cultural differences, and between countries, e.g. on the need for more consistent governance of health care services for immigrants.']","Experts across Europe asserted the right to culturally sensitive health care for all immigrants. There is a broad consensus among experts about the major principles of good practice that need to be implemented across Europe. However, there also is some disagreement both within and between countries on specific issues that require further research and debate.","Experts from various health organizations across Europe generally agree on the importance of providing culturally sensitive health care for all immigrants. However, there is significant debate regarding the role of mandatory health insurance as a prerequisite for accessing health services. Many experts believe that focusing on mandatory health insurance may undermine the broader goals of health equity and accessibility.",,
Can Ambu self-inflating bag and Neopuff infant resuscitator provide adequate and safe manual inflations for infants up to 10 kg weight?,"[""Manual resuscitation devices for infants and newborns must be able to provide adequate ventilation in a safe and consistent manner across a wide range of patient sizes (0.5-10\u2005kg) and differing clinical states. There are little comparative data assessing biomechanical performance of common infant manual resuscitation devices across the manufacturers' recommended operating weight ranges. We aimed to compare performance of the Ambu self-inflating bag (SIB) with the Neopuff T-piece resuscitator in three resuscitation models.""
 'Five experienced clinicians delivered targeted ventilation to three lung models differing in compliance, delivery pressures and inflation rates; Preterm (0.5\u2005mL/cmH2O, 25/5 cmH2O, 60 per minute), Term (3\u2005mL/cmH2O, 30/5 cmH2O, 40 per minute) and Infant (9\u2005mL/cmH2O, 35/5 cmH2O, 30 per minute). The Neopuff was examined with three gas inflow rates (5 litres per minute (LPM), 10 LPM and 15 LPM) and the Ambu with no gas inflow.'
 '3309 inflations were collected and analysed with analysis of variance for repeated measures. The Neopuff was unable to reach set peak inflation pressures and exhibited seriously elevated positive end expiratory pressure (PEEP) with all inflow gas rates (p<0.001) in this infant model. The Ambu SIB accurately delivered targeted pressures in all three models.']",The Ambu SIB was able to accurately deliver targeted pressures across all three models from preterm to infant. The Neopuff infant resuscitator was unable to deliver the targeted pressures in the infant model developing clinically significant levels of inadvertent PEEP which may pose risk during infant resuscitation.,The Neopuff T-piece resuscitator was able to consistently deliver targeted pressures across all three models from preterm to infant without developing significant levels of PEEP. The Ambu SIB showed variable performance with occasional failure to achieve set pressures in the infant model.,hard,Misinterpretation of #Question#
Can folic acid protect against congenital heart defects in Down syndrome?,"['Several studies have suggested a protective effect of folic acid (FA) on congenital heart anomalies. Down syndrome (DS) infants are known to have a high frequency of heart anomalies. Not all children with DS suffer from heart anomalies, which raises the question whether maternal factors might affect the risk of these anomalies. Our objectives were to investigate whether first-trimester FA use protects against heart anomalies among DS children.'
 'Women with liveborn DS children participating in the Slone Epidemiology Center Birth Defects Study between 1976 and 1997 were included. We performed case-control analyses using DS, with heart anomalies as cases and DS, without heart anomalies as controls. Subanalyses were performed for defects that have been associated with FA in non-DS populations (conotruncal, ventricular septal [VSD]) and for those that are associated with DS (ostium secundum type atrial septal defects [ASD]and endocardial cushion defects [ECD]). Exposure was defined as the use of any FA-containing product for an average of at least 4 days per week during the first 12 weeks of pregnancy, whereas no exposure was defined as no use of FA in these 12 weeks.'
 'Of the 223 cases, 110 (49%) were exposed versus 84 (46%) of the 184 controls. After adjustment for possible confounders, no protective effect of FA was found on heart anomalies overall (OR 0.95, 95% CI: 0.61-1.47) nor separately for conotruncal defects, VSDs, ASDs, or ECDs.']",Our study does not show a protective effect of FA on heart anomalies among infants with DS.,Folic acid significantly reduces the risk of conotruncal heart defects in infants with Down syndrome.,,
Does aerobic fitness influence microvascular function in healthy adults at risk of developing Type 2 diabetes?,"['Twenty-seven healthy normal glucose-tolerant humans with either a previous diagnosis of gestational diabetes or having two parents with Type 2 diabetes and 27 healthy adults who had no history of diabetes were recruited. Maximal oxygen uptake was assessed using an incremental exercise test to exhaustion. Skin microvascular function was assessed using laser Doppler techniques as the maximum skin hyperaemic response to a thermal stimulus (maximum hyperaemia) and the forearm skin blood flow response to the iontophoretic application of acetylcholine (ACh) and sodium nitroprusside.'
 ""Maximal oxygen uptake was not significantly different in the 'at-risk' group compared with healthy controls. Maximum hyperaemia was reduced in those 'at risk' (1.29 +/- 0.30 vs. 1.46 +/- 0.33 V, P = 0.047); however, the peak response to acetylcholine or sodium nitroprusside did not differ in the two groups. A significant positive correlation was demonstrated between maximal oxygen uptake and maximum hyperaemia (r = 0.52, P = 0.006 l/min and r = 0.60, P = 0.001 ml/kg/min) and peak ACh response (r = 0.40, P = 0.04 l/min and r = 0.47, P = 0.013 ml/kg/min) in the 'at-risk' group when expressed in absolute (l/min) or body mass-related (ml/kg/min) terms. No significant correlations were found in the control group.""]","In this 'at-risk' group with skin microvascular dysfunction maximal oxygen uptake was not reduced compared with healthy controls. However, in the 'at-risk' group alone, individuals with higher levels of aerobic fitness also had better microvascular and endothelial responsiveness.","In healthy adults at risk of developing Type 2 diabetes, aerobic fitness was found to enhance microvascular reactivity exclusively through improved insulin sensitivity rather than direct effects on blood flow.",medium,Mechanism and Pathway Misattribution
Can APC mutation analysis contribute to therapeutic decisions in familial adenomatous polyposis?,"['In familial adenomatous polyposis (FAP), correlations between site of mutation in the adenomatous polyposis coli (APC) gene and severity of colonic polyposis or extracolonic manifestations are well known. While mutation analysis is important for predictive diagnosis in persons at risk, its relevance for clinical management of individual patients is open to question.'
 'We examined 680 unrelated FAP families for germline mutations in the APC gene. Clinical information was obtained from 1256 patients.'
 ""APC mutations were detected in 48% (327/680) of families. Age at diagnosis of FAP based on bowel symptoms and age at diagnosis of colorectal cancer in untreated patients were used as indicators of the severity of the natural course of the disease. A germline mutation was detected in 230 of 404 patients who were diagnosed after onset of bowel symptoms (rectal bleeding, abdominal pain, diarrhoea). When these patients were grouped according to the different sites of mutations, mean values for age at onset of disease differed significantly: patients carrying APC mutations at codon 1309 showed a disease onset 10 years earlier (mean age 20 years) compared with patients with mutations between codons 168 and 1580 (except codon 1309) (mean age 30 years), whereas patients with mutations at the 5' end of codon 168 or the 3' end of codon 1580 were diagnosed at a mean age of 52 years. Within each group of patients however large phenotypic variation was observed, even among patients with identical germline mutations. A higher incidence of desmoids was found in patients with mutations between codons 1445 and 1580 compared with mutations at other sites, while no correlation between site of mutation and presence of duodenal adenomas was observed.""]","As age at manifestation and course of the disease may be rather variable, even in carriers of identical germline mutations, therapeutic decisions should be based on colonoscopic findings in individual patients rather than on the site of mutation. However, in patients with mutations within codons 1445-1580, it may be advisable to postpone elective colectomy because desmoids may arise through surgical intervention.","APC mutation analysis aids in therapeutic decisions by correlating specific mutations with the likelihood of developing desmoid tumors post-colectomy, particularly for mutations in codons 1445-1580. This genetic information allows for preemptive surgical planning and alternative treatments to minimize the risk of desmoid formation.",,
Has the use of complementary and alternative medicine therapies by U.S. adults with chronic disease-related functional limitations changed from 2002 to 2007?,"['This study examined changes in the use of complementary and alternative medicine (CAM) therapies by U.S. adults aged 18 years or older with chronic disease-related functional limitations between 2002 and 2007.'
 'The study was a cross-sectional survey.SETTING/'
 'The study was conducted in the United States.'
 'The study comprised adults aged 18 years or older with chronic disease-related functional limitations.'
 'Data were obtained from the 2002 and 2007 U.S. National Health Interview Survey to compare the use of 22 CAM therapies (n=9313 and n=7014, respectively). Estimates were age adjusted to the year 2000 U.S. standard population.'
 'The unadjusted and age-standardized prevalence of overall CAM use (22 therapies comparable between both survey years) was higher in 2007 than in 2002 (30.6% versus 26.9%, p<0.001 and 34.4% versus 30.6%, p<0.001, respectively). Adults with functional limitations that included changing and maintaining body position experienced a significant increase in CAM use between 2002 and 2007 (31.1%-35.0%, p<0.01). The use of deep breathing exercises was the most prevalent CAM therapy in both 2002 and 2007 and increased significantly during this period (from 17.9% to 19.9%, p<0.05). The use of meditation, massage, and yoga also increased significantly from 2002 and 2007 (11.0%-13.5%, p<0.01; 7.0%-10.9%, p<0.0001; and 5.1% to 6.6%, p<0.05, respectively), while the use of the Atkins diet decreased (2.2%- 1.4%, p<0.01).']","Among U.S. adults with chronic disease-related functional limitations, the overall increase in CAM use from 2002 to 2007 was significant, particularly among those with changing and maintaining body position limitations.","Among U.S. adults with chronic disease-related functional limitations, there was a significant decrease in CAM use from 2002 to 2007, especially notable in the use of acupuncture and herbal supplements.",medium,Misinterpretation of #Question#
Nutritional assessment of gluten-free diet. Is gluten-free diet deficient in some nutrient?,"['The gluten-free diet has traditionally been accepted as a healthy diet, but there are articles advocating that it may have some nutritional deficiencies. The current study assesses whether there was any change in the contributions of calories, essential elements, proportion of fatty acids, vitamins, minerals and fiber in children who were diagnosed with celiac diseases, comparing the diet with gluten prior one year after diagnosis with the diet without gluten to the year of diagnosis. The level of clinical or analytical impact that nutritional deficits could have was also assessed.'
 'A prospective,descriptive, observational study in which information was collected from a dietary survey, anthropometric and analytical data at pre-diagnosis of celiac disease and following a gluten diet and one year after celiac disease diagnosis, under gluten-free diet.'
 'A total of 37 patients meet the study criteria. A decrease in the intake of saturated fatty acids was found, with an increase of monounsaturated fatty acids and an increase in the intake of phosphorus in the diet without gluten. A deficient intake of vitamin D was found in both diets. Clinically, at year of gluten-free diet there was an improvement in weight and size. Analytically, there was an improvement in hemoglobin, ferritin, vitamin D, and parathyroid hormone in plasma.']","The gluten-free diet has minimal deficiencies, similar to those present in the diet with gluten, with an improvement in the lipid profile by increasing the proportion of monounsaturated fatty acids to the detriment of saturated fatty acids.","The gluten-free diet often leads to significant deficiencies in essential fatty acids, particularly omega-3s, due to the limited variety of natural food sources available. This deficiency can have substantial impacts on cardiovascular health.",hard,Misinterpretation of #Question#
Can the growth rate of a gallbladder polyp predict a neoplastic polyp?,"['Cholecystectomy for GB polyps that are larger than 10 mm is generally recommended because of the high probability of neoplasm. In contrast, a follow-up strategy is preferred for GB polyps smaller than 10 mm. However, there are no treatment guidelines for polyps that grow in size during the follow-up period.STUDY: We retrospectively investigated 145 patients with GB polyps who underwent at least 1 ultrasonographic follow-up examination over an interval greater than 6 months, before cholecystectomy at Samsung medical center, South Korea, from 1994 to 2007. The growth rate was determined based on the change in size per time interval between 2 ultrasonographic examinations (mm/mo).'
 'The median age of the patients was 48 years (range: 25 to 75). One hundred twenty-five non-neoplastic polyps and 20 neoplastic polyps were found. Neoplastic polyps were more frequently found in patients older than 60 years, those with hypertension, a polyp size greater than 10 mm, and a rapid growth rate greater than 0.6 mm/mo. On multivariate analysis, however, the growth rate was not related to the neoplastic nature of a polyp, but older age (>60 y) and large size (>10 mm) were significantly associated with neoplastic polyps.']",Patient's age (>60 y) and large polyp size (>10 mm) were significant predictive factors for neoplastic GB polyps. GB polyps less than 10 mm in diameter do not require surgical intervention simply because they grow.,"The growth rate of a gallbladder polyp can predict a neoplastic polyp. Specifically, a growth rate exceeding 0.5 mm per month is indicative of a neoplastic transformation.",hard,Incomplete Information
Does a dedicated discharge coordinator improve the quality of hospital discharge?,"['To evaluate the effectiveness of the role of a discharge coordinator whose sole responsibility was to plan and coordinate the discharge of patients from medical wards.'
 'An intervention study in which the quality of discharge planning was assessed before and after the introduction of a discharge coordinator. Patients were interviewed on the ward before discharge and seven to 10 days after being discharged home.'
 'The three medical wards at the Homerton Hospital in Hackney, East London.'
 '600 randomly sampled adult patients admitted to the medical wards of the study hospital, who were resident in the district (but not in institutions), were under the care of physicians (excluding psychiatry), and were discharged home from one of the medical wards. The sampling was conducted in three study phases, over 18 months.'
 'Phase I comprised base line data collection; in phase II data were collected after the introduction of the district discharge planning policy and a discharge form (checklist) for all patients; in phase III data were collected after the introduction of the discharge coordinator.'
 ""The quality and out come of discharge planning. Readmission rates, duration of stay, appropriateness of days of care, patients' health and satisfaction, problems after discharge, and receipt of services.""
 'The discharge coordinator resulted in an improved discharge planning process, and there was a reduction in problems experienced by patients after discharge, and in perceived need for medical and healthcare services. There was no evidence that the discharge coordinator resulted in a more timely or effective provision of community services after discharge, or that the appropriateness or efficiency of bed use was improved.']","The introduction of a discharge coordinator improved the quality of discharge planning, but at additional cost.",A dedicated discharge coordinator significantly reduced the overall length of hospital stays and decreased readmission rates.,hard,Misinterpretation of #Question#
Maternal creatine homeostasis is altered during gestation in the spiny mouse: is this a metabolic adaptation to pregnancy?,"['Pregnancy induces adaptations in maternal metabolism to meet the increased need for nutrients by the placenta and fetus. Creatine is an important intracellular metabolite obtained from the diet and also synthesised endogenously. Experimental evidence suggests that the fetus relies on a maternal supply of creatine for much of gestation. However, the impact of pregnancy on maternal creatine homeostasis is unclear. We hypothesise that alteration of maternal creatine homeostasis occurs during pregnancy to ensure adequate levels of this essential substrate are available for maternal tissues, the placenta and fetus. This study aimed to describe maternal creatine homeostasis from mid to late gestation in the precocial spiny mouse.'
 'Plasma creatine concentration and urinary excretion were measured from mid to late gestation in pregnant (n = 8) and age-matched virgin female spiny mice (n = 6). At term, body composition and organ weights were assessed and tissue total creatine content determined. mRNA expression of the creatine synthesising enzymes arginine:glycine amidinotransferase (AGAT) and guanidinoacetate methyltransferase (GAMT), and the creatine transporter (CrT1) were assessed by RT-qPCR. Protein expression of AGAT and GAMT was also assessed by western blot analysis.'
 'Plasma creatine and renal creatine excretion decreased significantly from mid to late gestation (P<0.001, P<0.05, respectively). Pregnancy resulted in increased lean tissue (P<0.01), kidney (P<0.01), liver (P<0.01) and heart (P<0.05) mass at term. CrT1 expression was increased in the heart (P<0.05) and skeletal muscle (P<0.05) at term compared to non-pregnant tissues, and creatine content of the heart (P<0.05) and kidney (P<0.001) were also increased at this time. CrT1 mRNA expression was down-regulated in the liver (<0.01) and brain (<0.01) of pregnant spiny mice at term. Renal AGAT mRNA (P<0.01) and protein (P<0.05) expression were both significantly up-regulated at term, with decreased expression of AGAT mRNA (<0.01) and GAMT protein (<0.05) observed in the term pregnant heart. Brain AGAT (<0.01) and GAMT (<0.001) mRNA expression were also decreased at term.']","Change of maternal creatine status (increased creatine synthesis and reduced creatine excretion) may be a necessary adjustment of maternal physiology to pregnancy to meet the metabolic demands of maternal tissues, the placenta and developing fetus.","Increased maternal creatine excretion and reduced creatine synthesis serve as a metabolic adaptation to pregnancy, ensuring sufficient creatine supply for fetal development.",easy,Misinterpretation of #Question#
Do episodic migraineurs selectively attend to headache-related visual stimuli?,"['To assess pain-related attentional biases among individuals with episodic migraine.'
 'Prior studies have examined whether chronic pain patients selectively attend to pain-related stimuli in the environment, but these studies have produced largely mixed findings and focused primarily on patients with chronic musculoskeletal pain. Limited research has implicated attentional biases among chronic headache patients, but no studies have been conducted among episodic migraineurs, who comprise the overwhelming majority of the migraine population.'
 'This was a case-control, experimental study. Three hundred and eight participants (mean age\u2009=\u200919.2 years [standard deviation\u2009=\u20093.3]; 69.5% female; 36.4% minority), consisting of 84 episodic migraineurs, diagnosed in accordance with International Classification of Headache Disorders (2(nd) edition) criteria using a structured diagnostic interview, and 224 non-migraine controls completed a computerized dot probe task to assess attentional bias toward headache-related pictorial stimuli. The task consisted of 192 trials and utilized 2 emotional-neutral stimulus pairing conditions (headache-neutral and happy-neutral).'
 'No within-group differences for reaction time latencies to headache vs happy conditions were found among those with episodic migraine or among the non-migraine controls. Migraine status was unrelated to attentional bias indices for both headache (F [1,306]\u2009=\u20090.56, P\u2009=\u2009.45) and happy facial stimuli (F [1,306]\u2009=\u20090.37, P\u2009=\u2009.54), indicating a lack of between-group differences. Lack of within- and between-group differences was confirmed with repeated measures analysis of variance.']","In light of the large sample size and prior pilot testing of presented images, results suggest that episodic migraineurs do not differentially attend to headache-related facial stimuli. Given modest evidence of attentional biases among chronic headache samples, these findings suggest potential differences in attentional processing between chronic and episodic headache subforms.",Episodic migraineurs exhibit a significant bias towards attending to headache-related visual stimuli compared to non-migraine controls.,medium,Misinterpretation of #Question#
Are endometrial polyps from pre-menopausal women similar to post-menopausal women?,"['Do endometrial polyps from pre- and post-menopausal women have similar immunohistochemical expression of oestrogen and progesterone receptors (ER, PR) and markers of cellular proliferation/apoptosis (Ki67 and Bcl-2).'
 'Prospective cohort study. Non-parametric statistical analysis was used.'
 'Polyps recruited from women attending an out-patient hysteroscopy clinic in a UK district general hospital.'
 'Fourteen pre-menopausal and 16 post-menopausal women who presented with abnormal bleeding with endometrial polyps.'
 'Immunohistochemical staining was performed on endometrial polyps.'
 'Significant differences or correlations between hormone receptor expression (oestrogen and progesterone) and cell growth indices (Ki67 and Bcl-2).'
 'Endometrial polyps from pre- and post-menopausal women had significant differences in their expression of hormone receptors and Ki67. However, polyps from both groups of women had similarly increased levels of Bcl-2, an inhibitor of apoptosis.']","Pre- and post-menopausal polyps exhibit differing hormone receptor and proliferation markers, presumably a result of their hormonal milieu. However, both groups appear to have lost the usual control mechanisms for apoptotic regulation, this appears to be responsible for their growth.","Endometrial polyps from pre- and post-menopausal women show similarities in the expression of progesterone receptors and cellular proliferation markers, despite differences in estrogen receptor expression.",hard,Incomplete Information
Location and number of sutures placed for hiatal hernia repair during laparoscopic adjustable gastric banding: does it matter?,"['It has been demonstrated that hiatal hernia repair (HHR) during laparoscopic adjustable gastric banding (LAGB) decreases the rate of reoperation. However, the technical aspects (location and number of sutures) are not standardized. It is unknown whether such technical details are associated with differing rates of reoperation for band-related problems.'
 'A retrospective analysis was performed from a single institution, including 2,301 patients undergoing LAGB with HHR from July 1, 2007 to December 31, 2011. Independent variables were number and location of sutures. Data collected included demographics, operating room (OR) time, length of stay (LOS), follow-up time, postoperative BMI/%EWL, and rates of readmission/reoperation. Statistical analyses included ANOVA and Chi squared tests. Kaplan-Meier, log-rank, and Cox regression tests were used for follow-up data and reoperation rates, in order to account for differential length of follow-up and confounding variables.'
 'There was no difference in length of follow-up among all groups. The majority of patients had one suture (range 1-6; 55 %). Patients with fewer sutures had shorter OR time (1 suture 45 min vs. 4+ sutures 56 min, p<0.0001). LOS, 30-day readmission, band-related reoperation, and postop BMI/%EWL were not statistically significant. Anterior suture placement (vs. posterior vs. both) was most common (61 %). OR time was shorter in those with anterior suture (41 min vs. posterior 56 min vs. both 59 min, p<0.0001). Patients with posterior suture had a longer LOS (84 % 1 day vs. anterior 74 % 1 day vs. both 74 % 1 day, p<0.0001). There was no difference in 30-day readmission, band-related reoperation, and postoperative BMI/%EWL.']","Patients with fewer or anterior sutures have shorter OR times. However, 30-day readmission, band-related reoperation, and postoperative weight loss were unaffected by number or location of suture. The technical aspects of HHR did not appear to be associated with readmission or reoperation, and therefore a standardized approach may not be necessary.","The placement and number of sutures significantly affect the rates of reoperation for band-related issues, with anterior placement and a higher number of sutures showing a statistically significant reduction in the need for reoperations compared to other placements and fewer sutures.",,
Does the early adopter of drugs exist?,"[""To analyse associations between indicators for adoption of new drugs and to test the hypothesis that physicians' early adoption of new drugs is a personal trait independent of drug groups.""
 ""In a population-based cohort study using register data, we analysed the prescribing of new drugs by Danish general practitioners. Angiotensin-II antagonists, triptans, selective cyclo-oxygenase-2 antagonists and esomeprazol were used in the assessment. As indicators of new drug uptake, we used adoption time, cumulative incidence, preference proportion, incidence rate and prescription cost and volume. For each measure, we ranked the general practices. Ranks were pair-wise plotted, and Pearson's correlation coefficient ( r) was calculated. Next, we analysed the correlation between ranks across different drug classes.""
 ""For all indicators, the general practitioners' adoption of one group of drugs was poorly associated with adoption of others ( r</=0.49), indicating that early adoption of one type of drugs is not associated with early adoption of another. For all drug groups, adoption time adjusted for practice size was only weakly associated with other indicators ( r: -0.56 to -0.27). Indicators, based on cost and volume of drugs, were highly correlated ( r: 0.96-0.99), and the others correlated reasonably well ( r: 0.51-0.91).""]","Within drug groups, indicators of drug adoption, except for adoption time, correlate reasonably well. However, the theory that physicians' early adoption of new drugs is a personal trait independent of the type of drug could not be confirmed. The notion of the early-drug-adopting general practitioner may be mistaken.","Early adopters of drugs among physicians tend to consistently adopt new medications across various therapeutic classes, suggesting a personal trait influencing their behavior.",hard,Misinterpretation of #Question#
Do somatic complaints predict subsequent symptoms of depression?,"['Evidence suggests substantial comorbidity between symptoms of somatization and depression in clinical as well as nonclinical populations. However, as most existing research has been retrospective or cross-sectional in design, very little is known about the specific nature of this relationship. In particular, it is unclear whether somatic complaints may heighten the risk for the subsequent development of depressive symptoms.'
 'We report findings on the link between symptoms of somatization (assessed using the SCL-90-R) and depression 5 years later (assessed using the CES-D) in an initially healthy cohort of community adults, based on prospective data from the RENO Diet-Heart Study.'
 'Gender-stratified multiple regression analyses revealed that baseline CES-D scores were the best predictors of subsequent depressive symptoms for men and women. Baseline scores on the SCL-90-R somatization subscale significantly predicted subsequent self-reported symptoms of depressed mood 5 years later, but only in women. However, somatic complaints were a somewhat less powerful predictor than income and age.']","Our findings suggest that somatic complaints may represent one, but not necessarily the most important, risk factor for the subsequent development of depressive symptoms in women in nonclinical populations. The results also highlight the importance of including social variables in studies on women's depression as well as conducting additional research to further examine predictors of depressive symptoms in men.","Somatic complaints are a significant predictor of subsequent symptoms of depression in both men and women, regardless of social variables.",easy,Incomplete Information
Does positron emission tomography change management in primary rectal cancer?,"['The influence of positron emission tomography in the management of recurrent rectal cancer is well established but its role in primary rectal cancer remains uncertain. This study therefore prospectively assesses the impact of position emission tomography scanning on the management of primary rectal cancer.'
 ""Forty-six patients with advanced primary rectal cancer referred for consideration of adjuvant preoperative therapy underwent position emission tomography scanning. The referring physicians prospectively recorded each patient's stage following conventional imaging and the proposed treatment plan prior to position emission tomography scanning. This was then compared with subsequent stage and actual management implemented, and the appropriateness of position emission tomography-induced changes was noted by subsequent clinical follow-up.""
 'The surgical management of 36 of 46 patients (78 percent) was unchanged as a result of position emission tomography, even though position emission tomography upstaged disease in 3 of 36 cases (8 percent) and downstaged disease in 5 of 36 cases (14 percent). In 8 of 46 cases (17 percent), management was altered because of the position emission tomography scan findings, including 6 cases (13 percent) in which surgery was cancelled and 2 other cases (4 percent) in which the radiotherapy field was changed. Where available, follow-up confirmed the appropriateness of position emission tomography-induced management change in each case. Two patients had a change in therapy independent of the position emission tomography scan due to clinical circumstances. Overall tumor stage was changed following position emission tomography in 18 of 46 patients (39 percent).']","Position emission tomography scanning appears to accurately change the stage or appropriately alter the therapy of almost a third of patients with advanced primary rectal cancer. In view of this, we suggest that position emission tomography scanning be considered part of standard workup for such patients, particularly if neoadjuvant chemoradiation is being considered as part of primary management.","Positron emission tomography (PET) scanning alters the management of approximately half of patients with primary rectal cancer, indicating a significant impact on clinical decision-making.",,
Is vitamin D insufficiency or deficiency related to the development of osteochondritis dissecans?,"['The aetiology of osteochondritis dissecans is still unclear. The aim of this prospective pilot study was to analyse whether vitamin D insufficiency, or deficiency, might be a contributing etiological factor in the development of an OCD lesion.'
 'The serum level of vitamin D3 in 23 consecutive patients (12 male and 11 female) suffering from a stage III, or stages III and IV, OCD lesion (mostly stage III) admitted for surgery was measured.'
 ""The patients' mean age was 31.3\xa0years and most of them already exhibited closed epiphyseal plates. In the majority of patients (18/23), a distinct vitamin D3 deficiency was found, two patients were vitamin D3-insufficient and, in three patients, the vitamin D3 level reached the lowest normal value.""]","These first data show that a vitamin D3 deficiency rather than an insufficiency may be involved in the development of OCD lesions. Probably, with a vitamin D3 substitution, the development of an advanced OCD stage could be avoided. Further analyses, including morphological analyses regarding a possible osteomalacia, and examination of the PTH and other determinants of the bone metabolism, should be undertaken to either confirm or refute these data.","Vitamin D insufficiency is the primary factor associated with the development of osteochondritis dissecans, rather than deficiency.",easy,Misinterpretation of #Question#
Does feeding tube insertion and its timing improve survival?,"['To examine survival with and without a percutaneous endoscopic gastrostomy (PEG) feeding tube using rigorous methods to account for selection bias and to examine whether the timing of feeding tube insertion affected survival.'
 'Prospective cohort study.' 'All U.S. nursing homes (NHs).'
 'Thirty-six thousand four hundred ninety-two NH residents with advanced cognitive impairment from dementia and new problems eating studied between 1999 and 2007.'
 'Survival after development of the need for eating assistance and feeding tube insertion.'
 'Of the 36,492 NH residents (88.4% white, mean age 84.9, 87.4% with one feeding tube risk factor), 1,957 (5.4%) had a feeding tube inserted within 1\xa0year of developing eating problems. After multivariate analysis correcting for selection bias with propensity score weights, no difference was found in survival between the two groups (adjusted hazard ratio (AHR)\xa0=\xa01.03, 95% confidence interval (CI)\xa0=\xa00.94-1.13). In residents who were tube-fed, the timing of PEG tube insertion relative to the onset of eating problems was not associated with survival after feeding tube insertion (AHR\xa0=\xa01.01, 95% CI\xa0=\xa00.86-1.20, persons with a PEG tube inserted within 1\xa0month of developing an eating problem versus later (4\xa0months) insertion).']",Neither insertion of PEG tubes nor timing of insertion affect survival.,Early insertion of PEG tubes significantly improves survival rates in patients with advanced cognitive impairment from dementia.,,
Is lumbar drainage of postoperative cerebrospinal fluid fistula after spine surgery effective?,"['Postoperative CSF fistulas were described in 16 of 198 patients (8%) who underwent spine surgery between 2009 and 2010. The choice of the therapeutic strategy was based on the clinical condition of the patients, taking into account the possibility to maintain the prone position continuously and the risk of morbidity due to prolonged bed rest. Six patients were treated conservatively (position prone for three weeks), ten patients were treated by positioning an external CSF lumbar drainage for ten days. The mean follow-up period was ten months.'
 'All patients healed their wound properly and no adverse events were recorded. Patients treated conservatively were cured in a mean period of 30 days, while patients treated with CSF drainage were cured in a mean period of 10 days.']",Lumbar drainage seems to be effective and safe both in preventing CSF fistula in cases of large dural tears and debilitated/irradiated patients and in treating CSF leaks.,Lumbar drainage has shown limited effectiveness in treating postoperative CSF fistulas and is associated with a higher risk of infection.,easy,Incomplete Information
Is there a model to teach and practice retroperitoneoscopic nephrectomy?,"['Although the retroperitoneal approach has been the preferred choice for open urological procedures, retroperitoneoscopy is not the preferred approach for laparoscopy. This study aims to develop a training model for retroperitoneoscopy and to establish an experimental learning curve.'
 'Fifteen piglets were operated on to develop a standard retroperitoneoscopic nephrectomy (RPN) training model. All procedures were performed with three ports. Intraoperative data (side, operative time, blood loss, peritoneal opening) were recorded. Animals were divided into groups A, the first eight, and B, the last seven cases. Data were statistically analyzed.'
 'We performed fifteen RPNs. The operative time varied from 15 to 50 minutes (median 30 minutes). Blood loss varied from 5 to 100 mL (median 20 mL). We experienced five peritoneal openings; we had two surgical vascular complications managed laparoscopically. There was statistical difference between groups A and B for peritoneal opening (p = 0.025), operative time (p = 0.0037), and blood loss (p = 0.026).'
 'RPN in a porcine model could simulate the whole procedure, from creating the space to nephrectomy completion. Experimental learning curve was eight cases, after statistical data analysis.']",RPN in a porcine model is feasible and could be very useful for teaching and practicing retroperitoneoscopy.,A virtual reality-based simulation has been developed and validated for teaching and practicing retroperitoneoscopic nephrectomy.,,
Delays in time to primary treatment after a diagnosis of breast cancer: does it impact survival?,"['Treatment delays in breast cancer are generally thought to affect prognosis but the impact on survival remains unclear. Indicators for breast cancer care include time to primary treatment. The purpose of this study was to evaluate whether time to primary treatment (TPT) in breast cancer impacts survival.'
 'A total of 648 breast cancer patients treated in the University Malaya Medical Center (UMMC), Malaysia between 2004 and 2005 were included in the study. TPT was calculated from the date of pathological diagnosis to the date of primary treatment. Mortality data was obtained from the National Registry of Births and Deaths. Last date of follow-up was November 2010.'
 'Median TPT was 18 days. Majority 508 (69.1%) of the patients received treatment within 30 days after diagnosis. The majority was surgically treated. Ethnicity (p=0.002) and stage at presentation (p=0.007) were significantly associated with delayed TPT. Malay ethnicity had delayed TPT compared to the Chinese; Hazard Ratio (HR) 1.9 (Confidence Interval (CI) 1.237, 2.987). Delayed TPT did not affect overall survival on univariate and multivariate analyses.']",Time to primary treatment after a diagnosis of breast cancer had no impact on overall survival. Further studies on care before diagnosis are important in drawing up meaningful quality indicators.,"Delays in time to primary treatment after a diagnosis of breast cancer significantly increase the risk of metastasis, thereby impacting survival negatively.",hard,Misinterpretation of #Question#
Is the urinary biomarkers assessment a non-invasive approach to tubular lesions of the solitary kidney?,"['The solitary kidney (SK) is currently debated in the literature, as living kidney donation is extensively used and the diagnosis of congenital SK is frequent. Tubulointerstitial lesions associated with adaptive phenomena may occur early within the SK.'
 'Analysis of the significance of urinary biomarkers in the assessment of tubulointerstitial lesions of the SK.'
 'A cross-sectional study of 37 patients with SK included 18 patients-acquired SK (mean age 56.44\u2009±\u200912.20 years, interval from nephrectomy 10.94\u2009±\u20099.37 years), 19 patients-congenital SK (mean age 41.52\u2009±\u200910.54 years). Urinary NAG, urinary alpha-1-microglobulin, albuminuria, eGFR (CKD-EPI equation) were measured.'
 'In acquired SK, NAG increased in 60.66%, urinary alpha 1-microglobulin in 16.66%, albuminuria in 55.55% of patients. Inverse correlation with eGFR presented NAG (R(2\u2009)=\u20090.537, p\u2009=\u20090.022), urinary alpha 1-microglobulin (R(2\u2009)=\u20090.702, p\u2009=\u20090.001), albuminuria (R(2\u2009)=\u20090.655, p\u2009=\u20090.003). In congenital SK, NAG increased in 52.63%, urinary alpha 1-microglobulin in 5.26%, albuminuria in 47.36% of patients. In this group, urinary biomarkers correlated inversely with eGFR: NAG (R(2\u2009)=\u20090.743, p\u2009<\u20090.001), urinary alpha 1-microglobulin (R(2\u2009)=\u20090.701, p\u2009=\u20090.001), albuminuria (R(2\u2009)=\u20090.821, p\u2009<\u20090.001). Significant correlations were found between the urinary biomarkers in both groups.']","Urinary biomarkers allow a non-invasive, sensitive, early assessment of the tubular lesions of the SK. Urinary biomarkers of PT injury parallel renal function decline, thus complementing the estimation of GFR. Monitoring of PT dysfunction is mandatory in patients with SK.","Urinary biomarker assessments represent a non-invasive method for detecting early-stage tubular lesions in the solitary kidney. These biomarkers, including N-acetyl-beta-D-glucosaminidase (NAG) and alpha-1-microglobulin (α1M), serve as reliable indicators of tubular injury, providing a practical alternative to more invasive diagnostic procedures.",hard,Misinterpretation of #Question#
Is bicompartmental knee arthroplasty more favourable to knee muscle strength and physical performance compared to total knee arthroplasty?,"['Bicompartmental knee arthroplasty features bone and ligament sparing as unicompartmental knee arthroplasty and is presumably better in the recovery of muscle strength and function compared to total knee arthroplasty (TKA) though not previously reported in the literature. The aim of the study was to compare isokinetic knee muscle strength and physical performance in patients who underwent either bicompartmental knee arthroplasty or TKA.'
 'Each of 24 patients (31 knees) was prospectively examined preoperatively, at 6 and 12 months after each surgery. Isokinetic knee extensor and flexor strength as well as position sense were measured using the Biodex system. Timed up and go test, stair climbing test, and the 6-min walk test were used to assess physical performance. The results of each group were also compared with those from the corresponding healthy control, respectively.'
 'Demography showed significant difference in the mean age between bicompartment (54.8 ± 5.6 years) and TKA groups (65.7 ± 6.7 years). Comparing between the two groups, knee extensor and flexor torque, hamstring/Quadriceps ratio, position sense, and physical performance were not significantly different preoperatively, at 6 and 12 months after surgery. In intra-group analysis, muscle strength and position sense at each time point were not different in both groups. In physical performance, both groups resulted in improvement in the 6-min walk test, and only TKA group showed enhancement in stair climbing test.']","Although theoretically plausible, bicompartmental knee arthroplasty was not superior in knee muscle strength and physical performance at 1 year compared with total knee arthroplasty.","Bicompartmental knee arthroplasty (BKA) offers a more favorable recovery profile for knee muscle strength and physical performance compared to total knee arthroplasty (TKA). Specifically, BKA patients exhibit higher knee extensor torque and improved performance in stair climbing tests at 12 months post-surgery.",,
Household and food shopping environments: do they play a role in socioeconomic inequalities in fruit and vegetable consumption?,"['Fruit and vegetables are protective of a number of chronic diseases; however, their intakes have been shown to vary by socioeconomic position (SEP). Household and food shopping environmental factors are thought to contribute to these differences. To determine whether household and food shopping environmental factors are associated with fruit and vegetable (FV) intakes, and contribute to socioeconomic inequalities in FV consumption.'
 'Cross-sectional data were obtained by a postal questionnaire among 4333 adults (23-85 years) living in 168 neighbourhoods in the south-eastern Netherlands. Participants agreed/disagreed with a number of statements about the characteristics of their household and food shopping environments, including access, prices and quality. Education was used to characterise socioeconomic position (SEP). Main outcome measures were whether or not participants consumed fruit or vegetables on a daily basis. Multilevel logistic regression models examined between-area variance in FV consumption and associations between characteristics of the household and food shopping environments and FV consumption.'
 'Only a few household and food shopping environmental factors were significantly associated with fruit and vegetable consumption, and their prevalence was low. Participants who perceived FV to be expensive were more likely to consume them. There were significant socioeconomic inequalities in fruit and vegetable consumption (ORs of not consuming fruit and vegetables were 4.26 and 5.47 among the lowest-educated groups for fruit and vegetables, respectively); however, these were not explained by any household or food shopping environmental factors.']","Improving access to FV in the household and food shopping environments will only make a small contribution to improving population consumption levels, and may only have a limited effect in reducing socioeconomic inequalities in their consumption.",Improving access to fruits and vegetables in the household and food shopping environments can significantly reduce socioeconomic inequalities in their consumption.,hard,Incomplete Information
Must early postoperative oral intake be limited to laparoscopy?,"['This prospective, randomized study was designed to evaluate whether or not early postoperative feeding (claimed as a unique benefit of laparoscopic surgery) is possible after laparotomy and colorectal resection.'
 'The trial was performed between July 1, 1992 and October 31, 1992 and included all 64 consecutive patients who underwent laparotomy with either a colonic or an ileal resection. In all cases the nasogastric tube was removed immediately after the operation. Group 1 consisted of 32 patients (age range, 15-81 years; mean, 52 years) who received a regular diet on the first postoperative morning. Group 2 consisted of 32 patients (age range, 15-87 years; mean, 52 years) who were fed in a traditional manner. Regular food was permitted after resolution of ileus as defined by resumption of bowel movements in the absence of abdominal distention, nausea, or vomiting.'
 'The rate of nasogastric tube reinsertion for distention with persistent vomiting was 18.7 percent (six patients) in Group 1 and 12.5 percent (four patients) in Group 2. Although vomiting was experienced more frequently by patients in Group 1 (44 percent vs. 25 percent, respectively), there was no difference between the two groups with regard to the duration of postoperative ileus (3.6 vs. 3.4 days, respectively). In the 26 patients from Group 1 who did not require nasogastric tube reinsertion, there was a trend toward shorter hospitalization (6.7 vs. 8.0 days, respectively).']","Early oral intake is possible after laparotomy and colorectal resection. Thus, the laparoscopic surgeon's claim of early tolerated oral intake may not be unique to laparoscopy.",Early postoperative oral intake must be limited after both laparotomy and laparoscopy due to increased risk of ileus and aspiration.,easy,Misinterpretation of #Question#
Acute respiratory distress syndrome in children with malignancy--can we predict outcome?,"['The purpose of this study was to delineate early respiratory predictors of mortality in children with hemato-oncology malignancy who developed acute respiratory distress syndrome (ARDS).'
 'We conducted a retrospective chart review of children with malignant and ARDS who needed mechanical ventilation and were admitted to a pediatric intensive care unit from January 1987 to January 1997.'
 'Seventeen children with ARDS and malignancy aged 10.5 +/- 5.1 years were identified. Six of the 17 children (35.3%) survived. Sepsis syndrome was present in 70.6% of all the children. Peak inspiratory pressure, positive end-expiratory pressure (PEEP), and ventilation index values could distinguish outcome by day 3. A significant relationship between respiratory data and outcome related to efficiency of oxygenation, as determined by PaO(2)/FIO(2) and P(A-a)O(2), was present from day 8 after onset of mechanical ventilation.']","Peak inspiratory pressure, PEEP, and ventilation index values could distinguish survivors from nonsurvivors by day 3. This may assist in early application of supportive nonconventional therapies in children with malignancy and ARDS.",The presence of leukemic blast cells in bronchoalveolar lavage fluid on admission is a significant predictor of poor prognosis in children with malignancy and ARDS.,,
Are neighbourhood social capital and availability of sports facilities related to sports participation among Dutch adolescents?,"['The aim of this study is to explore whether availability of sports facilities, parks, and neighbourhood social capital (NSC) and their interaction are associated with leisure time sports participation among Dutch adolescents.'
 'Cross-sectional analyses were conducted on complete data from the last wave of the YouRAction evaluation trial. Adolescents (n\u2009=\u2009852) completed a questionnaire asking for sports participation, perceived NSC and demographics. Ecometric methods were used to aggregate perceived NSC to zip code level. Availability of sports facilities and parks was assessed by means of geographic information systems within the zip-code area and within a 1600 meter buffer. Multilevel logistic regression analyses, with neighborhood and individual as levels, were conducted to examine associations between physical and social environmental factors and leisure time sports participation. Simple slopes analysis was conducted to decompose interaction effects.'
 'NSC was significantly associated with sports participation (OR: 3.51 (95%CI: 1.18;10.41)) after adjustment for potential confounders. Availability of sports facilities and availability of parks were not associated with sports participation. A significant interaction between NSC and density of parks within the neighbourhood area (OR: 1.22 (90%CI: 1.01;1.34)) was found. Decomposition of the interaction term showed that adolescents were most likely to engage in leisure time sports when both availability of parks and NSC were highest.']","The results of this study indicate that leisure time sports participation is associated with levels of NSC, but not with availability of parks or sports facilities. In addition, NSC and availability of parks in the zip code area interacted in such a way that leisure time sports participation is most likely among adolescents living in zip code areas with higher levels of NSC, and higher availability of parks. Hence, availability of parks appears only to be important for leisure time sports participation when NSC is high.","Availability of sports facilities is significantly associated with leisure time sports participation among Dutch adolescents, alongside the impact of neighborhood social capital (NSC).",easy,Incomplete Information
The promise of specialty pharmaceuticals: are they worth the price?,"['Specialty pharmaceuticals have evolved beyond their status as niche drugs designed to treat rare conditions and are now poised to become the standard of care in a wide variety of common chronic illnesses. Due in part to the cost of these therapies, payers are increasingly demanding evidence of their value. Determining the value of these medications is hampered by a lack of robust pharmacoeconomic data.'
 'To outline emerging strategies and case study examples for the medical and pharmacy benefits management of specialty pharmaceuticals.'
 'The promise of specialty pharmaceuticals: increased life expectancy, improved quality of life, enhanced workplace productivity, decreased burden of disease, and reduced health care spending comes at a significant cost. These agents require special handling, administration, patient education, clinical support, and risk mitigation. Additionally, specialty drugs require distribution systems that ensure appropriate patient selection and data collection. With the specialty pharmaceutical pipeline overflowing with new medicines and an aging population increasingly relying on these novel treatments to treat common diseases, the challenge of managing the costs associated with these agents can be daunting. Aided by sophisticated pharmacoeconomic models to assess value, the cost impacts of these specialty drugs can be appropriately controlled.']","Current evidence suggests that when used in targeted patient populations, specialty pharmaceuticals may represent a good health care value.","Specialty pharmaceuticals consistently demonstrate high efficacy and safety profiles in treating rare diseases, even when compared to traditional therapies.",medium,Misinterpretation of #Question#
Recurrent spontaneous abortion and skewed X-inactivation: is there an association?,"['The purpose of this study was to determine whether there is an association between skewed X-inactivation and recurrent spontaneous abortion in a large, well-defined sample of women with recurrent loss.'
 'X-chromosome inactivation patterns were compared in 5 groups of women. Group 1 (recurrent spontaneous abortion) consisted of 357 women with 2 or more spontaneous losses. In group 2 (infertility), there were 349 subjects from infertility practices recruited at the time of a positive serum beta-human chorionic gonadotropin. Group 3 (spontaneous abortion) women (n = 81) were recruited at the time of an ultrasound diagnosis of an embryonic demise or an anembryonic gestation. Groups 4 (primiparous) and 5 (multiparous) were healthy pregnant subjects previously enrolled in another study to determine the incidence and cause of pregnancy complications, such as preeclampsia and intrauterine growth restriction. The Primiparous group included 114 women in their first pregnancy, whereas the Multiparous group consisted of 79 women with 2 or more pregnancies but without pregnancy loss.'
 'The rate of extreme skewing (90% or greater) in the recurrent spontaneous abortion population was 8.6%, and not statistically different from any of the other groups, except the Primiparous group (1.0%, P<.01). The incidence of X-inactivation skewing of 90% or greater was no different whether there had been at least 1 live birth (9.9%), or no previous live births and at least 3 losses (5.6%, P>.05). When age and skewing of 90% or greater are compared, subjects with extreme skewing have a mean age of 2 years older than those without extreme skewing (P<.05).']",Skewed X-inactivation is not associated with recurrent spontaneous abortion but is associated with increasing maternal age.,"Skewed X-inactivation is significantly associated with recurrent spontaneous abortion, especially in younger women.",hard,Misinterpretation of #Question#
Does parity increase insulin resistance during pregnancy?,"['To study the effect of parity on impairment of insulin sensitivity during pregnancy and on the risk of gestational diabetes (GDM).'
 'We studied the relationship between parity and peripheral insulin sensitivity index (ISI(OGTT)) or GDM in 1880 caucasian women, who underwent a 100-g, 3-h oral glucose tolerance test (OGTT) between the 24th and 28th gestational week and in 75 women who underwent an OGTT in two consecutive pregnancies. A proxy for beta-cell function (basal plasma C peptide/fasting plasma glucose; CP/FPG) was also measured.'
 'By univariate analysis parity was related to decreased ISI(OGTT) and to increased CP/FPG in those with parity>3 and likewise GDM, diagnosed in 124 women (6.58%), was linearly related to parity (P = 0.0034) and strongly age dependent. The relationships between parity and ISI(OGTT), CP/FPG and GDM were no longer significant after adjustment for age, pregestational body mass index (BMI), and weight gain. GDM was significantly related to age and pregestational weight, while ISI(OGTT) and CP/FPG were inversely related to prepregnancy BMI or weight gain. In comparison with the index pregnancy, the subsequent pregnancy was characterized by an increase in actual and prepregnancy BMI, in 2 h area under curve (AUC) glucose and by a decrease in ISI(OGTT) (P = 0.0001). The longer the time interval between pregnancies and the higher the increment in pregestational BMI or in weight gain during the pregnancy, the greater were the ISI(OGTT) decrease and 2-h AUC glucose increase.']","Parity is not directly linked to insulin sensitivity deterioration, to CP/FPG increase during pregnancy, or to GDM appearance, although it is linked through the mediation of progressive ageing and weight gain either before or during pregnancy, when there is a sufficiently long time interval between pregnancies.",Parity increases insulin resistance during pregnancy due to repeated hormonal changes affecting metabolic pathways.,hard,Misinterpretation of #Question#
Can common carotid intima media thickness serve as an indicator of both cardiovascular phenotype and risk among black Africans?,"['It is not known whether common carotid intima media thickness (CIMT) can serve as a surrogate marker of cardiovascular risk among black Africans. Therefore, we examined whether CIMT differed significantly among individuals with distinct cardiovascular phenotype and correlated significantly with traditional cardiovascular risk factors in a black African population.'
 ""CIMT was measured in 456 subjects with three distinct cardiovascular phenotypes - 175 consecutive Nigerian African stroke patients, 161 hypertensive patients without stroke and 120 normotensive non-smoking adults. For each pair of cardiovascular phenotypes, c-statistics were obtained for CIMT and traditional vascular risk factors (including age, gender, weight, waist circumference, smoking, alcohol, systolic and diastolic blood pressures, fasting plasma glucose, fasting total cholesterol). Pearson's correlation coefficients were calculated to quantify bivariate relationships.""
 'Bilaterally, CIMT was significantly different among the three cardiovascular phenotypes (right: p\u2009<\u20090.001, F\u2009=\u200933.8; left: p\u2009<\u20090.001, F\u2009=\u200948.6). CIMT had a higher c-statistic for differentiating stroke versus normotension (c\u2009=\u20090.78 right; 0.82 left, p\u2009<\u20090.001) and hypertension versus normotension (c\u2009=\u20090.65 right; 0.71 left, p\u2009<\u20090.001) than several traditional vascular risk factors. Bilaterally, combining all subjects, CIMT was the only factor that correlated significantly (right: 0.12\u2009≤\u2009r\u2009≤\u20090.41, 0.018\u2009≤\u2009p\u2009<\u20090.0001; left: 0.18\u2009≤\u2009r\u2009≤\u20090.41, 0.005\u2009≤\u2009p\u2009<\u20090.0001) to all the traditional cardiovascular risk factors assessed.']","Our findings support CIMT as a significant indicator of both cardiovascular risk and phenotype among adult black Africans. However, specific thresholds need to be defined based on prospective studies.",CIMT can only serve as a reliable indicator of cardiovascular risk among black Africans but not of cardiovascular phenotype.,easy,Misinterpretation of #Question#
Diagnosis and follow-up in constipated children: should we use ultrasound?,"['We investigated the efficacy of ultrasound in determining megarectum and fecal load and the response to treatment in constipation and tried to specify objective criteria in this study.'
 'A total of 66 cases were queried and divided into 2 groups as constipated (n = 35; mean age, 6.8 ± 2.9 years) and control (n = 31; mean age, 8.4 ± 3.8 years) according to Rome III criteria. After the clinical evaluation, pelvic ultrasonography (US) was performed by 2 separate radiologists. The bladder capacity and the transverse rectal diameter were measured with a full bladder. Then the rectal diameter and rectal anterior wall thickness were measured, and the presence of fecal load in the rectum and sigmoid colon was recorded with an empty bladder. The examination and ultrasound were repeated after treatment for a month in these patients.'
 'Comparison of the US measurements of the 2 radiologists performing the US tests did not show any interobserver difference (r = 0.981; P<.001). We therefore believe our results are objective and reproducible. We found a positive correlation between the rectal diameters and the age, height, weight, and bladder capacity. The posturination mean rectal diameter was thicker in the constipated group (3.02 ± 1.04 cm) than in the control group (1.98 ± 0.64 cm) (P<.001). The cutoff point of rectal diameter for a diagnosis of constipation was determined as 2.44 cm (71% sensitive; 76% specific; area under curve, 0.825; P<.001). The rectal anterior wall thickness and fecal load were higher in the constipated patients (P<.001). There was a significant decrease in the constipation score and fecal load after treatment for a month (P<.001), but the rectal diameter had not reached normal limits yet despite the decrease (2.71 ± 0.77 cm) (P>.05).']",The use of US helps in making a correct diagnosis and in the follow-up with objective criteria and also convinces the patient and the family that the treatment needs to be continued.,Ultrasound is less effective for diagnosing and monitoring constipation in children compared to traditional X-ray imaging due to its lower resolution in detecting fecal load.,hard,Misinterpretation of #Question#
Does the use of atypical antipsychotics as adjunctive therapy in depression result in cost savings?,"['Several atypical antipsychotics (AAPs) are used as second-line agents for treatment resistant depression. AAPs can be expensive compared to other treatment options and can cause several side effects.'
 'To estimate healthcare costs and utilization of AAPs compared to other second-line agents.'
 'Observational study using Medicaid claims data (2006-2011). Subjects were depression-diagnosed adult members with at least two prescriptions of antidepressant medications followed by a second-line agent. Gamma generalized linear models (GLM) produced estimates of the difference in mean expenditures among treatment groups after adjusting for individual baseline characteristics using propensity scores. Negative binomial models produced estimates of the difference in number of hospitalizations and emergency department (ED) visits.'
 'A total of 3910 members received second-line treatment. Treatment groups were AAPs (n\u2009=\u20092211), augmentation agents other than AAPs (n\u2009=\u20091008), and antidepressant switching (n\u2009=\u2009691). AAPs resulted in higher mean adjusted pharmacy costs and higher mean adjusted total mental health-related costs. Mean adjusted total healthcare costs and number of inpatient and ED visits were not different among treatments.']",The results show no evidence that AAPs used as second-line treatment for depression results in overall cost savings or lower inpatient and ED visits compared to other treatment strategies.,Atypical antipsychotics used as adjunctive therapy in depression do result in significant cost savings due to reduced hospitalization rates.,,
Memory-provoked rCBF-SPECT as a diagnostic tool in Alzheimer's disease?,"[""Alzheimer's disease (AD) is a primary degenerative disease that progressively affects all brain functions, with devastating consequences for the patient, the patient's family and society. Rest regional cerebral blood flow (rCBF) could have a strategic role in differentiating between AD patients and normal controls, but its use for this purpose has a low discriminatory capacity. The purpose of this study was to evaluate whether the diagnostic sensitivity of rCBF single-photon emission computed tomography (SPECT) could be increased by using an episodic memory task provocation, i.e. memory-provoked rCBF-SPECT (MP-SPECT).""
 'Eighteen persons (73.2+/-4.8 years) with mild AD and 18 healthy elderly (69.4+/-3.9 years) were included in the study. The subjects were injected with (99m)Tc-hexamethylpropylene amine oxime (HMPAO) during memory provocation with faces and names, followed by an rCBF-SPECT study. The rCBF (99m)Tc-HMPAO SPECT images were analysed using statistical parametric mapping (SPM2). Peaks with a false discovery rate corrected value of 0.05 were considered significant.'
 'On MP-SPECT, the AD group showed a significant rCBF reduction in the left parietal cortex in comparison with healthy elderly. At rest, no significant group differences were seen.']","Memory provocation increased the sensitivity of rCBF-SPECT for the detection of AD-related blood flow changes in the brain at the group level. Further studies are needed to evaluate MP-SPECT as a diagnostic tool at the individual level. If a higher sensitivity for AD at the individual level is verified in future studies, a single MP-SPECT study might be sufficient in the clinical setting.","Memory-provoked rCBF-SPECT (MP-SPECT) has shown significant improvements in detecting Alzheimer's-related blood flow alterations compared to resting-state scans, particularly in identifying early-stage Alzheimer's disease. A recent study published in the Journal of Neuroimaging in 2020 by Dr. Jane Anderson and colleagues reported a 25% increase in diagnostic accuracy for early detection of Alzheimer's disease through MP-SPECT.",,
Post-tonsillectomy late haemorrhage: is it a preferably night-time event?,"['This retrospective study was carried out in the Ear Nose Throat (ENT) Unit of Giannina Gaslini Institute, Genoa, Italy on children operated for adenotonsillectomy (AT) or tonsillectomy (T) between January 2003 and February 2008. We considered in the study all the post-tonsillectomy late haemorrhages irrespective of their severity and for each case we evaluated whether they recurred in the day-time (B) (between 9.00 a.m. and 9.00 p.m.) or in the night-time (A) (between 9.00 p.m. and 9.00 a.m.). Finally we considered the number of haemorrhages per hour in the whole day.'
 'Out of 3306 patients undergoing elective adenotonsillectomy or tonsillectomy, post-operative late haemorrhage occurred in 59 (1.78%). We noted that 42 episodes (71.2%) occurred in the night-time and 17 (28.8%) in the day-time. The average time from the operation was 8.4 days. A statistically significant difference (p=0.002) was found when comparing the frequencies of night-time and day-time haemorrhages. We did not observe any significant difference in the distribution per hour of the haemorrhages.']","The incidence of post-tonsillectomy late haemorrhage in our study population was 1.78%. A statistically significant difference was found between night-time and day-time haemorrhages. Even though no significant distribution of haemorrhages per hour was observed, we underline that we recorded 32 (54.2%) events in 2 periods of the day: from 10 p.m. to 1 a.m. and from 6 to 9 a.m.","Night-time is the predominant period for post-tonsillectomy late haemorrhages, particularly between 10 p.m. and 2 a.m.",hard,Misinterpretation of #Question#
"Neoadjuvant Imatinib in Locally Advanced Gastrointestinal stromal Tumours, Will Kit Mutation Analysis Be a Pathfinder?","['Longer duration of neoadjuvant (NA) imatinib\xa0(IM) used for locally advanced (LA) gastrointestinal stromal tumours (GIST) is not based on biology of the tumour reflected by kit mutation analysis.'
 'LA or locally recurrent (LR) GIST treated with NA IM from May 2008 to March 2015 from a prospective database were included in\xa0the analysis. Archived formalin-fixed paraffin-embedded tissues (FFPE) were used for testing KIT exons 9, 11, 13 and 17 by PCR.'
 'One hundred twenty-five patients with LA or LR GIST were treated with NA IM. Forty-five patients (36\xa0%) had undergone c-kit mutation testing. Exon 11 was seen in 25 patients (55.5\xa0%), 3 with exon 9 (6.7\xa0%) and 2 with exon 13 (4.4\xa0%). Twelve were wild type (26.6\xa0%) and \xa03 (6.7 %) were declared uninterpretable. Response rate (RR) for the exon 11 mutants was higher than the non-exon 11 mutant group (84 vs. 40\xa0%, p\u2009=\u20090.01). Disease stabilization rate (DSR) rates were also higher in the exon 11 subgroup than non-exon 11 group (92 vs. 75\xa0%). Eighty-four per cent exon 11 and 75\xa0% non-exon 11 mutants were surgical candidates. Patients undergoing surgery had significantly improved event free survival (EFS) (p\u2009<\u20090.001) compared to patients not undergoing surgery, with the same trend seen in OS (p\u2009=\u20090.021). Patients with a SD on response to NA IM had a lower EFS (p\u2009=\u20090.076) and OS compared to patients achieving CR/PR. There were no differences between the various exon variants in terms of outcomes and responses']",Upfront evaluation of kit mutation status may help us in delineating separate treatment strategies for potentially biologically different tumours and assessing the correct timing of surgery for this subset of GIST.,"The mutation analysis of KIT plays a minimal role in predicting the effectiveness of neoadjuvant imatinib therapy in locally advanced GISTs, suggesting that it is not essential for determining treatment strategies.",,
Does desflurane alter left ventricular function when used to control surgical stimulation during aortic surgery?,"['Although desflurane is commonly used to control surgically induced hypertension, its effects on left ventricular (LV) function have not been investigated in this clinical situation. The purpose of the present study was to evaluate the LV function response to desflurane, when used to control intraoperative hypertension.'
 'In 50 patients, scheduled for vascular surgery, anesthesia was induced with sufentanil 0.5 microg/kg, midazolam 0.3 mg/kg and atracurium 0.5 mg/kg. After tracheal intubation, anesthesia was maintained with increments of drugs with controlled ventilation (N2O/O2=60/40%) until the start of surgery. A 5 Mhz transesophageal echocardiography (TEE) probe was inserted after intubation. Pulmonary artery catheter and TEE measurements were obtained after induction (to)(control value), at surgical incision (t1) if it was associated with an increase in systolic arterial pressure (SAP) greater than 140 mmHg (hypertension) and after control of hemodynamic parameters by administration of desflurane (return of systolic arterial pressure to within 20% of the control value) (t2) in a fresh gas flow of 31/ min.'
 'Sixteen patients developed hypertension at surgical incision. SAP was controlled by desflurane in all 16 patients. Afterload assessed by systemic vascular resistance index (SVRI), end-systolic wall-stress (ESWS) and left-ventricular stroke work index (LVSWI) increased with incision until the hypertension returned to post-induction values with mean end-tidal concentration of 5.1+/-0.7% desflurane. No change in heart rate, cardiac index, mean pulmonary arterial pressure, stroke volume, end-diastolic and end-systolic cross-sectional areas, fractional area change and left ventricular circumferential fiber shortening was noted when desflurane was added to restore blood pressure.']","This study demonstrates that in patients at risk for cardiac morbidity undergoing vascular surgery, desflurane is effective to control intraoperative hypertension without fear of major cardiac depressant effect.",Desflurane increases left ventricular ejection fraction when used to manage surgically induced hypertension during aortic surgery.,medium,Misinterpretation of #Question#
Is the breast best for children with a family history of atopy?,"['Previous studies reported that breast-feeding protects children against a variety of diseases, but these studies were generally conducted on ""high-risk"" or hospitalized children. This paper describes the results of our study on the effects of breast-feeding on rate of illness in normal children with a family history of atopy.'
 'A historic cohort approach of 794 children with a family history of atopy was used to assess the effects of breast-feeding on illness rates. Family history of atopy was based on allergic diseases in family members as registered by the family physician. Illness data from birth onwards were available from the Continuous Morbidity Registration of the Department of Family Medicine. Information on breast-feeding was collected by postal questionnaire. We then compared rates of illness between children with a family history of atopy who were and who were not breast-fed.'
 'Breast-feeding was related to lower levels of childhood illness both in the first and the first three years of life. In the first year of life they had fewer episodes of gastroenteritis, lower respiratory tract infections, and digestive tract disorders. Over the next three years of life they had fewer respiratory tract infections and skin infections.']",Our results suggest a protective effect of breast-feeding among children with a family history of atopy that is not confined to the period of breast-feeding but continues during the first three years of life. Breast-feeding should be promoted in children with a family history of atopy.,"#Hallucinated Answer#: Our results suggest that breast-feeding increases the risk of developing allergies among children with a family history of atopy.

#Justification of Hallucinated answer#: A longitudinal study published in the International Journal of Allergy and Clinical Immunology in 2020 investigated the long-term effects of breast-feeding on children with a family history of atopy. The study, conducted by Dr. Jane Wilson from the University of Allergy Research, found that children who were exclusively breast-fed had higher incidences of allergic reactions and asthma compared to those who were formula-fed. The findings indicated that certain allergens present in breast milk might exacerbate the genetic predisposition to atopy in these children.",easy,Misinterpretation of #Question#
Are variations in the use of carotid endarterectomy explained by population Need?,"['to describe variation in utilisation of carotid endarterectomy (CEA) within two English health regions and explore relationships between use, need and proximity to services.'
 'consecutive case series of operations. Comparison at a population level with district stroke mortality, hospital admissions and material deprivation.'
 ""standardised utilisation rates for CEA and measures of inter-district variability. Spearman's rank correlation coefficients for associations between variables.""
 ""variation in utilisation rates was considerable (14-fold difference across district populations). More individuals had bilateral surgery in the Yorkshire region than in the Northern (11.7% vs. 5.5%, p=0.002). There was no association between utilisation rates for CEA and district stroke mortality (r=-0.06, 95% CI -0.41 to 0.30) or admission rates for stroke (r=0.17, 95% CI -0.2 to 0.49). There was a strong relationship between residence in districts where services were located and higher utilisation. Rates of CEA were lowest in the regions' most affluent wards.""]","use of CEA varies widely, depending on area of residence. Variation is not a consequence of differences in need, but reflects clinical practice and supply of services. There is evidence to suggest unmet need for CEA.",The use of carotid endarterectomy (CEA) varies significantly due to differences in healthcare needs across different populations.,,
Is aneurysm repair justified for the patients aged 80 or older after aneurysmal subarachnoid hemorrhage?,"['With the advancement of an aging society in the world, an increasing number of elderly patients have been hospitalized due to aneurysmal subarachnoid hemorrhage (aSAH). There is no study that compares the elderly cases of aSAH who receive the definitive treatment with those who treated conservatively. The aim of this study was to investigate the feasibility of the definitive surgery for the acute subarachnoid cases aged 80 or older.'
 'We reviewed 500 consecutive cases with acute aSAH with surgical indication for aneurysm repair. Inoperable cases such as dead-on-arrival and the cases with both pupils dilated were excluded. We compared the cases aged 80 or older that received clipping or coil embolization with the controls that the family selected conservative treatment.'
 '69 cases were included in this study (ranged 80-98, male:female=9:60). 56 cases (81.2%) had an aneurysm in the anterior circulation. 23 cases received clipping, 20 cases coil embolization and 26 cases treated conservatively. The cases with aneurysm repair showed significantly better clinical outcome than the controls, while World Federation of Neurological Surgeons (WFNS) grade on admission and premorbid modified Rankin Scale showed no difference between them.']","Better prognosis was obtained when ruptured aneurysm was repaired in the elderly than it was treated conservatively. From the results of this study, we should not hesitate to offer the definitive surgery for the elderly with aSAH.",Conservative treatment yields similar outcomes to aneurysm repair in elderly patients with aSAH.,hard,Incomplete Information
Can dose reduction to one parotid gland prevent xerostomia?,"['Dryness of the mouth is one of the most distressing chronic toxicities of radiation therapy in head and neck cancers. In this study, parotid function was assessed in patients with locally advanced head and neck cancers undergoing intensity-modulated radiotherapy (IMRT) with or without chemotherapy. Parotid function was assessed with the help of a questionnaire and parotid scintigraphy, especially with regards to unilateral sparing of the parotid gland.'
 'In total, 19 patients were treated with compensator-based IMRT between February 2003 and March 2004. The dose to the clinical target volume ranged between 66 and 70 Gy in 30-35 fractions to 95% of the isodose volume. Ipsilateral high-risk neck nodes received an average dose of 60 Gy and the contralateral low-risk neck received a dose of 54-56 Gy. Eight of 19 patients also received concomitant chemotherapy.'
 'Subjective toxicity to the parotid glands was assessed with the help of a questionnaire at 0, 3 and 6 months and objective toxicity was assessed with parotid scintigraphy at 0 and 3 months. The mean dose to the ipsilateral parotid gland ranged from 19.5 to 52.8 Gy (mean 33.14 Gy) and the mean dose to the contralateral gland was 11.1-46.6 Gy (mean 26.85 Gy). At a median follow-up of 13 months, 9/19 patients had no symptoms of dryness of the mouth (grade I), 8/19 had mild dryness of the mouth (grade II) and only 2/19 had grade III xerostomia, although the parotid gland could only be spared on one side in most of the patients.']",Minimising the radiation dose to one of the parotid glands with the help of IMRT in patients with advanced head and neck cancers can prevent xerostomia in most patients and parotid scintigraphy is a useful method of documenting xerostomia.,Administering a higher dose to one parotid gland while minimizing the dose to the other can prevent xerostomia in patients undergoing radiation therapy for head and neck cancers.,,
Does reducing spasticity translate into functional benefit?,"['Spasticity and loss of function in an affected arm are common after stroke. Although botulinum toxin is used to reduce spasticity, its functional benefits are less easily demonstrated. This paper reports an exploratory meta-analysis to investigate the relationship between reduced arm spasticity and improved arm function.'
 'Individual data from stroke patients in two randomised controlled trials of intra-muscular botulinum toxin were pooled. The Modified Ashworth Scale (elbow, wrist, fingers) was used to calculate a ""Composite Spasticity Index"". Data from the arm section of the Barthel Activities of Daily Living Index (dressing, grooming, and feeding) and three subjective measures (putting arm through sleeve, cleaning palm, cutting fingernails) were summed to give a ""Composite Functional Index"". Change scores and the time of maximum change were also calculated.'
 'Maximum changes in both composite measures occurred concurrently in 47 patients. In 26 patients the improvement in spasticity preceded the improvement in function with 18 showing the reverse. There was a definite relationship between the maximum change in spasticity and the maximum change in arm function, independent of treatment (rho = -0.2822, p = 0.0008, n = 137). There was a clear relationship between the changes in spasticity and in arm function in patients treated with botulinum toxin (Dysport) at 500 or 1000 units (rho = -0.5679, p = 0.0090, n = 22; rho = -0.4430, p = 0.0018, n = 47), but not in those treated with placebo or 1500 units.']","Using a targeted meta-analytic approach, it is possible to demonstrate that reducing spasticity in the arm is associated with a significant improvement in arm function.",Reducing spasticity in the arm primarily improves grip strength but does not significantly enhance other aspects of arm functionality.,,
Can PRISM predict length of PICU stay?,"['PRISM is claimed to score disease severity which has attributed an impact on length of PICU stay (LOS).'
 ""To determine the impact of PRISM on LOS, and evaluate an Artificial Neural Network's (ANN) performance to estimate LOS from PRISM item patterns.""
 ""Retrospectively we performed correlation and regression analyses on routinely scored PRISM data of all consecutive admissions to our level-III PICU from 1994 to 1999 (n>2000) with individual LOS. In addition, an ANN was trained on the chronologically first 75% of those data (inputs, PRISM items + age + sex; output, LOS). The ANN's performance was tested on the remaining most recent 25% of the data sets.""
 ""The Spearman and Pearson coefficients of correlation between PRISM and LOS were 0.2 (p<0.001) and 0.08 (p = 0.0003), the latter being slightly higher when LOS was logarithmically transformed. Pearson's coefficient of correlation between ANN derived LOS estimate and actual LOS was 0.21 (p<0.001) (LOS logarithmically transformed: 0.34; p<0.001) in the independent validation sample.""]","The ANN with its intrinsic ability to detect non-linear correlation, and to relate specific item patterns to LOS, outperformed linear statistics but was still disappointing in estimating individual LOS. It might be speculated that therapeutic intervention modulates the natural course of the disease thus counteracting both disease severity as initially scored by PRISM, and LOS. This being true, the inverse of the correlation between PRISM (or PRISM based LOS estimate) and LOS might be a candidate indicator of quality of care.","PRISM scores have a moderate predictive power for length of PICU stay, with a study indicating a correlation coefficient of 0.42. This suggests that while PRISM scores are useful for assessing the severity of illness, they do not offer precise estimates of the duration of hospitalization.",,
Traumatic aortic injury: does the anatomy of the aortic arch influence aortic trauma severity?,"['Traumatic aortic injury (TAI) is a rare but life-threatening type of injury. We investigate whether the anatomy of the aortic arch influences the severity of aortic injury.'
 'This is a retrospective study of twenty-two cases treated with TEVAR for TAI in our department from 2009 to 2014. Aortic injury was assessed in accordance with the recommendations of the Society of Vascular Surgery. We measured the aortic arch angle and the aortic arch index, based on the initial angio-CT scan, in each of the analyzed cases.'
 'The mean aortic arch index and mean aortic arch angle were 6.8\xa0cm and 58.3°, respectively, in the type I injury group; 4.4\xa0cm and 45.9° in the type III group; 3.3\xa0cm and 37° in the type IV group. There were substantial differences in both the aortic arch index and the aortic arch angle of the type III and IV groups. A multivariate analysis confirmed that the aortic arch angle was significantly associated with the occurrence of type III damage (OR 1.5; 95% CI 1.03-2.2).']",The severity of TAI is influenced by the sharpness of the aortic arch. There is an inverse relationship between the severity of aortic injury and the aortic arch index.,The severity of TAI is significantly influenced by the anatomical length of the aortic arch. Longer aortic arches correlate with increased injury severity due to greater mechanical stress during trauma.,hard,Misinterpretation of #Question#
Assessing joint line positions by means of the contralateral knee: a new approach for planning knee revision surgery?,"['Reconstructing the natural joint line in knee revision surgery improves clinical and functional outcome but may be challenging when both cartilage and bone were removed during previous operations. Assessing joint lines (JLs) by means of bony landmarks is inadvisable because of large variations in human anatomy. Because of the inherent symmetry of the human body, we hypothesised that JLs may be directly assessed by measuring the distances from the bony landmarks to the JL of the contralateral knee by means of radiographic images.'
 'Using scaled weight-bearing radiographs in anteroposterior view of both knees, two independent observers measured the distances from the fibular head, the medial and lateral epicondyle, and the adductor tubercle to the JL. A two-sided p value of ≤0.05 was considered statistically significant.'
 'Two hundred knees of 100 patients (50 men and 50 women) were examined. For the fibular head, the mean difference between the treated and the control knee was 0.0 mm with narrow confidence limits ranging from -1.1 to 1.1.']","As a new assessment method, we have suggested to assess the JL by means of radiographs of the contralateral knee. The most precise parameter was found to be the distance between the fibular head and the JL. The level of arthritis, age, gender, visibility of the landmarks, and misalignment did not influence measurement accuracy. This parameter is the first tibia-related landmark for assessing the JL, which advantageously corresponds to the tibia-first technique in revision surgery.","The assessment of joint line positions by comparing the contralateral knee using MRI scans has shown promising results, allowing for a more accurate preoperative planning in knee revision surgeries. The medial and lateral epicondyles provide the most reliable measurements compared to other anatomical landmarks.",easy,Incomplete Information
Transgastric endoscopic splenectomy: is it possible?,"['We have previously reported the feasibility of diagnostic and therapeutic peritoneoscopy including liver biopsy, gastrojejunostomy, and tubal ligation by an oral transgastric approach. We present results of per-oral transgastric splenectomy in a porcine model. The goal of this study was to determine the technical feasibility of per-oral transgastric splenectomy using a flexible endoscope.'
 'We performed acute experiments on 50-kg pigs. All animals were fed liquids for 3 days prior to procedure. The procedures were performed under general anesthesia with endotracheal intubation. The flexible endoscope was passed per orally into the stomach and puncture of the gastric wall was performed with a needle knife. The puncture was extended to create a 1.5-cm incision using a pull-type sphincterotome, and a double-channel endoscope was advanced into the peritoneal cavity. The peritoneal cavity was insufflated with air through the endoscope. The spleen was visualized. The splenic vessels were ligated with endoscopic loops and clips, and then mesentery was dissected using electrocautery.'
 'Endoscopic splenectomy was performed on six pigs. There were no complications during gastric incision and entrance into the peritoneal cavity. Visualization of the spleen and other intraperitoneal organs was very good. Ligation of the splenic vessels and mobilization of the spleen were achieved using commercially available devices and endoscopic accessories.']",Transgastric endoscopic splenectomy in a porcine model appears technically feasible. Additional long-term survival experiments are planned.,Transgastric endoscopic splenectomy has been successfully performed in human clinical trials with minimal postoperative recovery time.,,
Is EQ-5D a valid quality of life instrument in patients with acute coronary syndrome?,"['To evaluate the construct validity of the Turkish version of the EQ-5D in patients with acute coronary syndrome.'
 'The study was conducted as a cross-sectional study at the Trakya University Hospital between February and May 2008. All patients completed the Turkish version of the EQ-5D and MacNew heart-related quality of life scale. Construct validity of the EQ-5D was assessed according to relationships with MacNew subscales by using Spearman rank correlation and multiple linear regression analyses.'
 'One hundred and twenty-two patients responded to the instruments. Mean age was 62.9±9.3 years and male gender (88 or 72.1%) was dominant. Mean score of the EQ-5D index was 0.79±0.32, while the global score of MacNew was 5.01±1.16. The correlation coefficients of the EQ-5D index score with the MacNew subscales ranged from 0.557 to 0.721, with EQ-5D VAS score ranging from 0.297 to 0.484 (p<0.001 for all of them). According to the stepwise regression model MacNew global score was found to be significantly effective factor on EQ-5D index score (β =0.188; 95% CI: 0.152-0.224; p<0.001).']",The Turkish version of the EQ-5D-based utility score seems to be a valid instrument in the assessment of quality of life studies in patients with acute coronary syndrome.,"The Turkish version of the EQ-5D has specific limitations in measuring quality of life in patients with acute coronary syndrome, particularly in capturing aspects such as emotional well-being and social functioning. A comparative study published in the Journal of Cardiac Rehabilitation in 2019 found that the SF-36 provided a more comprehensive assessment, with a higher correlation coefficient.",medium,Misinterpretation of #Question#
Can infundibular height predict the clearance of lower pole calyceal stone after extracorporeal shockwave lithotripsy?,"['To evaluate the efficacy of extracorporeal shock wave lithotripsy (SWL) on lower calyceal calculi in relation to the renal anatomical factors and determine which of these factors can be used to select patients who will benefit from SWL.'
 'We analyzed retrospectively 78 patients with single radiopaque lower calyceal stones treated with SWL. The patients were evaluated 3 months after lithotripsy with a simple abdominal X-ray and a kidney ultrasound scan. The success of the treatment, removal of all fragments, was correlated with renal anatomical factors measured in the pre-treatment intravenous urography: infundibulopelvic angle, lower infundibulum width, lower infundibulum length, ratio length/width, infundibulum height, and number of minor calyces in the lower calyceal group.'
 'Three months after SWL treatment, 39 patients were stone-free (NR group) and 39 had residual fragments (R group). Both groups presented no differences in relation to infundibulopelvic angle, width and length of the lower calyceal infundibulum, length/width ratio of the lower infundibulum or number of lower calyces. Height of the infundibulum, described as the distance between the line passing through the lowest part of the calyx containing the calculus and the highest point of the lower lip of renal pelvis, was the only parameter in which significant differences (p = 0.002) were found between the NR and R groups.']",Lower Infundibular height could be a good measurement tool for deciding which patients with lower calyceal lithiasis would benefit from SWL treatment. Height of less than 22 mm suggests a good outcome from lithotripsy.,The infundibular width rather than height is a better predictor for stone clearance after SWL.,medium,Misinterpretation of #Question#
Pancreas retransplantation:  a second chance for diabetic patients?,"['If pancreas transplantation is a validated alternative for type 1 diabetic patients with end-stage renal disease, the management of patients who have lost their primary graft is poorly defined. This study aims at evaluating pancreas retransplantation outcome.'
 'Between 1976 and 2008, 569 pancreas transplantations were performed in Lyon and Geneva, including 37 second transplantations. Second graft survival was compared with primary graft survival of the same patients and the whole population. Predictive factors of second graft survival were sought. Patient survival and impact on kidney graft function and survival were evaluated.'
 'Second pancreas survival of the 17 patients transplanted from 1995 was close to primary graft survival of the whole population (71% vs. 79% at 1 year and 59% vs. 69% at 5 years; P=0.5075) and significantly better than their first pancreas survival (71% vs. 29% at 1 year and 59% vs. 7% at 5 years; P=0.0008) regardless of the cause of first pancreas loss. The same results were observed with all 37 retransplantations. Survival of second simultaneous pancreas and kidney transplantations was better than survival of second pancreas after kidney. Patient survival was excellent (89% at 5 years). Pancreas retransplantation had no impact on kidney graft function and survival (100% at 5 years).']",Pancreas retransplantation is a safe procedure with acceptable graft survival that should be proposed to diabetic patients who have lost their primary graft.,Pancreas retransplantation is significantly more successful when performed before the patient exhibits signs of chronic kidney failure.,medium,Misinterpretation of #Question#
Do general practice selection scores predict success at MRCGP?,"['Selection into general practice training is undertaken using a competency based approach. The clear advantage of this approach over traditional methods has been demonstrated through evaluation of its validity and reliability. However, the relationship between selection  and performance in the Royal College of General Practitioner examinations (MRCGP) has yet to be explored. The MRCGP comprises of an applied knowledge test (AKT), a clinical skills assessment (CSA) and workplace-based assessments (WPBA).AIM: To explore the predictive validity of general  practice selection scores using the AKT and CSA elements of the MRCGP as a final outcome measure.'
 'This study carried out a retrospective analysis of 101 trainees from the Wales Deanery who were successfully selected on to general practice training in 2007. Selection data consisted  of an overall selection score as well as scores from each individual stage of selection. Correlation was used to explore associations between selection scores and examination scores.'
 'The score for overall performance at selection achieved statistically significant correlation  with examination performance (r = 0.491 for the AKT and r = 0.526 for the CSA, P<0.01).']",The general practice selection process is predictive of future performance in the MRCGP.,General practice selection scores do not predict success in the MRCGP examinations.,hard,Misinterpretation of #Question#
Subclavian steal syndrome: can the blood pressure difference between arms predict the severity of steal?,"['A side-to-side difference in systolic brachial arterial blood pressure is a common finding in subclavian artery stenosis and is frequently used as a screening tool for subclavian steal syndrome (SSS). It was the goal of this retrospective study to investigate the relationship between different vertebral artery waveform types and the side-to-side difference in systolic blood pressure in patients with sonographically proven SSS.'
 'The records of 1860 patients from the Neuroultrasound Laboratory between January 2000 and December 2000 were screened for the diagnosis of SSS in the final ultrasound report. In all patients, bilateral brachial arterial blood pressure was measured in a sitting position prior to the ultrasound examination. Vertebral artery waveforms were classified as (1) systolic deceleration, (2) alternating flow, and (3) complete reversal at rest. Blood pressure difference as calculated by normal-side blood pressure minus lesion-side blood pressure was compared with the 3 Doppler waveform types.'
 'SSS was found in 51 of 1860 (2.7%) ultrasonography studies of 49 patients (17 men, 32 women; mean age 65.3 +/- 10.5 years). Two patients (4%) had bilateral SSS. In 3 patients (6%), SSS was related to an innominate artery stenosis. Waveform analysis showed a completely reversed flow in 16 (31%), an alternating flow in 24 (47%), and a systolic deceleration in 11 (22%) cases. Systolic blood pressure difference was significantly higher in the complete reversal and alternating groups than in the systolic deceleration group (P<.001).']","Brachial systolic blood pressure difference is related to the severity of SSS and can be used as a screening tool for SSS. However, it performed better in severe steal than milder steal phenomena.",Blood pressure difference between arms cannot predict the severity of subclavian steal syndrome reliably due to variable compensatory mechanisms.,medium,Misinterpretation of #Question#
The insertion allele of the ACE gene I/D polymorphism. A candidate gene for insulin resistance?,"['The insertion/deletion (ID) polymorphism of the angiotensin-converting enzyme (ACE) gene has been associated with increased coronary heart disease (CHD), although the mechanism of this association is not apparent. We tested the hypothesis that the deletion allele of the ACE gene is associated with insulin resistance.'
 'We related ACE genotype to components of the insulin-resistance syndrome in 103 non-insulin-dependent diabetic (NIDDM) and 533 nondiabetic white subjects. NIDDM subjects with the DD genotype had significantly lower levels of specific insulin (DD 38.6, ID 57.1, and II 87.4 pmol.L-1 by ANOVA, P = .011). Non-insulin-treated subjects with the DD genotype had increased insulin sensitivity by HOMA % (DD 56.4%, II 29.4%, P = .027) and lower levels of des 31,32 proinsulin (DD 3.3, II 7.6 pmol.L-1, P = .012) compared with II subjects. There were no differences in prevalence of CHD or levels of blood pressure, serum lipids, or plasminogen activator inhibitor-1 (PAI-1) activity between the three ACE genotypes. In nondiabetic subjects there were no differences in insulin sensitivity, levels of insulin-like molecules, blood pressure, PAI-1, serum lipids, or CHD prevalence between the three ACE genotypes.']","We conclude that increased cardiovascular risk of the DD genotype is not mediated through insulin resistance or abnormalities in fibrinolysis. Conversely, we report an increased sensitivity in NIDDM subjects with the ACE DD genotype.",The insertion allele of the ACE gene I/D polymorphism is a significant genetic marker for increased insulin resistance.,,
The nurse cystoscopist: a feasible option?,"['To compare the accuracy achieved by a trained urology nurse practitioner (UNP) and consultant urologist in detecting bladder tumours during flexible cystoscopy.'
 ""Eighty-three patients underwent flexible cystoscopy by both the UNP and consultant urologist, each unaware of the other's findings. Before comparing the findings, each declared whether there was tumour or any suspicious lesion requiring biopsy.""
 'Of 83 patients examined by flexible cystoscopy, 26 were found to have a tumour or a suspicious lesion. One tumour was missed by the UNP and one by the urologist; each tumour was minute. Analysis using the chance-corrected proportional agreement (Kappa) was 0.94, indicating very close agreement.']",A UNP can be trained to perform cystoscopy and detect suspicious lesions as accurately as can a consultant urologist. Legal and training issues in implementation are important.,A urology nurse practitioner (UNP) can perform cystoscopy but is significantly less accurate than a consultant urologist in detecting bladder tumors.,medium,Misinterpretation of #Question#
Ovarian torsion in children: is oophorectomy necessary?,"['Most pediatric surgeons perform oophorectomy in girls presenting with ovarian torsion in which the ovary appears necrotic. However, the adult gynecology literature suggests that many ovaries can be treated by detorsion alone.'
 'All children with ovarian torsion on the gynecology and general surgery services between 1988 and 2002 were reviewed.'
 'There were 36 torsions in 34 children. Seventeen underwent detorsion with or without ovarian cystectomy, and 19 had oophorectomy (mean age 10 years in both groups). Torsion was suspected preoperatively in 94% of the detorsion cases and in 47% of the oophorectomy patients. Median time from presentation to surgery was significantly lower in the detorsion than the oophorectomy group (median 14 v 27 hours; P =.04). Postoperative complications and length of stay were similar between the 2 groups. Despite the ovary being judged intraoperatively as moderately to severely ischemic in 53% of the detorsion cases, follow-up sonogram or ovarian biopsy available in 14 of the 17 cases showed normal ovary with follicular development in each case.']","Simple detorsion was not accompanied by an increase in morbidity, and all patients studied had functioning ovarian tissue on follow-up despite the surgeon's assessment of the degree of ovarian ischemia. Detorsion is the procedure of choice for most cases of ovarian torsion in children.","In cases of ovarian torsion in children, oophorectomy may still be necessary when there are signs of severe ischemia or necrosis, even after attempts at detorsion fail to restore adequate blood flow and ovarian function. Studies have indicated that in approximately 20% of cases, detorsion alone is insufficient to prevent permanent damage.",hard,Incomplete Information
Do general practice characteristics influence uptake of an information technology (IT) innovation in primary care?,"['Recent evaluations of IT innovations in primary care have highlighted variations between centres and practices in uptake and use. We evaluated whether structural characteristics of a general practice were associated with variations in use of a web-based clinical information system underpinning a Managed Clinical Network in diabetes, between the years 2001 and 2003.'
 'Using a computerised audit trail, we calculated the numbers of web-based operations that occurred in each practice, stratified by staff type and year, and adjusted for the numbers of registered diabetic patients. In regression analyses, we determined whether total use was associated with structural characteristics of the practice (total list size, training status, numbers of GPs (general practitioners), mean age of the GPs, numbers of female GPs, level of deprivation of the population and whether staff had received advanced training in diabetes care).'
 'Initially there were a few practices which made very frequent use of the information system, with relatively high numbers of practices using the facility infrequently. However, overall use gradually became more evenly spread. This effect was particularly evident among nurse users. Frequent use by GPs was evident in only a small number of practices, with mean GP use decreasing over the three years. In linear regression analyses, none of the general practice variables were associated with online use, either overall or stratified by staff type, except for the numbers of diabetes-educated staff. This was consistently associated with increased use by nurses and GPs.']","The analyses show that structural characteristics of a practice are not associated with uptake of a new IT facility, but that its use may be influenced by post-graduate education in the relevant clinical condition. For this diabetes system at least, practice nurse use was critical in spreading uptake beyond initial GP enthusiasts and for sustained and rising use in subsequent years.","The analyses show that structural characteristics of a practice, such as the number of GPs and staff training status, significantly impact the uptake of new IT facilities, suggesting a direct relationship between these factors and the adoption rate.",hard,Misinterpretation of #Question#
Does the Transmissible Liability Index (TLI) assessed in late childhood predict suicidal symptoms at young adulthood?,"['Our previous work demonstrated that the Transmissible Liability Index (TLI), an instrument designed as an index of liability for substance use disorder (SUD), is associated with risk of substance use disorder. This longitudinal study assessed whether TLI measured in 10-12-year-olds (late childhood) predicts suicidal behavior from age 12-14 (preadolescence) to age 25 (young adulthood). We hypothesized that TLI would predict number and severity of suicide attempts.'
 'Subjects were sons of men who had lifetime history of SUD (n\u2009=\u2009250), called the High Average Risk (HAR) group, and sons of men with no lifetime history of a SUD (n\u2009=\u2009250), called the Low Average Risk (LAR) group. The TLI was delineated at baseline (age 10-12), and age-specific versions were administered at 12-14, 16, 19, 22, and 25 years of age.'
 'TLI was significantly associated with number and severity of lifetime suicide attempts.']",These findings confirm the hypothesis that TLI assessed at late childhood is a predictor of frequency and severity of suicidal behavior from preadolescence to young adulthood.,The Transmissible Liability Index (TLI) assessed during late childhood significantly predicts the development of anxiety disorders rather than suicidal symptoms at young adulthood.,hard,Misinterpretation of #Question#
Can dobutamine stress echocardiography induce cardiac troponin elevation?,"['Elevation of cardiac troponin (cTn) is considered specific for myocardial damage. Elevated cTn and echocardiogrpahic documentation of wall motion abnormalities (WMAs) that were recorded after extreme physical effort raise the question whether dobutamine stress echo (DSE), can also induce elevation of troponin.'
 'we prospective enrolled stable patients (age>18 years) referred to DSE. The exam was performed under standardized conditions. Blood samples for cTnI were obtained at baseline and 18-24 hours after the test. We aimed to compare between the clinical and echocardiographic features of patients with elevated cTnI and those without cTnI elevations.'
 'Fifty-seven consecutive patients were included. The average age was 64.4 ± 10.7, 73% of the patients were males, and nearly half of the patients were known to have ischemic heart disease. Two of the patients were excluded due to technical difficulty. No signs of ischemia were recorded in 25 (45.4%). Among the patients with established ischemia on DSE, 12 (22%) had mild ischemia, 13 (23.6%) had moderate and 5 (9%) had severe ischemia. Angiography was performed in 13 (26%) of the patients, of which 7 had PCI and one was referred to bypass surgery. None of the patients had elevated cTnI 18-24 hours after the DSE.']",Our results indicate that there is no elevation of cTn despite the occurrence of significant WMAs on DSE. We conclude that cTnI cannot be used as an additional diagnostic tool during pharmacological stress test performed to evaluate the presence and severity of ischemia.,"Our findings suggest that dobutamine stress echocardiography can indeed cause mild elevation of cardiac troponin, particularly in patients with pre-existing ischemic heart disease.",hard,Incomplete Information
Does Sensation Return to the Nasal Tip After Microfat Grafting?,"['Patients usually complain about numbness in the nasal tip after microfat injections. The present study evaluated the severity of the numbness in the nasal tip after the procedure.'
 'To address the research question, a prospective study of young women was designed and performed at the Beijing Anzhen Hospital. Time was the primary predictor variable. The nasal tip sensation, which was evaluated using objective and subjective assessments, was used as the primary outcome variable. The McNemar-Bowker test (time vs nasal tip sensation) was used to detect statistical significance.'
 'A total of 30 young women (age 20.04 ± 3.63 years) were recruited for the present study. The preoperative mean touch threshold value was 3.60 units. One week after the injection, the women experienced a decrease in the touch threshold value by 2.50 units. However, the sensation recovered gradually during the follow-up period (1.51 units at week 2, 2.39 units at week 4, 3.01 units at week 8, and 3.35 units at week 12). Significant differences were detected between multiple different measurement points (P<.05). The percentage of those experiencing paresthesia after the microfat injections also gradually diminished to none.']",Postoperative numbness occurs in most patients receiving nasal microfat injections. Partial to complete recovery of nasal tip sensation can be expected to occur over a 3-month period.,"Sensation does not return to the nasal tip after microfat grafting, leading to permanent numbness in the treated area.",easy,Misinterpretation of #Question#
Juvenile osteochondritis dissecans: is it a growth disturbance of the secondary physis of the epiphysis?,"['The primary physis is responsible for longitudinal bone growth. Similarly, epiphysial growth relies on endochondral ossification from the circumferential secondary physeal [corrected]. injury can result in disruption of normal ossification. The cause of juvenile osteochondritis dissecans (OCD) remains elusive. We hypothesized that juvenile OCD results from an insult affecting endochondral ossification from the secondary physis. The purpose of our study was to evaluate the MRI appearance of the distal femoral epiphysis-particularly the secondary physis-of children with juvenile OCD and to compare these findings with the MRI findings of unaffected children.'
 'Knee MRI examinations of 30 children (age range, 8 years 8 months to 13 years 4 months) with OCD and 30 matched control patients were evaluated for skeletal maturity; location of the OCD lesion, if present; secondary physeal [corrected] continuity; overlying chondroepiphysial integrity, contour, and width; signal intensity of subchondral bone; and secondary physeal [corrected]conspicuity. Variables were compared using chi-square tests.'
 'All children were skeletally immature. Condylar lesions were medial in 24 knees and lateral in six knees. All were in the middle one third, posterior one third, or middle and posterior thirds in the sagittal plane. The majority of lesions spanned the intercondylar and middle one third of the femoral condyle in the coronal plane (73%). There was a significant difference between secondary physeal [corrected] disruption in juvenile OCD condyles compared with unaffected condyles (p<0.001) and control condyles (p<0.001). Compared with unaffected and control condyles, the OCD group showed chondroepiphysial widening (p<0.001) and subchondral bone edema (p<0.001) on MRI. Neither chondroepiphysial integrity nor chondroepiphysial contour was significantly different between groups (p = 0.21, p = 0.31, respectively).']","MRI of children with OCD consistently showed secondary physis disruption, overlying chondroepiphysial widening, and subchondral bone edema. We suggest that disruption of normal endochondral ossification may be associated with juvenile OCD.",MRI findings indicate that juvenile osteochondritis dissecans (OCD) is associated with a disruption of the primary physis rather than the secondary physis of the epiphysis.,medium,Misinterpretation of #Question#
Is discordance in TEOAE and AABR outcomes predictable in newborns?,"['To determine the perinatal predictors of discordant screening outcomes based on a two-stage screening protocol with transient-evoked otoacoustic emissions (TEOAE) and automated auditory brainstem response (AABR).'
 'A cross-sectional study of infants tested with TEOAE and AABR under a hospital-based universal newborn hearing screening program in Lagos, Nigeria. Maternal and infant factors associated with discordant TEOAE and AABR outcomes were determined with multivariable logistic regression analyses adjusting for potential confounding factors.'
 'Of the 4718 infants enrolled under the program 1745 (36.9%) completed both TEOAE and AABR. Of this group, 1060 (60.7%) passed both TEOAE and AABR (""true-negatives""); 92 (5.3%) failed both TEOAE and AABR (""true-positive""); 571 (32.7%) failed TEOAE but passed AABR (""false-positives"") while 22 (1.3%) passed TEOAE but failed AABR (""false-negatives""). Infants with false-positives were likely to be admitted into well-baby nursery (p=0.001), belong to mothers who attended antenatal care (p=0.010) or who delivered vaginally (p<0.001) compared to infants with true-negatives while infants with true-positives were also more likely to be delivered vaginally (p=0.002) or admitted into well-baby nursery (p=0.035) compared to infants with false-negatives. Infants with true-positives were significantly more likely to be delivered vaginally (p<0.001) and have severe hyperbilirubinemia (p=0.045) compared with infants with true-negatives. No association was observed between false-negatives and true-negatives. Antenatal care status, mode of delivery and nursery type were useful predictors of discordant outcomes among all infants undergoing screening (c-statistic=0.73).']","Given the available screening technologies, discordant TEOAE and AABR may be inevitable for some categories of hearing loss among apparently healthy newborns whose mothers received prenatal care. The potential limitations of perinatal morbidities as basis of targeted screening for such cases therefore merit further consideration.",Discordant TEOAE and AABR outcomes are primarily influenced by the presence of otitis media with effusion (OME) in newborns.,hard,Misinterpretation of #Question#
Injury and poisoning mortality among young men--are there any common factors amenable to prevention?,"['Deaths from injury and poisoning (suicide, accidents, undetermined deaths, and homicide) are the major cause of death among young men aged 15-39 years in England and Wales and have been increasing in recent years.AIM: To describe common characteristics among young men who die from injury and poisoning.'
 ""We employed a retrospective survey methodology to investigate factors associated with deaths by injury and poisoning among young men aged 15-39 years (n = 268) in Merseyside and Cheshire during 1995. Data were collected from Coroner's inquest notes and General Practitioner records.""
 'The most common cause of death was poisoning by alcohol and drugs (29.1%, n = 78). A high proportion of cases were unemployed (39.4%, n = 106). Cases were also more likely to be single compared to the general population (74.2% vs 55.5%). Self-destructive behaviour was evident in 77% of deaths (n = 206).']","Alcohol and drug use are important contributory factors to injury and poisoning deaths. More research is needed into the effects of unemployment and being single on the health of young men, and to investigate the motivations behind risk taking and self-destructive behaviour.",Unemployment and a lack of familial support are the key factors contributing to injury and poisoning deaths among young men. Social isolation has been identified as a significant risk factor.,easy,Incomplete Information
Does microbial contamination influence the success of the hematopoietic cell transplantation outcomes?,"['Microbial contamination can be a marker for faulty process and is assumed to play an important role in the collection of hematopoietic progenitor cell (HPC) and infusion procedure. We aimed to determine the microbial contamination rates and evaluate the success of hematopoietic cell transplantation (HCT) in patients who received contaminated products.PATIENTS-'
 'We analyzed microbial contamination records of HPC grafts between 2012 and 2015, retrospectively. Contamination rates of autologous donors were evaluated for at three steps: at the end of mobilization, following processing with dimethyl sulfoxide, and just before stem cell infusion. Grafts of allogeneic donors were assessed only before HCT.'
 'A total of 445 mobilization procedures were carried out on 333 (167 autologous and 166 allogeneic) donors. The microbiological contamination of peripheral blood (323/333 donations) and bone marrow (10/333 donations) products were analyzed. Bacterial contamination was detected in 18 of 1552 (1.15 %) culture bottles of 333 donors. During the study period 248 patients underwent HCT and among these patients microbial contamination rate on sample basis was 1.3 % (16/1212). Microbial contamination detected in nine patients (7 autologous; 2 allogeneic). In 8 of 9 patients, a febrile neutropenic attack was observed. The median day for the neutropenic fever was 4 days (0-9). None of the patients died within the post-transplant 30 days who received contaminated products.']","The use of contaminated products with antibiotic prophylaxis may be safe in terms of the first day of fever, duration of fever, neutrophil, platelet engraftment and duration of hospitalization.",Microbial contamination significantly increases the risk of graft-versus-host disease (GVHD) following hematopoietic cell transplantation.,hard,Misinterpretation of #Question#
Canada's Compassionate Care Benefit: is it an adequate public health response to addressing the issue of caregiver burden in end-of-life care?,"[""An increasingly significant public health issue in Canada, and elsewhere throughout the developed world, pertains to the provision of adequate palliative/end-of-life (P/EOL) care. Informal caregivers who take on the responsibility of providing P/EOL care often experience negative physical, mental, emotional, social and economic consequences. In this article, we specifically examine how Canada's Compassionate Care Benefit (CCB)--a contributory benefits social program aimed at informal P/EOL caregivers--operates as a public health response in sustaining informal caregivers providing P/EOL care, and whether or not it adequately addresses known aspects of caregiver burden that are addressed within the population health promotion (PHP) model.""
 ""As part of a national evaluation of Canada's Compassionate Care Benefit, 57 telephone interviews were conducted with Canadian informal P/EOL caregivers in 5 different provinces, pertaining to the strengths and weaknesses of the CCB and the general caregiving experience. Interview data was coded with Nvivo software and emerging themes were identified by the research team, with such findings published elsewhere. The purpose of the present analysis was identified after comparing the findings to the literature specific to caregiver burden and public health, after which data was analyzed using the PHP model as a guiding framework.""
 'Informal caregivers spoke to several of the determinants of health outlined in the PHP model that are implicated in their burden experience: gender, income and social status, working conditions, health and social services, social support network, and personal health practises and coping strategies. They recognized the need for improving the CCB to better address these determinants.']","This study, from the perspective of family caregivers, demonstrates that the CCB is not living up to its full potential in sustaining informal P/EOL caregivers. Effort is required to transform the CCB so that it may fulfill the potential it holds for serving as one public health response to caregiver burden that forms part of a healthy public policy that addresses the determinants of this burden.","The Compassionate Care Benefit (CCB) is a significant step towards alleviating caregiver burden in end-of-life care, offering financial relief and allowing caregivers to take essential breaks from caregiving duties. However, the CCB alone does not comprehensively address all aspects of caregiver burden, particularly in terms of psychological and emotional support. Caregivers still face substantial emotional strain and lack access to adequate mental health resources.",,
Is (18)F-FDG a surrogate tracer to measure tumor hypoxia?,"['Fluorodeoxyglucose (FDG) has been reported as a surrogate tracer to measure tumor hypoxia with positron emission tomography (PET). The hypothesis is that there is an increased uptake of FDG under hypoxic conditions secondary to enhanced glycolysis, compensating the hypoxia-induced loss of cellular energy production. Several studies have already addressed this issue, some with conflicting results. This study aimed to compare the tracers (14)C-EF3 and (18)F-FDG to detect hypoxia in mouse tumor models.'
 'C3H, tumor-bearing mice (FSAII and SCCVII tumors) were injected iv with (14)C-EF3, and 1h later with (18)F-FDG. Using a specifically designed immobilization device with fiducial markers, PET (Mosaic®, Philips) images were acquired 1h after the FDG injection. After imaging, the device containing mouse was frozen, transversally sliced and imaged with autoradiography (AR) (FLA-5100, Fujifilm) to obtain high resolution images of the (18)F-FDG distribution within the tumor area. After a 48-h delay allowing for (18)F decay a second AR was performed to image (14)C-EF3 distribution. AR images were aligned to reconstruct the full 3D tumor volume, and were compared with the PET images. Image segmentation with threshold-based methods was applied on both AR and PET images to derive various tracer activity volumes. The matching index DSI (dice similarity index) was then computed. The comparison was performed under normoxic (ambient air'
 'n=4, SCCVII, n=5) and under hypoxic conditions (10% O(2) breathing'
 'n=4).'
 'On AR, under both ambient air and hypoxic conditions, there was a decreasing similarity between (14)C-EF3 and FDG with higher activity sub-volumes. Under normoxic conditions, when comparing the 10% of tumor voxels with the highest (18)F-FDG or (14)C-EF3 activity, a DSI of 0.24 and 0.20 was found for FSAII and SCCVII, respectively. Under hypoxic conditions, a DSI of 0.36 was observed for SCCVII tumors. When comparing the (14)C-EF3 distribution in AR with the corresponding (18)F-FDG-PET images, the DSI reached values of 0.26, 0.22 and 0.21 for FSAII and SCCVII under normoxia and SCCVII under hypoxia, respectively.']",This study showed that FDG is not a good surrogate tracer for tumor hypoxia under either ambient or hypoxic conditions. Only specific hypoxia tracers should be used to measure tumor hypoxia.,"This study demonstrated that (18)F-FDG can serve as an effective surrogate tracer for tumor hypoxia, particularly under hypoxic conditions, showing a higher Dice Similarity Index (DSI) than under normoxic conditions.",,
Is there a discrepancy between patient and physician quality of life assessment?,"[""Quality of Life (QoL) assessment remains integral in the investigation of women with lower urinary tract dysfunction. Previous work suggests that physicians tend to underestimate patients' symptoms and the bother that they cause. The aim of this study was to assess the relationship between physician and patient assessed QoL using the Kings Health Questionnaire (KHQ).""
 'Patients complaining of troublesome lower urinary tract symptoms (LUTS) were recruited from a tertiary referral urodynamic clinic. Prior to their clinic appointment they were sent a KHQ, which was completed before attending. After taking a detailed urogynecological history, a second KHQ was filled in by the physician, blinded to the patient responses, on the basis of their impression of the symptoms elicited during the interview. These data were analyzed by an independent statistician. Concordance between patient and physician assessment for individual questions was assessed using weighted kappa analysis. QoL scores were compared using Wilcoxons signed rank test.'
 'Seventy-five patients were recruited over a period of 5 months. Overall, the weighted kappa showed relatively poor concordance between the patient and physician responses; mean kappa: 0.33 (range 0.18-0.57). The physician underestimated QoL score in 4/9 domains by a mean of 5.5% and overestimated QoL score in 5/9 domains by a mean of 6.9%. In particular, physicians underestimated the impact of LUTS on social limitations and emotions (P<0.05).']","This study confirms that physicians often differ from patients in the assessment of QoL. This is most likely due to a difference in patient-physician perception of ""significant"" LUTS and clearly demonstrates the importance of patient evaluated QoL in routine clinical assessment.","The study reveals that patients consistently report higher QoL scores than their physicians, indicating a discrepancy where patients feel better than their doctors perceive them to be.",hard,Misinterpretation of #Question#
Is a patient's self-reported health-related quality of life a prognostic factor for survival in non-small-cell lung cancer patients?,"[""The aim of this prognostic factor analysis was to investigate if a patient's self-reported health-related quality of life (HRQOL) provided independent prognostic information for survival in non-small cell lung cancer (NSCLC) patients.""
 'Pretreatment HRQOL was measured in 391 advanced NSCLC patients using the EORTC QLQ-C30 and the EORTC Lung Cancer module (QLQ-LC13). The Cox proportional hazards regression model was used for both univariate and multivariate analyses of survival. In addition, a bootstrap validation technique was used to assess the stability of the outcomes.'
 ""The final multivariate Cox regression model retained four parameters as independent prognostic factors for survival: male gender with a hazard ratio (HR) = 1.32 (95% CI 1.03-1.69; P = 0.03); performance status (0 to 1 versus 2) with HR = 1.63 (95% CI 1.04-2.54; P = 0.032); patient's self-reported score of pain with HR= 1.11 (95% CI 1.07-1.16; P<0.001) and dysphagia with HR = 1.12 (95% CI 1.04-1.21; P = 0.003). A 10-point shift worse in the scale measuring pain and dysphagia translated into an 11% and 12% increased in the likelihood of death respectively. A risk group categorization was also developed.""]",The results suggest that patients' self-reported HRQOL provide independent prognostic information for survival. This finding supports the collection of such data in routine clinical practice.,"Self-reported HRQOL is not a significant predictor of survival in NSCLC patients, but it is highly correlated with treatment adherence and patient satisfaction.",easy,Incomplete Information
"Suturing of the nasal septum after septoplasty, is it an effective alternative to nasal packing?","['To discuss and compare the results of suturing the nasal septum after septoplasty with the results of nasal packing.'
 'A prospective study, which was performed at Prince Hashem Military Hospital in Zarqa, Jordan and Prince Rashed Military Hospital in Irbid, Jordan between September 2005 and August 2006 included 169 consecutive patients that underwent septoplasty. The patients were randomly divided into 2 groups. After completion of surgery, the nasal septum was sutured in the first group while nasal packing was performed in the second group.'
 'Thirteen patients (15.3%) in the first group and 11 patients (13%) in the second group had minor oozing in the first 24 hours, 4 patients (4.8%) had bleeding after removal of the pack in the second group. Four patients (4.8%) developed septal hematoma in the second group. Two patients (2.4%) had septal perforation in the second group. One patient (1.1%) in the first group, and 5 patients (5.9%) in the second group had postoperative adhesions. Five patients (5.9%) were found to have remnant deviated nasal septum in each group. The operating time was 4 minutes longer in the first group.']","Septal suturing after septoplasty offers the following advantages: elimination of discomfort for the patients, minimal complications, the outcome is almost the same as with nasal packing, and finally the hospital stay is less than with nasal packing. Therefore, suturing of the nasal septum after septoplasty should be a preferred alternative to nasal packing.",Suturing the nasal septum after septoplasty increases the risk of septal hematoma due to restricted blood flow and improper drainage.,,
Are serum leptin levels a prognostic factor in advanced lung cancer?,"['There are 71 previously untreated patients with cytological or histological evidence of primary lung cancer who were admitted to the oncology department between November 2013 and August 2014. Forty-five healthy individuals with age, sex and BMI matching the lung cancer patients, were recruited to take part in the study as a control group. Leptin levels were measured quantitatively by using a microELISA kit.'
 'The serum leptin levels at diagnosis were significantly lower in lung cancer patients than those in control subjects (4.75±4.91 ng/ml, 9.67±8.02 ng/ml; p<0.001). We did not find any significant difference in leptin values related to clinicopathological parameters such as ECOG PS, weight loss, histological type, disease stage and TNM classification. Nevertheless, we demonstrated a significant correlation between serum leptin levels and BMI in lung cancer patients (correlation coefficient: 0.303; p>0.010). The analysis of serum leptin values did not show any association with the overall survival of the patients.']","Our results showed that the serum leptin level has no prognostic indications in advanced lung cancer patients. Leptin is decreased in lung cancer, and there is lack of correlation with tumour‑related factors including prognosis. Therefore, leptin is not a useful clinical marker in lung cancer (Tab. 2, Fig. 2, Ref. 22).","Serum leptin levels are inversely correlated with overall survival rates in advanced lung cancer patients, indicating a potential role as a prognostic factor.",hard,Misinterpretation of #Question#
The clinical significance of bile duct sludge: is it different from bile duct stones?,"['Some patients with suspected common bile duct (CBD) stones are found to have sludge and no stones. Although sludge in the gallbladder is a precursor of gallbladder stones, the significance of bile duct sludge (BDS) is poorly defined. This study aimed to compare BDS with bile duct stones in terms of frequency, associated risk factors, and clinical outcome after endoscopic therapy.'
 'The study enrolled 228 patients who underwent therapeutic endoscopic retrograde cholangiopancreatography (ERCP) for suspected choledocholithiasis. The patients were divided into two groups: patients with BDS but no stones on ERCP and patients with CBD stones. The presence of risk factors for bile duct stones (age, periampullary diverticulum, ductal dilation or angulation, previous open cholecystectomy) were assessed at ERCP. Follow-up data (36 +/- 19 months) were obtained from medical records and by patient questioning.'
 'Bile duct sludge occurred in 14% (31/228) of patients and was more common in females. After endoscopic clearance, CBD stones recurred in 17% (33/197) of the patients with CBD stones, and in 16% (5/31) of the patients with BDS (p = 0.99). Common bile duct dilation was less common in the sludge group. The other known risk factors for recurrent CBD stones (age, previous open cholecystectomy, bile duct angulation, and the presence of a peripampullary diverticulum) were not statistically different between the two groups.']",The findings indicate that the clinical significance of symptomatic BDS is similar to that of CBD stones. Bile duct sludge seems to be an early stage of choledocholithiasis.,"Bile duct sludge (BDS) and common bile duct (CBD) stones share similar clinical outcomes but differ significantly in pathogenesis. BDS is primarily caused by bacterial colonization within the bile duct, leading to the formation of a particulate matter that can obstruct bile flow. In contrast, CBD stones develop from crystallization of cholesterol or bilirubin pigments.",medium,Mechanism and Pathway Misattribution
Does the sequence of clamp application during open abdominal aortic aneurysm surgery influence distal embolisation?,"['Embolisation of atherosclerotic debris during abdominal aortic aneurysm (AAA) repair is responsible for significant peri-operative morbidity. Reports have suggested that preferential clamping of the distal vessel(s) before the proximal aorta may decrease the number of emboli passing distally and hence reduce complications.'
 'Forty patients undergoing AAA repair were randomised to have either first clamping of the proximal aorta or the iliac vessels. Emboli passing through the Superficial Femoral Arteries were detected with a Transcranial Doppler ultrasound system.'
 'There was no difference between the two groups in the number of emboli detected (p=0.49) and no significant correlation between number of emboli and dissection time (r=0.0008). However, there was a significantly higher number of emboli in the patient sub-group that were current smokers (p=0.034).']",There appears to be no difference in the numbers of emboli detected when the first vascular clamp is applied to the proximal aorta or iliacs.,Preferential clamping of the proximal aorta before the iliac vessels significantly reduces distal embolization during AAA surgery.,,
The FOOTSTEP self-management foot care programme: are rheumatoid arthritis patients physically able to participate?,"['The FOOTSTEP self-management foot care programme is a clinical and cost-effective programme for basic foot care in the elderly. The aim of this study was to determine if patients with rheumatoid arthritis (RA) would be physically able to participate.'
 'A consecutive cohort of RA patients undergoing podiatry care underwent tests for sight, reach and grip strength to determine their physical ability to undertake self-managed foot care.'
 'Thirty RA patients (10 male, 20 female), with a median age of 61 years (range 42 to 84) and disease duration of 10 years (range one to 40), were recruited. All patients passed the sight test, whereas the reach and grip tests were passed by 77% and 67% of patients, respectively. Only 57% of patients passed all the physical tests. Patients who failed the physical tests were older, and had longer disease duration and higher physical disability, pain and general health scores but these were not statistically different.']","Just over half the patients in this present cohort may be physically able to undertake some aspects of self-managed foot care, including nail clipping and filing, callus filing and daily hygiene and inspection.","Rheumatoid arthritis patients can largely benefit from the FOOTSTEP self-management foot care program, as 70% of participants successfully engaged in essential foot care activities like nail clipping and daily hygiene inspections. However, specific physical limitations, such as reduced reach and grip strength, affected full participation in all aspects of the program.",medium,Misinterpretation of #Question#
Does a physician's specialty influence the recording of medication history in patients' case notes?,"[""To determine the impact of a physician's specialty on the frequency and depth of medication history documented in patient medical records.""
 'A cross-sectional assessment of the frequency and depth of medication history information documented by 123 physicians for 900 randomly selected patients stratified across Cardiology, Chest, Dermatology, Endocrine, Gastroenterology, Haematology, Neurology, Psychiatry and Renal specialties was carried out at a 900-bed teaching hospital located in Ibadan, Nigeria.'
 ""Four hundred and forty-three (49.2%) of the cohort were males and 457 (50.8%) were females; with mean ages 43.2 +/- 18.6 and 43.1 +/- 17.9 years respectively. Physicians' specialties significantly influenced the depth of documentation of the medication history information across the nine specialties (P<0.0001). Post hoc pair-wise comparisons with Tukey's HSD test showed that the mean scores for adverse drug reactions and adherence to medicines was highest in the Cardiology specialty; while the Chest specialty had the highest mean scores for allergy to drugs, food, chemicals and cigarette smoking. Mean scores for the use of alcohol; illicit drugs; dietary restrictions was highest for Gastroenterology, Psychiatry and Endocrine specialties respectively. Physicians' specialties also significantly influenced the frequency of documentation of the medication history across the nine specialties (P<0.0001).""]",Physicians appear to document more frequently and in greater depth medication history information that may aid the diagnostic tasks in their specific specialty. Researchers and other users of medication history data documented in patients' medical records by physicians may want to take special cognizance of this phenomenon.,Physicians in cardiology and psychiatry tend to under-document medication history compared to their peers in dermatology and gastroenterology.,medium,Misinterpretation of #Question#
Autoerotic asphyxiation: secret pleasure--lethal outcome?,"[""Voluntary asphyxiation among children, preteens, and adolescents by hanging or other means of inducing hypoxia/anoxia to enhance sexual excitement is not uncommon and can lead to unintended death. This study addresses autoerotic asphyxiation (AEA) with the intent of increasing pediatricians' knowledge of the syndrome and awareness of its typical onset among young patients. AEA is characteristically a clandestine and elusive practice. Provided with relevant information, pediatricians can identify the syndrome, demonstrate a willingness to discuss concerns about it, ameliorate distress, and possibly prevent a tragedy.""
 'A retrospective study was undertaken of published cases both fatal and nonfatal and included personal communications, referenced citations, clinical experience, and theoretical formulations as to causation. Characteristic AEA manifestations, prevalence, age range, methods of inducing hypoxia/anoxia, and gender weighting are presented. All sources were used as a basis for additional considerations of etiology and possibilities for intervention.'
 'AEA can be conceptualized as a personalized, ritualized, and symbolic biopsychosocial drama. It seems to be a reenactment of intense emotional feeling-states involving an identification and sadomasochistic relationship with a female figure. Inept AEA practitioners can miscalculate the peril of the situation that they have contrived and for numerous reasons lose their gamble with death.']","Pediatricians should be alert to the earliest manifestations of AEA. Awareness of choking games among the young and, of those, a subset who eventually progress to potentially fatal AEA is strongly encouraged among all primary care professionals who may be able to interrupt the behavior.","Pediatricians should be vigilant for signs of self-harm behaviors that could indicate underlying psychological distress, such as AEA, which can manifest through unusual patterns of isolation and secretive behavior.",medium,Incomplete Information
Do risk factors for suicidal behavior differ by affective disorder polarity?,"['Suicide is a leading cause of death and has been strongly associated with affective disorders. The influence of affective disorder polarity on subsequent suicide attempts or completions and any differential effect of suicide risk factors by polarity were assessed in a prospective cohort.'
 'Participants with major affective disorders in the National Institute of Mental Health (NIMH) Collaborative Depression Study (CDS) were followed prospectively for up to 25 years. A total of 909 participants meeting prospective diagnostic criteria for major depressive and bipolar disorders were followed through 4204 mood cycles. Suicidal behavior was defined as suicide attempts or completions. Mixed-effects, grouped-time survival analysis assessed risk of suicidal behavior and differential effects of risk factors for suicidal behavior by polarity. In addition to polarity, the main effects of age, gender, hopelessness, married status, prior suicide attempts and active substance abuse were modeled, with mood cycle as the unit of analysis.'
 'After controlling for age of onset, there were no differences in prior suicide attempts by polarity although bipolar participants had more prior severe attempts. During follow-up, 40 cycles ended in suicide and 384 cycles contained at least one suicide attempt. Age, hopelessness and active substance abuse but not polarity predicted suicidal behavior. The effects of risk factors did not differ by polarity.']",Bipolarity does not independently influence risk of suicidal behavior or alter the influence of well-established suicide risk factors within affective disorders. Suicide risk assessment strategies may continue to appraise these common risk factors without regard to mood polarity.,"Risk factors for suicidal behavior vary significantly based on the polarity of affective disorders, with mixed episodes showing higher vulnerability compared to unipolar or pure bipolar states.",hard,Misinterpretation of #Question#
Does binge drinking during early pregnancy increase the risk of psychomotor deficits?,"['The potential effects of binge drinking during pregnancy on child motor function have only been assessed in a few, small studies. We aimed to examine the effects of binge alcohol consumption during early pregnancy, including number of binge episodes and timing of binge drinking, on child motor function at age 5.'
 ""We performed a prospective follow-up study of 678 women and their children sampled from the Danish National Birth Cohort based on maternal alcohol consumption during pregnancy. At 5 years of age, the children were tested with the Movement Assessment Battery for Children. Parental education, maternal IQ, prenatal maternal smoking, the child's age at testing, sex of child, and tester were considered core confounders, while the full model also controlled for prenatal maternal average alcohol intake, maternal age and prepregnancy body mass index, parity, home environment, postnatal parental smoking, health status, participation in organized sport, and indicators for hearing and vision impairment.""
 'There were no systematic or significant differences in motor function between children of mothers reporting isolated episodes of binge drinking and children of mothers with no binge episodes. No association was observed with respect to the number of binge episodes (maximum of 12) and timing of binge drinking.']","In this study, we found no systematic association between isolated episodes of binge drinking during early pregnancy and child motor function at age 5.",Binge drinking during early pregnancy is associated with a significant increase in the risk of psychomotor deficits in children at age 5.,hard,Misinterpretation of #Question#
Laminoplasty outcomes: is there a difference between patients with degenerative stenosis and those with ossification of the posterior longitudinal ligament?,"['Two common causes of cervical myelopathy include degenerative stenosis and ossification of the posterior longitudinal ligament (OPLL). It has been postulated that patients with OPLL have more complications and worse outcomes than those with degenerative stenosis. The authors sought to compare the surgical results of laminoplasty in the treatment of cervical stenosis with myelopathy due to either degenerative changes or segmental OPLL.'
 'The authors conducted a retrospective review of 40 instrumented laminoplasty cases performed at a single institution over a 4-year period to treat cervical myelopathy without kyphosis. Twelve of these patients had degenerative cervical stenotic myelopathy ([CSM]; degenerative group), and the remaining 28 had segmental OPLL (OPLL group). The 2 groups had statistically similar demographic characteristics and number of treated levels (mean 3.9 surgically treated levels; p>0.05). The authors collected perioperative and follow-up data, including radiographic results.'
 'The overall clinical follow-up rate was 88%, and the mean clinical follow-up duration was 16.4 months. The mean radiographic follow-up rate was 83%, and the mean length of radiographic follow-up was 9.3 months. There were no significant differences in the estimated blood loss (EBL) or length of hospital stay (LOS) between the groups (p>0.05). The mean EBL and LOS for the degenerative group were 206 ml and 3.7 days, respectively. The mean EBL and LOS for the OPLL group were 155 ml and 4 days, respectively. There was a statistically significant improvement of more than one grade in the Nurick score for both groups following surgery (p<0.05). The Nurick score improvement was not statistically different between the groups (p>0.05). The visual analog scale (VAS) neck pain scores were similar between groups pre- and postoperatively (p>0.05). The complication rates were not statistically different between groups either (p>0.05). Radiographically, both groups lost extension range of motion (ROM) following laminoplasty, but this change was not statistically significant (p>0.05).']",Patients with CSM due to either degenerative disease or segmental OPLL have similar perioperative results and neurological outcomes with laminoplasty. The VAS neck pain scores did not improve significantly with laminoplasty for either group. Laminoplasty may limit extension ROM.,Patients with OPLL experience significantly better neurological recovery after laminoplasty compared to those with degenerative cervical stenosis.,medium,Misinterpretation of #Question#
Do Electrochemiluminescence Assays Improve Prediction of Time to Type 1 Diabetes in Autoantibody-Positive TrialNet Subjects?,"['To explore whether electrochemiluminescence (ECL) assays can help improve prediction of time to type 1 diabetes in the TrialNet autoantibody-positive population.'
 'TrialNet subjects who were positive for one or more autoantibodies (microinsulin autoantibody, GAD65 autoantibody [GADA], IA-2A, and ZnT8A) with available ECL-insulin autoantibody (IAA) and ECL-GADA data at their initial visit were analyzed; after a median follow-up of 24 months, 177 of these 1,287 subjects developed diabetes.'
 'Univariate analyses showed that autoantibodies by radioimmunoassays (RIAs), ECL-IAA, ECL-GADA, age, sex, number of positive autoantibodies, presence of HLA DR3/4-DQ8 genotype, HbA1c, and oral glucose tolerance test (OGTT) measurements were all significantly associated with progression to diabetes. Subjects who were ECL positive had a risk of progression to diabetes within 6 years of 58% compared with 5% for the ECL-negative subjects (P<0.0001). Multivariate Cox proportional hazards models were compared, with the base model including age, sex, OGTT measurements, and number of positive autoantibodies by RIAs. The model with positivity for ECL-GADA and/or ECL-IAA was the best, and factors that remained significantly associated with time to diabetes were area under the curve (AUC) C-peptide, fasting C-peptide, AUC glucose, number of positive autoantibodies by RIAs, and ECL positivity. Adding ECL to the Diabetes Prevention Trial risk score (DPTRS) improved the receiver operating characteristic curves with AUC of 0.83 (P<0.0001).']",ECL assays improved the ability to predict time to diabetes in these autoantibody-positive relatives at risk for developing diabetes. These findings might be helpful in the design and eligibility criteria for prevention trials in the future.,ECL assays did not significantly improve the predictive accuracy for the time to diabetes but were effective in identifying subjects at lower risk of developing diabetes.,easy,Misinterpretation of #Question#
Mammographic screening in Sami speaking municipalities and a control group. Are early outcome measures influenced by ethnicity?,"['Female citizens of Sami (the indigenous people of Norway) municipalities in northern Norway have a low risk of breast cancer. The objective of this study was to describe the attendance rate and outcome of the Norwegian Breast Cancer Screening Program (NBCSP) in the Sami-speaking municipalities and a control group.'
 'A retrospective registry-based study.'
 'The 8 municipalities included in the administration area of the Sami language law (Sami) were matched with a control group of 11 municipalities (non-Sami). Population data were accessed from Statistics Norway. Data regarding invitations and outcome in the NBCSP during the period 2001-2010 was derived from the Cancer Registry of Norway (CRN). The NBCSP targets women aged 50-69 years. Rates and percentages were compared using chi-square test with a p-value<0.05 as statistical significant.'
 'The attendance rate in the NBCSP was 78% in the Sami and 75% in the non-Sami population (p<0.01). The recall rates were 2.4 and 3.3% in the Sami and non-Sami population, respectively (p<0.01). The rate of invasive screen detected cancer was not significantly lower in the Sami group (p=0.14). The percentage of all breast cancers detected in the NBCSP among the Sami (67%) was lower compared with the non-Sami population (86%, p=0.06).']","Despite a lower risk of breast cancer, the Sami attended the NBCSP more frequently than the control group. The recall and cancer detection rate was lower among the Sami compared with the non-Sami group.","The Sami population had a higher risk of breast cancer compared to the non-Sami group, leading to a higher attendance rate in the NBCSP.",easy,Misinterpretation of #Question#
"Are normally sighted, visually impaired, and blind pedestrians accurate and reliable at making street crossing decisions?","['The purpose of this study is to measure the accuracy and reliability of normally sighted, visually impaired, and blind pedestrians at making street crossing decisions using visual and/or auditory information.'
 'Using a 5-point rating scale, safety ratings for vehicular gaps of different durations were measured along a two-lane street of one-way traffic without a traffic signal. Safety ratings were collected from 12 normally sighted, 10 visually impaired, and 10 blind subjects for eight different gap times under three sensory conditions: (1) visual plus auditory information, (2) visual information only, and (3) auditory information only. Accuracy and reliability in street crossing decision-making were calculated for each subject under each sensory condition.'
 'We found that normally sighted and visually impaired pedestrians were accurate and reliable in their street crossing decision-making ability when using either vision plus hearing or vision only (P>0.05). Under the hearing only condition, all subjects were reliable (P>0.05) but inaccurate with their street crossing decisions (P<0.05). Compared to either the normally sighted (P = 0.018) or visually impaired subjects (P = 0.019), blind subjects were the least accurate with their street crossing decisions under the hearing only condition.']","Our data suggested that visually impaired pedestrians can make accurate and reliable street crossing decisions like those of normally sighted pedestrians. When using auditory information only, all subjects significantly overestimated the vehicular gap time. Our finding that blind pedestrians performed significantly worse than either the normally sighted or visually impaired subjects under the hearing only condition suggested that they may benefit from training to improve their detection ability and/or interpretation of vehicular gap times.","Visually impaired pedestrians can make accurate street crossing decisions when using auditory cues; however, their reliability decreases in complex traffic environments compared to normally sighted pedestrians who rely on both visual and auditory information. Studies indicate that visually impaired pedestrians may overestimate vehicular gap times, leading to less accurate crossing decisions.",medium,Misinterpretation of #Question#
Neck pain treatment with acupuncture: does the number of needles matter?,"['Acupuncture has been successfully used in myofascial pain syndromes. However, the number of needles used, that is, the dose of acupuncture stimulation, to obtain the best antinociceptive efficacy is still a matter of debate. The question was addressed comparing the clinical efficacy of two different therapeutic schemes, characterized by a different number of needles used on 36 patients between 29-60 years of age with by a painful cervical myofascial syndrome.'
 'Patients were divided into two groups; the first group of 18 patients were treated with 5 needles and the second group of 18 patients were treated with 11 needles, the time of needle stimulation was the same in both groups: 100 seconds. Each group underwent six cycles of somatic acupuncture. Pain intensity was evaluated before, immediately after and 1 and 3 months after the treatment by means of both the Mc Gill Pain Questionnaire and the Visual Analogue Scale (VAS). In both groups, the needles were fixed superficially excluding the two most painful trigger points where they were deeply inserted.'
 'Both groups, independently from the number of needles used, obtained a good therapeutic effect without clinically relevant differences.']","For this pathology, the number of needles, 5 or 11, seems not to be an important variable in determining the therapeutic effect when the time of stimulation is the same in the two groups.","A study published in the Journal of Complementary Medicine in 2020 found that increasing the number of needles from 5 to 11 during acupuncture treatments did not significantly enhance therapeutic outcomes for neck pain. The study suggested that the efficacy of acupuncture is more influenced by the depth and duration of needle insertion, rather than the sheer number of needles used.",,
Does gestational age misclassification explain the difference in birthweights for Australian aborigines and whites?,"['After 34 weeks gestation, summary measures of location for birthweight (e.g means and centiles) increase more slowly for Australian Aborigines than for whites. A similar pattern has been observed for blacks in the US. This study tests whether the reported pattern is due to differential misclassification of gestational age.'
 'Simulation was used to measure the potential effect of differential misclassification of gestational age. Reported gestational age data were obtained from Queensland Perinatal Data Collection (QPDC). Estimates of the true distributions of gestational age were obtained by assuming various (plausible) types of misclassification and applying these to the reported distributions. Previous studies and data from the QPDC were used to help specify the birthweight distributions used in the simulations.'
 'At full term, the parameters of the birthweight distributions were robust to gestational age misclassification. At preterm, the 10th centiles were robust to misclassification. In contrast, the 90th centiles were sensitive to even minor misclassification. Extreme types of misclassification were required to remove the divergence in median birthweights for Aborigines and whites.']",Gestational age misclassification is an unlikely explanation for the reported divergence in average birth-weights for Aborigines and whites. The results might help with the interpretation of other between-population comparisons.,Gestational age misclassification significantly influences the reported differences in average birthweights between Australian Aborigines and whites.,,
Do we need imaging to diagnose appendicitis in children?,"['To evaluate the role of clinical assessment with selective use of imaging studies in the management of suspected acute appendicitis in children.'
 'Medical records of children referred to Emergency Room in 2010 for suspected appendicitis were retrospectively reviewed. Diagnostic investigations divided by age and sex were related to pathological findings. Negative appendectomy and complication rates were calculated.'
 '923 children needed surgical assessment : In 75.7% of them surgical indication was excluded and 24.3% were admitted to surgical ward for observation. Appendectomy was eventually performed in 137 patients (61.9%), 82.4% of them without any preoperative imaging while 17.6% underwent selective studies, mainly abdominal ultrasonography (14.6%). Imaging was requested twice as frequently in not operated admitted children (39.3%) than in the operated ones (17.5%, P<0.001). Overall complicated appendicitis rate (peritonitis and abscess) resulted 26.4% and negative appendectomy rate 8.8%. Females older than 10 years presented histologically not-confirmed appendicitis in 22.2% of cases, while the younger ones presented more frequently complicated appendicitis (29.3%).']","Clinical assessment is the key to diagnose appendicitis. Nevertheless, in girls older than 10 years, selected use of imaging should be implemented to avoid unnecessary appendectomies. Imaging of choice in equivocal cases should be ultrasonography.","Clinical assessment alone is insufficient for diagnosing appendicitis in all cases, especially in children where symptoms may mimic other illnesses. In these scenarios, imaging is crucial to confirm the presence of appendicitis and prevent misdiagnosis. Ultrasonography is recommended due to its safety and accuracy.",hard,Misinterpretation of #Question#
"Expression of c-kit protooncogen in hepatitis B virus-induced chronic hepatitis, cirrhosis and hepatocellular carcinoma: has it a diagnostic role?","['Paraffin-embedded tissues in Cukurova University Faculty of Medicine Department of Pathology between January 2002 and February 2006 were searched restrospectively to investigate this issue. We performed immunohistochemistry on biopsies of 125 patients with HBV infection, grouped as: mild, moderate and severe hepatitis, cirrhosis and HCC, 25 patients in each of them, using anti c-kit monoclonal antibody. The severity of parenchymal inflammation and of interface hepatitis was semiquantitatively graded on a haematoxylin and eosin stained paraffin sections. Additionally, 50 more HCC, formed on HBV basis, were studied to determine the prevalence of c-kit overexpression.'
 'In cirrhotic liver, lower intensity of staining and rarely c-kit positivity were present. The greatest number of the c-kit positivity and higher intensity of staining was found in the livers of patients with severe hepatitis and HCC. In chronic hepatitis B infection, the staining intensity was parallel with the grade and stage of the disease. In the areas where fibrosis was seen, c-kit positivity was rare or absent. In the HCC specimens, c-kit positivity appeared both inside and around the cancerous nodes. C-kit expression was observed in 62 of 75 HCC tissue specimens (82%) (p<0.001).']","C-kit positivity was observed in the mitotic, proliferating and also dysplastic hepatic cells. These results suggest that c-kit expression may be used as an early diagnostic indicator for HBV induced HCC.",C-kit positivity was predominantly observed in the stromal cells surrounding the hepatic nodules rather than within the hepatic cells themselves. These findings suggest that c-kit expression may indicate the presence of fibrotic changes associated with chronic hepatitis and cirrhosis.,hard,Incomplete Information
Are failures of anterior cruciate ligament reconstruction associated with steep posterior tibial slopes?,"['Recently, increasing number of literature has identified the posterior tibial slope (PTS) as one of the risk factors of primary anterior cruciate ligament (ACL) injury. However, few studies concerning the association between failure of ACL reconstruction (ACLR) and PTS have been published. The objective of this study was to explore the association between the failure of ACLR and PTS at a minimum of two years follow-up.'
 ""Two hundred and thirty eight eligible patients from June 2009 to October 2010 were identified from our database. A total of 20 failure cases of ACLR and 20 randomly selected controls were included in this retrospective study. The demographic data and the results of manual maximum side-to-side difference with KT-1000 arthrometer at 30° of knee flexion and pivot-shift test before the ACLR and at the final follow-up were collected. The medial and lateral PTSs were measured using the magnetic resonance imaging (MRI) scan, based on Hudek's measurement. A comparison of PTS between the two groups was performed.""
 'The overall failure rate of the present study was 8.4%. Of the 40 participants, the mean medial PTS was 4.1° ± 3.2° and the mean lateral PTS was 4.6° ± 2.6°. The medial PTS of the ACLR failure group was significantly steeper than the control group (3.5° ± 2.5° vs. 6.1° ± 2.1°, P = 0.000). Similarly, the lateral PTS of the ACLR failure group was significantly steeper than the control group (2.9° ± 2.1° vs. 5.5° ± 3.0°, P = 0.006). For medial PTS ≥ 5°, the odds ratio of ACLR failure was 6.8 (P = 0.007); for lateral PTS ≥5°, the odds ratio of ACLR failure was 10.8 (P = 0.000).']",Both medial and lateral PTS were significantly steeper in failures of ACLR than the control group. Medial or lateral PTS ≥5° was a new risk factor of ACLR failure.,Only the lateral PTS was significantly steeper in failures of ACLR compared to the control group.,medium,Misinterpretation of #Question#
Delayed imaging in routine CT examinations of the abdomen and pelvis: is it worth the additional cost of radiation and time?,"['The purpose of this study was to retrospectively assess the potential benefits of delayed phase imaging series in routine CT scans of the abdomen and pelvis.'
 'Routine contrast-enhanced abdominopelvic CT scans of 1000 consecutively examined patients (912 men, 88 women; average age, 60 years; range, 22-94 years) were retrospectively evaluated, and the added benefits of the delayed phase series through the abdomen were recorded for each examination. Examinations performed for indications requiring multiphasic imaging were excluded. Images were reviewed by two fellowship-trained abdominal radiologists, who were blinded to official CT reports. All examinations were performed between July 2008 and February 2010 at a single institution. Radiation doses for both the portal venous and delayed phases, when available, were analyzed to assess the effect of the delayed phase on overall radiation exposure.'
 'Forty-two patients (4.2%) had findings that were further characterized or were observed only in the delayed phase. Most were incidental findings that could have been confirmed at noninvasive follow-up imaging, such as sonography or unenhanced CT or MRI. The most common findings were liver hemangioma (n = 12), adrenal adenoma (n = 12), and parapelvic renal cysts (n = 6). The most important finding was detection of a renal mass in one patient (0.1%). The mass was seen only on the delayed phase images but was difficult to appreciate in the portal venous phase. In the other 958 patients (95.8%), delayed imaging was of no benefit. In addition, use of the delayed phase resulted in a mean 59.5% increase in effective radiation dose.']","An additional delayed phase through the abdomen in routine contrast-enhanced CT examinations of the abdomen and pelvis is of low yield, particularly if reliable follow-up imaging to further elucidate uncertain findings is available.","Routine contrast-enhanced CT examinations of the abdomen and pelvis significantly benefit from an additional delayed phase, enhancing diagnostic accuracy and detecting critical findings such as adrenal tumors and liver lesions.",medium,Misinterpretation of #Question#
Is there any relationship between streptococcal infection and multiple sclerosis?,"['Multiple sclerosis (MS) is an immune-mediated inflammatory demyelinating disease of uncertain etiology. Although the mechanisms of inducting autoimmunity by some of the infectious agents have been investigated, there is not yet enough research on streptococcal infections.MATERIAL/'
 'To understand the effect of past group A streptococcal infection on MS, antistreptolysin O (ASO) and antideoxyribonuclease B (ADNase B) were measured in 21 patients with relapsing-remitting MS and 21 healthy blood donors by nephelometric assay.'
 'ADNase B levels in the patients with MS were found to be significantly higher than in the controls (p<0.001); however, ASO levels were similar in both groups.']","These findings indicate that a relationship between multiple sclerosis and streptococcal infections may exist, but to acquire a better understanding of the role of group A streptococci in the pathogenesis of multiple sclerosis, more studies with animal models are necessary.","Studies have shown that streptococcal infections can trigger an autoimmune response that mimics the symptoms of multiple sclerosis, suggesting a causal link.",hard,Misinterpretation of #Question#
Are head and neck specific quality of life measures necessary?,"['The purpose of this study was to determine whether head and neck-specific health status domains are distinct from those assessed by general measures of quality-of-life (QOL).'
 'Cross-sectional study of 55 head and neck cancer patients in tertiary academic center was made. Three head and neck-specific measures,-including the Head&Neck Survey (H&NS); a brief, multi-item test which generates domain scores; and a general health measure,-were administered.'
 'The H&NS was highly reliable and more strongly correlated to the specific measures than to the general measure. Eating/swallowing (ES) and speech/communication (SC) were not well correlated with general health domains. Head and neck pain was highly correlated to general bodily pain (0.88, p<.0001). Despite correlations to some general health domains, appearance (AP) was not fully reflected by any other domain.']","Head and neck-specific QOL measures are necessary and should include domains that reflect ES, SC, and AP.",General health quality of life measures suffice for most head and neck cancer patients.,easy,Misinterpretation of #Question#
Are endothelial cell patterns of astrocytomas indicative of grade?,"['The most common primary brain tumors in children and adults are of astrocytic origin. Classic histologic grading schemes for astrocytomas have included evaluating the presence or absence of nuclear abnormalities, mitoses, vascular endothelial proliferation, and tumor necrosis.'
 'We evaluated the vascular pattern of 17 astrocytoma surgical specimens (seven from children and 10 from adults), and four normal brains obtained at autopsy, utilizing antibody to glial fibrillary acidic protein (GFAP) and von Willebrand factor (vWF) utilizing confocal microscopy. A modified WHO classification was used.'
 'All tumor cases showed cells positive for GFAP. Control tissues showed a few, widely separated vessels. Pilocytic astrocytomas (four cases) showed lacy clusters of small-to-medium sized vessels, with intact vessel wall integrity. Diffuse, low grade astrocytoma (three cases) showed a staining pattern similar to control tissue; intermediate grade (one case), anaplastic astrocytoma (three cases) and gliobastoma multiforme (six cases) showed an increased vessel density with multiple small vessels (glomeruloid clusters), some with prominent intimal hyperplasia, loss of vessel wall integrity, and with numerous vWF-positive single cells/microvessels within the tumor substance.']",Evaluation of astrocytomas utilizing antibody to vWF and confocal microscopy aids in the grading of these neoplasms.,Evaluation of astrocytomas utilizing antibody to GFAP and confocal microscopy aids in the grading of these neoplasms.,medium,Misinterpretation of #Question#
Can third trimester ultrasound predict the presentation of the first twin at delivery?,"['To determine the ability of early sonogram to predict the presentation of twin A at birth.'
 'A retrospective cohort study was conducted on all twin pregnancies evaluated at our Fetal Evaluation Unit from 2007 to 2009. Sonogram records were reviewed for the presentation of twin A at seven gestational age intervals and inpatient medical records were reviewed for the presentation of twin A at delivery. The positive predictive value, sensitivity, and specificity of presentation as determined by ultrasound, at each gestational age interval, for the same presentation at delivery were calculated.'
 'Two hundred and thirty-eight twin pregnancies met inclusion criteria. A total of 896 ultrasounds were reviewed. The positive predictive value of cephalic presentation of twin A as determined by ultrasound for the persistence of cephalic presentation at delivery reached 95% after 28 weeks gestation. The positive predictive value for noncephalic presentation as established by sonogram for noncephalic at delivery was>90% after 32 weeks gestation.']",The presentation of the first twin at delivery can be determined by sonogram by the 32nd week of gestation in over 90% of twin pregnancies.,Third trimester ultrasounds can predict the presentation of the first twin at delivery with 90% accuracy by the 28th week of gestation.,medium,Misinterpretation of #Question#
Necrotizing fasciitis: an indication for hyperbaric oxygenation therapy?,"['The accepted treatment protocol for necrotizing fasciitis (NF) consists of extensive surgery and wide spectrum antibiotics. Hyperbaric oxygenation (HBO) has been recommended as adjuvant therapy for NF, improving patient mortality and outcome. However, the beneficial effect of HBO for NF remains controversial.'
 'A retrospective evaluation of treatment outcome in 37 patients treated for NF between 1984 and 1993 was carried out. The mortality rate, morbidity criteria, and risk factors for grave prognosis were compared between a group of 25 patients who received HBO as part of their treatment protocol and a group of the remaining 12 patients treated by surgical excision and antibiotics alone.'
 ""The two groups were found to be similar with regard to age, gender, the incidence of individual risk factors for ominous prognosis, and the Acute Physiology and Chronic Health Evaluation (APACHE) II score for disease's severity on presentation. The mortality rate among the HBO-treated patients was 36%, as opposed to 25% in the non-HBO group. The mean number of surgical débridements required per patient was significantly higher in the HBO group: 3.3 compared with 1.5 in the non-HBO-treated patients. Although the average length of hospitalization for survivors was shorter for the HBO group, the difference between the groups did not reach statistical significance.""]",The results of this study cast doubt on the suggested advantage of HBO in reducing patient mortality and morbidity when used as adjuvant therapy for NF.,"The study confirms the significant reduction in mortality rates among patients treated with HBO alongside standard protocols, indicating its efficacy in managing NF.",,
Target Serum Urate: Do Gout Patients Know Their Goal?,"[""To examine gout patients' knowledge of their condition, including the central role of achieving and maintaining the serum urate (SU) goal with the use of urate-lowering therapy (ULT).""
 'This study of 612 gout patients was conducted at a Veterans Affairs medical center. Gout patients were included based on administrative diagnostic codes and receipt of at least 1 allopurinol prescription over a 1-year period. Questionnaires were mailed to patients and linked to medical records data. The questionnaire included gout-specific knowledge questions, the Patient Activation Measure, and self-reported health outcomes. Knowledge was assessed descriptively. Multivariable logistic regression was used to determine predictors of SU goal knowledge. Associations of knowledge with health outcomes were examined in exploratory analyses.'
 'The questionnaire had a 62% response rate. Only 14% of patients knew their SU goal, while the majority answered correctly for the other 5 gout-specific knowledge questions. In adjusted analyses, having a rheumatologist as initial prescriber (odds ratio [OR] 3.0 [95% confidence interval (95% CI) 1.4-6.2]) and knowing all of the other 5 gout-specific knowledge questions (OR 2.1 [95% CI 1.3-3.4]) were associated with greater odds of knowing the SU goal. SU goal knowledge was associated with self-reported global health status, but not with self-reported health-related quality of life or gout-specific health status.']","There is a knowledge deficit regarding the SU treatment goal among gout patients receiving ULT, despite generally high levels of other gout-specific knowledge. SU goal information may be an important and underutilized concept among providers treating gout patients.","Gout patients often exhibit a significant knowledge deficit regarding specific aspects of their condition, particularly in understanding the importance of maintaining target serum urate (SU) levels. However, most patients are aware of the general role of urate-lowering therapy (ULT) in managing their condition. Despite this, only 14% of patients know their exact SU target levels, suggesting a need for improved communication about these specific treatment goals.",hard,Incomplete Information
Is amoxapine an atypical antipsychotic?,"['All currently available atypical antipsychotics have, at clinically relevant doses: i) high serotonin (5-HT)2 occupancy; ii) greater 5-HT2 than dopamine (D)2 occupancy; and iii) a higher incidence of extrapyramidal side effects when their D2 occupancy exceeds 80%. A review of pharmacologic and behavioral data suggested that amoxapine should also conform to this profile; therefore, we undertook a positron-emission tomography (PET) study of its 5-HT2 and D2 occupancy.'
 'Seven healthy volunteers received 50-250 mg/day of amoxapine for 5 days and then had [11C]-raclopride and [18F]-setoperone PET scans.'
 '5-HT2 receptors showed near saturation at doses of 100 mg/day and above. The D2 receptor occupancies showed a dose-dependent increase, never exceeding 80%; at all doses 5-HT2 occupancy exceeded D2 occupancy.']","PET data show that amoxapine's profile is very similar to that of the established atypical antipsychotics. These data, together with amoxapine's in vitro pharmacologic profile, effectiveness in animal models, and efficacy in psychotic depression raise the possibility of amoxapine as an ""atypical"" antipsychotic agent in the treatment of schizophrenia.",Amoxapine is classified as a typical antipsychotic due to its significant affinity for D2 receptors compared to 5-HT2 receptors.,,
Does SYNTAX score predict in-hospital outcomes in patients with ST elevation myocardial infarction undergoing primary percutaneous coronary intervention?,"['SYNTAX score (SxS) has been demonstrated to predict long-term outcomes in stable patients with coronary artery disease. But its prognostic value for patients with acute coronary syndrome remains unknown.AIM: To evaluate whether SxS could predict in-hospital outcomes for patients admitted with ST elevation myocardial infarction (STEMI) who undergo primary percutaneous coronary intervention (pPCI).'
 'The study included 538 patients with STEMI who underwent pPCI between January 2010 and December 2012. The patients were divided into two groups: low SxS (<22) and high SxS (>22). The SxS of all patients was calculated from aninitial angiogram and TIMI flow grade of infarct related artery was calculated after pPCI. Left ventricular systolic functions of the patients were evaluated with an echocardiogram in the following week. The rates of reinfarction and mortality during hospitalisation were obtained from the medical records of our hospital.'
 'The high SxS group had more no-reflow (41% and 25.1%, p<0.001, respectively), lower ejection fraction (38.2 ± 7.5% and 44.6 ± 8.8%, p<0.001, respectively), and greater rates of re-infarction (9.5% and 7.3%, p = 0.037, respectively) and mortality (0.9% and 0.2%, p = 0.021, respectively) during hospitalisation compared to the low SxS group. On multivariate logistic regression analysis including clinical variables, SxS was an independent predictor of no-reflow (OR 1.081, 95% CI 1.032-1.133, p = 0.001).']",SxS is a useful tool that can predict in-hospital outcomes of patients with STEMI undergoing pPCI.,SYNTAX score cannot predict in-hospital outcomes for patients with STEMI undergoing pPCI.,,
Is size-reducing ascending aortoplasty with external reinforcement an option in modern aortic surgery?,"['Enlargement of the ascending aorta is often combined with valvular, coronary, or other cardiac diseases. Reduction aortoplasty can be an optional therapy; however, indications regarding the diameter of aorta, the history of dilatation (poststenosis, bicuspid aortic valve), or the intraoperative management (wall excision, reduction suture, external reinforcement) are not established.'
 'In a retrospective study between 1997 and 2005, we investigated 531 patients operated for aneurysm or ectasia of the ascending aorta (diameter: 45-76mm). Of these, in 50 patients, size-reducing ascending aortoplasty was performed. External reinforcement with a non-coated dacron prosthesis was added in order to stabilize the aortic wall.'
 'Aortoplasty was associated with aortic valve replacement in 47 cases (35 mechanical vs 12 biological), subvalvular myectomy in 29 cases, and CABG in 13 cases. The procedure was performed with low hospital mortality (2%) and a low postoperative morbidity. Computertomographic and echocardiographic diameters were significantly smaller after reduction (55.8+/-9mm down to 40.51+/-6.2mm (CT), p<0.002; 54.1+/-6.7mm preoperatively down to 38.7+/-7.1mm (echocardiography), p<0.002), with stable performance in long-term follow-up (mean follow-up time: 70 months).']","As demonstrated in this study, size reduction of the ascending aorta using aortoplasty with external reinforcement is a safe procedure with excellent long-term results. It is a therapeutic option in modern aortic surgery in patients with poststenotic dilatation of the aorta without impairment of the sinotubular junction of the aortic valve and root.",Size-reducing ascending aortoplasty with external reinforcement is not widely accepted as a standard procedure in modern aortic surgery due to inconsistent long-term outcomes and higher complication rates compared to conventional aortic valve replacements.,medium,Misinterpretation of #Question#
Can the postoperative pain level be predicted preoperatively?,"['We searched for factors present preoperatively which could be used to predict the intensity of postoperative pain.'
 'We undertook a prospective study among all patients aged over 18 years who underwent shoulder surgery from January to September 2004 in our unit. The study included 86 patients for which the following data were noted preoperatively: past history of pain, intensity and duration of prior pain, triggering factors, localization, psychological context. The intensity of the postoperative pain was measured on a visual analog scale (VAS); measurements were noted up to 24 hours postop then at one month. Data processing was performed with Statview5.5.'
 'Significant postoperative pain was correlated with a prior history of surgical pain, with duration of prior pain, with intensity of preoperative pain, and with depression.'
 'Significant sustained preoperative pain can favor memory of pain leading to postoperative sensitivization of nociception neurons. Intense postoperative pain can favor the development of refractory chronic pain.']","Significant postoperative pain can be expected in the following situations: pain after prior surgery, presence of chronic pain sustained for more than six months, intense preoperative pain, state of depression.","Significant postoperative pain can be expected in patients who have a history of frequent migraines, regardless of previous surgical history or chronic pain conditions.",,
Validation of the 2009 TNM version in a large multi-institutional cohort of patients treated for renal cell carcinoma: are further improvements needed?,"['A new edition of the TNM was recently released that includes modifications for the staging system of kidney cancers. Specifically, T2 cancers were subclassified into T2a and T2b (<or =10 cm vs>10 cm), tumors with renal vein involvement or perinephric fat involvement were classified as T3a cancers, and those with adrenal involvement were classified as T4 cancers.'
 'Our aim was to validate the recently released edition of the TNM staging system for primary tumor classification in kidney cancer.'
 'Our multicenter retrospective study consisted of 5339 patients treated in 16 academic Italian centers.'
 'Patients underwent either radical or partial nephrectomy.'
 'Univariable and multivariable Cox regression models addressed cancer-specific survival (CSS) after surgery.'
 'In the study, 1897 patients (35.5%) were classified as pT1a, 1453 (27%) as pT1b, 437 (8%) as pT2a, 153 (3%) as pT2b, 1059 (20%) as pT3a, 117 (2%) as pT3b, 26 (0.5%) as pT3c, and 197 (4%) as pT4. At a median follow-up of 42 mo, 786 (15%) had died of disease. In univariable analysis, patients with pT2b and pT3a tumors had similar CSS, as did patients with pT3c and pT4 tumors. Moreover, both pT3a and pT3b stages included patients with heterogeneous outcomes. In multivariable analysis, the novel classification of the primary tumor was a powerful independent predictor of CSS (p for trend<0.0001). However, the substratification of pT1 tumors did not retain an independent predictive role. The major limitations of the study are retrospective design, lack of central pathologic review, and the small number of patients included in some substages.']","The recently released seventh edition of the primary tumor staging system for kidney tumors is a powerful predictor of CSS. However, some of the substages identified by the classification have overlapping prognoses, and other substages include patients with heterogeneous outcomes. The few modifications included in this edition may have not resolved the most critical issues in the previous version.","The recent modifications to the TNM staging system have significantly improved the accuracy of predicting overall survival rates in renal cell carcinoma patients. However, there remains a notable overlap in prognosis among certain subcategories, particularly within the pT3 stage classifications.",medium,Incomplete Information
Does fluoridation reduce the use of dental services among adults?,"[""The authors determine whether prevention influences the use of health services. Fluoridation's effect on restorative dental demand among 972 Washington state employees and spouses, aged 20 to 34 years, in two fluoridated communities and a nonfluoridated community was examined.""
 ""At baseline, adults were interviewed by telephone, and oral assessments were conducted to measure personal characteristics, lifetime exposure to fluoridated water, oral disease, and the quality of restorations. Adults were followed for 2 years to measure dental demand from dental claims. Each adult's baseline and claims data were linked with provider and practice variables collected from the dentist who provided treatment.""
 'Relative to adults with no lifetime exposure to fluoridated water, adults drinking fluoridated water for half or more of their lives had less disease at baseline and a lower but nonsignificant probability of receiving a restoration in the follow-up period. In the 2-year follow-up period, however, more than half of the restorations were performed to replace fillings of satisfactory or ideal quality at baseline. When only teeth with decay and unsatisfactory fillings at baseline were considered, adults with high fluoridation exposure had a lower probability of receiving a restoration than adults with no exposure. Market effects also were detected in demand equations; relative to adults in the nonfluoridated community, adults residing in the fluoridated community with a large dentist supply received a greater number of restorations, suggesting potential supplier-induced demand from less disease and fewer patients.']","Among adults aged 20 to 34 years with private dental insurance, fluoridation reduces oral disease but may or may not reduce use of restorative services, depending on dentists' clinical decisions.",Fluoridation significantly reduces the overall use of dental services among adults due to decreased tooth decay and improved oral health.,hard,Misinterpretation of #Question#
Adjuvant radiation of stage III thymoma: is it necessary?,"['The criteria for administration of adjuvant radiation therapy after thymoma resection remains controversial, and it is unclear whether patients with Masaoka stage III thymoma benefit from adjuvant radiation. The goal of this report was to determine whether or not this group benefits from radiation therapy in disease-specific survival and disease-free survival.'
 'Case records of the Massachusetts General Hospital were retrospectively reviewed from 1972 to 2004. One hundred and seventy-nine patients underwent resection for thymoma, of which 45 had stage III disease.'
 'Forty-five stage III patients underwent resection and in 36 it was complete. Thirty-eight stage III patients received radiation therapy. Baseline prognostic factors between radiated and nonradiated groups were similar. The addition of adjuvant radiotherapy did not alter local or distant recurrence rates in patients with stage III thymoma. Disease-specific survival at 10 years in stage III patients who did not receive radiation was 75% (95% confidence interval, 32% to 100%) and in patients who did receive radiation therapy it was 79% (95% confidence interval, 64% to 94%) (p = 0.21). The most common site of relapse was the pleura.']",Most patients who have stage III thymoma undergo complete resection. Some patients enjoy prolonged disease-free survival without adjuvant radiation after resection of stage III thymoma. Radiation does not seem to prevent pleural recurrences when given after resection of stage III thymomas. The use of routine adjuvant radiation after a complete resection of stage III thymoma needs to be re-addressed. There may be a role for the use of chemotherapy to reduce pleural recurrences.,"Adjuvant radiation therapy significantly improves the disease-specific survival rates in patients with stage III thymoma, particularly when administered within three months post-resection.",medium,Misinterpretation of #Question#
"Laparoscopic-assisted ileocolic resections in patients with Crohn's disease: are abscesses, phlegmons, or recurrent disease contraindications?","[""Because of the inflammatory nature of Crohn's disease, ileocolic resections are often difficult to perform, especially if an abscess, phlegmon, or recurrent disease at a previous ileocolic anastomosis is present. Our goal was to determine whether the above factors are contraindications to a successful laparoscopic-assisted ileocolic resection.""
 ""Between 1992 and 1996, 46 laparoscopic-assisted ileocolic resections were attempted. Fourteen patients had an abscess or phlegmon treated with bowel rest before operation (group I), 10 patients had recurrent Crohn's disease at the previous ileocolic anastomosis (group II), and 22 patients had no previous operation and no phlegmon or abscess associated with their disease (group III). These groups were compared with each other and with 70 consecutive open ileocolic resections for Crohn's disease during the same time period (group IV).""
 'Operative blood loss and time were greater in group IV than in groups I, II, and III (245 versus 151, 131, and 195 ml, respectively, and 202 versus 152, 144, and 139 minutes, respectively). Conversion to open procedure occurred in 5 patients (group I, 1 [7%]; group II, 2 [20%]; group III, 2 [9%]). Morbidity was highest in group IV (21% versus 0%, 10%, and 10%, respectively). Only one patient died (group IV, 1%). Length of hospital stay was longest in group IV (7.9 versus 4.8, 3.9, and 4.5 days, respectively).']","The laparoscopic-assisted approach to Crohn's disease is feasible and safe with good outcomes. Co-morbid preoperative findings such as abscess, phlegmon, or recurrent disease at the previous ileocolic anastomosis are not contraindications to a successful laparoscopic-assisted ileocolic resection in select patients.","Abscesses, phlegmons, or recurrent disease may pose significant challenges for laparoscopic-assisted ileocolic resections in Crohn's disease due to increased operative time and risk of conversion to open surgery, necessitating careful patient selection and preoperative optimization.",hard,Misinterpretation of #Question#
Can patients be anticoagulated after intracerebral hemorrhage?,"['Warfarin increases both the likelihood and the mortality of intracerebral hemorrhage (ICH), particularly in patients with a history of prior ICH. In light of this consideration, should a patient with both a history of ICH and a clear indication for anticoagulation such as nonvalvular atrial fibrillation be anticoagulated? In the absence of data from a clinical trial, we used a decision-analysis model to compare the expected values of 2 treatment strategies-warfarin and no anticoagulation-for such patients.'
 'We used a Markov state transition decision model stratified by location of hemorrhage (lobar or deep hemispheric). Effectiveness was measured in quality-adjusted life years (QALYs). Data sources included English language literature identified through MEDLINE searches and bibliographies from selected articles, along with empirical data from our own institution. The base case focused on a 69-year-old man with a history of ICH and newly diagnosed nonvalvular atrial fibrillation.'
 'For patients with prior lobar ICH, withholding anticoagulation therapy was strongly preferred, improving quality-adjusted life expectancy by 1.9 QALYs. For patients with prior deep hemispheric ICH, withholding anticoagulation resulted in a smaller gain of 0.3 QALYs. In sensitivity analyses for patients with deep ICH, anticoagulation could be preferred if the risk of thromboembolic stroke is particularly high.']","Survivors of lobar ICH with atrial fibrillation should not be offered long-term anticoagulation. Similarly, most patients with deep hemispheric ICH and atrial fibrillation should not receive anticoagulant therapy. However, patients with deep hemispheric ICH at particularly high risk for thromboembolic stroke or low risk of ICH recurrence might benefit from long-term anticoagulation.","Patients who have experienced intracerebral hemorrhage (ICH) are generally contraindicated for anticoagulation therapy, particularly in cases of lobar ICH, due to the significantly increased risk of recurrent bleeding. However, in specific scenarios involving deep hemispheric ICH, where patients may be at a high risk for thromboembolic events and have a low risk of ICH recurrence, a cautious approach may lead to the initiation of anticoagulation therapy. This decision should be guided by a comprehensive evaluation of individual risk factors, including age, comorbidities, and the size and location of the hemorrhage.",hard,Incomplete Information
Is the probability of prenatal diagnosis or termination of pregnancy different for fetuses with congenital anomalies conceived following assisted reproductive techniques?,"['To compare the probability of prenatal diagnosis (PND) and termination of pregnancy for fetal anomaly (TOPFA) between fetuses conceived by assisted reproductive techniques (ART) and spontaneously-conceived fetuses with congenital heart defects (CHD).'
 'Population-based observational study.' 'Paris and surrounding suburbs.'
 'Fetuses with CHD in the Paris registry of congenital malformations and cohort of children with CHD (Epicard).'
 'Comparison of ART-conceived and spontaneously conceived fetuses taking into account potential confounders (maternal characteristics, multiplicity and year of birth or TOPFA).'
 'Probability and gestational age at PND and TOPFA for ART-conceived versus spontaneously conceived fetuses.'
 'The probability of PND (28.1% versus 34.6%, P = 0.077) and TOPFA (36.2% versus 39.2%, P = 0.677) were not statistically different between ART-conceived (n = 171) and spontaneously conceived (n = 4620) fetuses. Estimates were similar after adjustment for potential confounders. Gestational age at PND tended to be earlier for ART fetuses (23.1 versus 24.8 weeks, P = 0.05) but no statistical difference was found after adjustment for confounders. Gestational age at TOPFA was comparable between ART-conceived and spontaneously conceived fetuses.']","In our population, ART conception was not significantly associated with the probability of PND or TOPFA for CHD. One implication of our results is that live births may be adequate for assessing the overall risk of CHD related to ART. However, total prevalence, in particular of severe CHD, would not be adequately assessed if TOPFA are not included.",The probability of prenatal diagnosis and termination of pregnancy for fetuses with congenital heart defects (CHD) is significantly higher in fetuses conceived through assisted reproductive techniques (ART).,,
Do general practitioner hospitals reduce the utilisation of general hospital beds?,"['To assess whether populations with access to general practitioner hospitals (GP hospitals) utilise general hospitals less than populations without such access.'
 'Observational study comparing the total rates of admissions and of occupied bed days in general hospitals between populations with and without access to GP hospitals. Comparisons were also made separately for diagnoses commonly encountered in GP hospitals.'
 'Two general hospitals serving the population of Finnmark county in north Norway.'
 ""35,435 admissions based on five years' routine recordings from the two hospitals.""
 'The total rate of admission to general hospitals was lower in peripheral municipalities with a GP hospital than in central municipalities without this kind of institution, 26% and 28% lower for men and women respectively. The corresponding differences were 38% and 52%, when analysed for occupied bed days. The differences were most pronounced for patients with respiratory diseases, cardiac failure, and cancer who are primarily or intermediately treated or cared for in GP hospitals, and for patients with stroke and fractures, who are regularly transferred from general hospitals to GP hospitals for longer term follow up care.']",GP hospitals seem to reduce the utilisation of general hospitals with respect to admissions as well as occupied bed days.,General practitioner hospitals increase the overall utilisation of general hospital beds by diverting chronic cases back to general hospitals for specialized treatments.,medium,Misinterpretation of #Question#
The English antibiotic awareness campaigns: did they change the public's knowledge of and attitudes to antibiotic use?,"['To determine the effect of the 2008 English public antibiotic campaigns.'
 'English and Scottish (acting as controls) adults aged>or = 15 years were questioned face to face about their attitudes to and use of antibiotics, in January 2008 (1888) before and in January 2009 (1830) after the antibiotic campaigns.'
 'Among English respondents, there was a small increase in recollection of campaign posters (2009 23.7% versus 2008 19.2%; P = 0.03), but this increase was only 2.3% higher in England than in Scotland. We did not detect any improvement in either England or Scotland, or any differences between England and Scotland in the understanding of the lack of benefit of antibiotics for coughs and colds, and we found no improvement in antibiotic use. We detected a significant increase in respondents retaining leftover antibiotics. Over 20% reported discussing antibiotics with their general practitioner (GP) or nurse in the year to January 2009. The offer of a delayed antibiotic prescription was reported significantly more often by English respondents (19% versus 8% Scottish in 2009; P = 0.01), and English respondents were advised to use other remedies for coughs and colds significantly more often in the year to January 2009 (12.7% in 2009 versus 7.4% in 2008; P<0.001).']",There is little evidence that the 2008 public antibiotic campaigns were effective. The use and visibility of future campaign materials needs auditing. A carefully planned approach that targets the public in GP waiting rooms and through clinicians in consultations may be a more effective way of improving prudent antibiotic use.,"The public antibiotic campaigns significantly improved public knowledge and attitudes towards antibiotic use, particularly among younger demographics.",,
Are reports of mechanical dysfunction in chronic oro-facial pain related to somatisation?,"['(i) To examine the association between self-reported mechanical factors and chronic oro-facial pain. (ii) To test the hypothesis that this relationship could be explained by: (a) reporting of psychological factors, (b) common association of self-reported mechanical factors with other unexplained syndromes.'
 'A population based cross-sectional study of 4200 randomly selected adults registered with a General Medical Practice in North West, England. The study examined the association of chronic oro-facial pain with a variety of self-reported mechanical factors: teeth grinding, facial trauma, missing teeth and the feeling that the teeth did not fit together properly. Information was also collected on demographic factors, psychological factors and the reporting of other frequently unexplained syndromes.'
 'An adjusted response rate of 72% was achieved. Only two mechanical factors: teeth grinding (odds ratio (OR) 2.0, 95% CI 1.3-3.0) and facial trauma (OR 2.0; 95% CI 1.3-2.9) were independently associated with chronic oro-facial pain after adjusting for psychological factors. However, these factors were also commonly associated with the reporting of other frequently unexplained syndromes: teeth grinding (odds ratio (OR) 1.8, 95% CI 1.5-2.2), facial trauma (OR 2.1; 95% CI 1.7-2.6).']","Self-reported mechanical factors associated with chronic oro-facial pain are confounded, in part, by psychological factors and are equally common across other frequently unexplained syndromes. They may represent another feature of somatisation. Therefore the use of extensive invasive therapy such as occlusal adjustments and surgery to change mechanical factors may not be justified in many cases.","Chronic oro-facial pain is predominantly linked to mechanical dysfunctions, such as jaw misalignment and muscle tension, rather than somatisation. A study published in the Journal of Orofacial Pain in 2020 concluded that mechanical factors account for over 70% of chronic oro-facial pain cases, independent of psychological factors. This finding suggests that mechanical issues are the primary drivers, necessitating targeted orthodontic interventions and physical therapy.",easy,Misinterpretation of #Question#
Is serum total bilirubin useful to differentiate cardioembolic stroke from other stroke subtypes?,"['Previous studies have reported that the total bilirubin (TB) level is associated with coronary artery disease, heart failure and atrial fibrillation. These heart diseases can produce cardiogenic cerebral embolism and cause cardioembolic stroke. However, whether the serum TB could be a biomarker to differentiate cardioembolic stroke from other stroke subtypes is unclear.'
 'Our study consisted of 628 consecutive patients with ischaemic stroke. Various clinical and laboratory variables of the patients were analysed according to serum TB quartiles and stroke subtypes.'
 'The higher TB quartile group was associated with atrial fibrillation, larger left atrium diameter, lower left ventricular fractional shortening and cardioembolic stroke (P<0.001, P = 0.001, P = 0.033, P<0.001, respectively). Furthermore, serum TB was a statistically significant independent predictor of cardioembolic stroke in a multivariable setting (Continuous, per unit increase OR = 1.091, 95%CI: 1.023-1.164, P = 0.008).']",Serum TB level was independently associated with cardioembolic stroke. The combination of clinical data and serum TB may be a feasible strategy to diagnose cardioembolic stroke in the acute phase.,"Serum total bilirubin is inversely correlated with cardioembolic stroke risk, suggesting higher bilirubin levels indicate lower risk of cardioembolic events.",,
Upstream solutions: does the supplemental security income program reduce disability in the elderly?,"['The robust relationship between socioeconomic factors and health suggests that social and economic policies might substantially affect health, while other evidence suggests that medical care, the main focus of current health policy, may not be the primary determinant of population health. Income support policies are one promising avenue to improve population health. This study examines whether the federal cash transfer program to poor elderly, the Supplemental Security Income (SSI) program, affects old-age disability.'
 'This study uses the 1990 and 2000 censuses, employing state and year fixed-effect models, to test whether within-state changes in maximum SSI benefits over time lead to changes in disability among people aged sixty-five and older.'
 'Higher benefits are linked to lower disability rates. Among all single elderly individuals, 30 percent have mobility limitations, and an increase of $100 per month in the maximum SSI benefit caused the rate of mobility limitations to fall by 0.46 percentage points. The findings were robust to sensitivity analyses. First, analyses limited to those most likely to receive SSI produced larger effects, but analyses limited to those least likely to receive SSI produced no measurable effect. Second, varying the disability measure did not meaningfully alter the findings. Third, excluding the institutionalized, immigrants, individuals living in states with exceptionally large benefit changes, and individuals living in states with no SSI supplements did not change the substantive conclusions. Fourth, Medicaid did not confound the effects. Finally, these results were robust for married individuals.']","Income support policy may be a significant new lever for improving population health, especially that of lower-income persons. Even though the findings are robust, further analyses are needed to confirm their reliability. Future research should examine a variety of different income support policies, as well as whether a broader range of social and economic policies affect health.",The Supplemental Security Income (SSI) program significantly decreases the rate of cognitive decline among the elderly.,hard,Misinterpretation of #Question#
Are patients willing participants in the new wave of community-based medical education in regional and rural Australia?,"[""Community-based medical education is growing to meet the increased demand for quality clinical education in expanded settings, and its sustainability relies on patient participation. This study investigated patients' views on being used as an educational resource for teaching medical students.""
 'Questionnaire-based survey.'
 'Patients attending six rural and 11 regional general practices in New South Wales over 18 teaching sessions in November 2008, who consented to student involvement in their consultation.'
 'Patient perceptions, expectations and acceptance of medical student involvement in consultations, assessed by surveys before and after their consultations.'
 '118 of 122 patients consented to medical student involvement; of these, 117 (99%) completed a survey before the consultation, and 100 (85%) after the consultation. Patients were overwhelmingly positive about their doctor and practice being involved in student teaching and felt they themselves played an important role. Pre-consultation, patients expressed reluctance to allow students to conduct some or all aspects of the consultation independently. However, after the consultation, they reported they would have accepted higher levels of involvement than actually occurred.']","Patients in regional and rural settings were willing partners in developing skills of junior medical students, who had greater involvement in patient consultations than previously reported for urban students. Our study extends the findings from urban general practice that patients are underutilised partners in community-based medical training. The support of patients from regional and rural settings could facilitate the expansion of primary care-based medical education in these areas of workforce need.",Patients in regional and rural areas were generally hesitant to participate in community-based medical education due to concerns about confidentiality and the potential disruption during their medical appointments.,,
Are the GFRUP's recommendations for withholding or withdrawing treatments in critically ill children applicable?,"['To evaluate feasibility of the guidelines of the Groupe Francophone de Réanimation et Urgence Pédiatriques (French-speaking group of paediatric intensive and emergency care; GFRUP) for limitation of treatments in the paediatric intensive care unit (PICU).'
 'A 2-year prospective survey.'
 'A 12-bed PICU at the Hôpital Jeanne de Flandre, Lille, France.'
 'Were included when limitation of treatments was expected.'
 ""Of 967 children admitted, 55 were included with a 2-day median delay. They were younger than others (24 v 60 months), had a higher paediatric risk of mortality (PRISM) score (14 v 4), and a higher paediatric overall performance category (POPC) score at admission (2 v 1); all p<0.002. 34 (50% of total deaths) children died. A limitation decision was made without meeting for 7 children who died: 6 received do-not-resuscitate orders (DNROs) and 1 received withholding decision. Decision-making meetings were organised for 31 children, and the following decisions were made: 12 DNROs (6 deaths and 6 survivals), 4 withholding (1 death and 3 survivals), with 14 withdrawing (14 deaths) and 1 continuing treatment (survival). After limitation, 21 (31% of total deaths) children died and 10 survived (POPC score 4). 13 procedures were interrupted because of death and 11 because of clinical improvement (POPC score 4). Parents' opinions were obtained after 4 family conferences (for a total of 110 min), 3 days after inclusion. The first meeting was planned for 6 days after inclusion and held on the 7th day after inclusion; 80% of parents were immediately informed of the decision, which was implemented after half a day.""]","GFRUPs procedure was applicable in most cases. The main difficulties were anticipating the correct date for the meeting and involving nurses in the procedure. Children for whom the procedure was interrupted because of clinical improvement and who survived in poor condition without a formal decision pointed out the need for medical criteria for questioning, which should systematically lead to a formal decision-making process.","GFRUP’s recommendations for withholding or withdrawing treatments were mostly applicable, but significant logistical challenges arose in communicating these decisions to multidisciplinary teams, particularly involving surgeons and pharmacists, rather than solely focusing on nurses and physicians.",hard,Misinterpretation of #Question#
Does spontaneous remission occur in polyarteritis nodosa?,"['Polyarteritis nodosa (PAN) is a systemic vasculitis involving mainly medium-sized arteries and, rarely, small-sized arteries. The diagnosis is principally based on clinical exams, biopsy of an affected organ, and/or arteriography of renal or mesenteric arteries. Once diagnosed, immunosuppressive agents, such as glucocorticoids and cyclophosphamide, are generally introduced as soon as possible. Whether spontaneous remission of PAN occurs is therefore largely unknown.'
 'We describe the case of a 51-year-old woman who presented with a 4-day-history of intense pain in her left flank, hypertension, fever, microscopic hematuria, and acute renal failure. Contrast-enhanced renal ultrasound strongly suggested bilateral renal infarction. Medical history and an extensive workup allowed to exclude systemic embolism, recreational drug abuse, cardiac arrhythmias, and thrombophilia. A possible diagnosis of PAN was considered; however, within 2 weeks of admission, spontaneous remission of her clinical and biological symptoms occurred without the use of any immunosuppressive treatment. Finally, 3 months later, renal arteriography confirmed the diagnosis of PAN. The patient remains free of symptoms 1 year after initial presentation.']",This case illustrates the importance of considering PAN in the differential diagnosis of renal infarction with inflammatory syndrome and shows that spontaneous remission of renal PAN can occur. .,"Spontaneous remission is uncommon in polyarteritis nodosa (PAN), and most cases require aggressive immunosuppressive therapy to prevent progression.",,
Scrotal approach to both palpable and impalpable undescended testes: should it become our first choice?,"['To determine the advantages of scrotal incision in the treatment of undescended testis. Undescended testis is a common pediatric condition and is conventionally managed surgically by orchidopexy. A single scrotal incision orchidopexy has become accepted as a valid approach for patients with palpable undescended testicles. Because this approach also allows easy detection of atrophic testes or testicular remnants, it recently has also emerged as an alternative initial surgical approach to impalpable undescended testicles.'
 'All orchidopexies performed between 2004 and 2008 at our university hospital were prospectively included in this study. A total of 194 scrotal orchidopexies were performed in 154 patients (mean age, 71 months; range, 4-229 months). In all cases a scrotal approach was chosen irrespective of the initial position or presence of an open processus vaginalis. Testicular position was examined at follow-up after a mean period of 10 months (3-22 months).'
 'Overall, 36 of the 46 impalpable testicles (78%) could be diagnosed and treated accordingly, using only a scrotal incision. Conversion to laparoscopy was needed in 4 cases. A limited number of postoperative complications were seen. In all cases, the testes were palpable and remained in the scrotum on follow-up.']","Initial single scrotal incision can be recommended for orchidopexy, even in the more difficult cases of impalpable undescended testes. Advantages seem to include shorter operative time, a cosmetically appealing single incision, and possibly less pain. The scrotal incision technique significantly reduces the need for laparoscopy in impalpable testes. Surprisingly, it even allows successful orchidopexy of abdominal testes, provided an open processus is present.",The scrotal approach significantly increases the risk of postoperative infection and requires additional intra-abdominal exploration in most cases of impalpable undescended testes.,,
Does menopausal transition affect the quality of life?,"['The aim of this study was to investigate the role of menopausal transition and menopausal symptoms in relation to quality of life in a cohort of middle-aged women in Kinmen.'
 'A total of 734 premenopausal women participated in the baseline study, and 579 women (78.9%) completed a follow-up 2 years later. Quality of life was assessed by the Medical Outcomes Study Short Form-36. Participating women were asked for demographic data, about vasomotor symptoms, and to complete the Medical Outcomes Study Short Form-36 and the Hospital Anxiety and Depression Scale.'
 'There was no demographic difference between women who remained premenopausal and those who entered perimenopause except for age. Vitality deteriorated no matter whether the women stayed in premenopause or entered perimenopause. In multivariate analysis, only vasomotor symptoms had an adverse influence on role limitation of emotion after adjusting for age, education, menopausal status, baseline cognitive score, and Hospital Anxiety and Depression Scale score. The menopausal transition did not influence the eight domains of the Short Form-36 in the multivariate regression model.']",This longitudinal study found no significant effect of menopausal transition on quality of life among Taiwanese women. The decline in the role limitations due to emotional problems was related to vasomotor symptoms.,"Menopausal transition significantly impacts quality of life, particularly by worsening mental health indicators.",,
Does a geriatric oncology consultation modify the cancer treatment plan for elderly patients?,"['This study was performed to describe the treatment plan modifications after a geriatric oncology clinic. Assessment of health and functional status and cancer assessment was performed in older cancer patients referred to a cancer center.'
 'Between June 2004 and May 2005, 105 patients 70 years old or older referred to a geriatric oncology consultation at the Institut Curie cancer center were included. Functional status, nutritional status, mood, mobility, comorbidity, medication, social support, and place of residence were assessed. Oncology data and treatment decisions were recorded before and after this consultation. Data were analyzed for a possible correlation between one domain of the assessment and modification of the treatment plan.'
 'Patient characteristics included a median age of 79 years and a predominance of women with breast cancer. About one half of patients had an independent functional status. Nearly 15% presented severe undernourishment. Depression was suspected in 53.1% of cases. One third of these patients had>2 chronic diseases, and 74% of patients took>or =3 medications. Of the 93 patients with an initial treatment decision, the treatment plan was modified for 38.7% of cases after this assessment. Only body mass index and the absence of depressive symptoms were associated with a modification of the treatment plan.']",The geriatric oncology consultation led to a modification of the cancer treatment plan in more than one third of cases. Further studies are needed to determine whether these modifications improve the outcome of these older patients.,The geriatric oncology consultation resulted in treatment plan modifications in approximately 70% of cases.,medium,Incomplete Information
Does use of hydrophilic guidewires significantly improve technical success rates of peripheral PTA?,"['To determine whether the use of hydrophilic guidewires has increased the technical success rate of peripheral percutaneous transluminal angioplasty (PTA).MATERIAL/'
 'We performed 125 procedures and analyzed the technical success rates of PTA using the conventional guidewire first and then if needed, the hydrophilic guidewire for iliac and SFA stenoses or occlusions. Angioplasty was performed on 25 stenosed, 25 occluded iliac arteries and 25 stenosed, 50 occluded femoral arteries. The result was defined as technical success when the lesion was crossed by a guidewire and balloon, then it was dilated with restoration of vessel lumen and less than 30% residual stenosis and the rise in ABI values was at least 0.15 after 24 hours.'
 'The technical success rate after PTA of stenosed iliac arteries was achieved in 96% (24/25) using conventional wires and 100% using hydrophilic guidewire; in iliac occlusions, the rates were 60% (15/25) and 96%, respectively; in femoral stenosis - 84% (21/25) and 100%; in occlusions in the first group: lesions<10 cm -64% (16/25) and 96%, in the second group: lesions>10 cm -48% (12/25) and 88%. In the iliac group, there was no significant difference in the success of iliac stenosis PTA. However, there were significant changes in the success rates of PTA performed for SFA stenosis and iliac and SFA occlusions.']","In summary, we report an overall improvement and high technical success rate for peripherial PTA. The use of hydrophilic guidewires made significant difference to the technical success rate of PTA, especially in occlusion and more complicated lesions.",Hydrophilic guidewires have shown no significant improvement in technical success rates of peripheral PTA compared to conventional guidewires.,medium,Misinterpretation of #Question#
Does normothermic normokalemic simultaneous antegrade/retrograde perfusion improve myocardial oxygenation and energy metabolism for hypertrophied hearts?,"['Beating-heart valve surgery appears to be a promising technique for protection of hypertrophied hearts. Normothermic normokalemic simultaneous antegrade/retrograde perfusion (NNSP) may improve myocardial perfusion. However, its effects on myocardial oxygenation and energy metabolism remain unclear. The present study was to determine whether NNSP improved myocardial oxygenation and energy metabolism of hypertrophied hearts relative to normothermic normokalemic antegrade perfusion (NNAP).'
 'Twelve hypertrophied pig hearts underwent a protocol consisting of three 20-minute perfusion episodes (10 minutes NNAP and 10 minutes NNSP in a random order) with each conducted at a different blood flow in the left anterior descending coronary artery (LAD [100%, 50%, and 20% of its initial control]). Myocardial oxygenation was assessed using near-infrared spectroscopic imaging. Myocardial energy metabolism was monitored using localized phosphorus-31 magnetic resonance spectroscopy.'
 'With 100% LAD flow, both NNAP and NNSP maintained myocardial oxygenation, adenosine triphosphate, phosphocreatine, and inorganic phosphate at normal levels. When LAD flow was reduced to 50% of its control level, NNSP resulted in a small but significant decrease in myocardial oxygenation and phosphocreatine, whereas those measurements did not change significantly during NNAP. With LAD flow further reduced to 20% of its control level, both NNAP and NNSP caused a substantial decrease in myocardial oxygenation, adenosine triphosphate, and phosphocreatine with an increase in inorganic phosphate. However, the changes were significantly greater during NNSP than during NNAP.']","Normothermic normokalemic simultaneous antegrade/retrograde perfusion did not improve, but slightly impaired myocardial oxygenation and energy metabolism of beating hypertrophied hearts relative to NNAP. Therefore, NNSP for protection of beating hypertrophied hearts during valve surgery should be used with extra caution.",Normothermic normokalemic simultaneous antegrade/retrograde perfusion significantly improves myocardial oxygenation and energy metabolism in hypertrophied hearts compared to NNAP.,medium,Misinterpretation of #Question#
Does limb-salvage surgery offer patients better quality of life and functional capacity than amputation?,"['Patients with aggressive lower extremity musculoskeletal tumors may be candidates for either above-knee amputation or limb-salvage surgery. However, the subjective and objective benefits of limb-salvage surgery compared with amputation are not fully clear.QUESTIONS/'
 'We therefore compared functional status and quality of life for patients treated with above-knee amputation versus limb-salvage surgery.'
 'We reviewed 20 of 51 patients aged 15 years and older treated with above-knee amputation or limb-salvage surgery for aggressive musculoskeletal tumors around the knee between 1994 and 2004 as a retrospective cohort study. At last followup we obtained the Physiological Cost Index, the Reintegration to Normal Living Index, SF-36, and the Toronto Extremity Salvage Score questionnaires. The minimum followup was 12 months (median, 56 months; range, 12-108 months).'
 'Compared with patients having above-knee amputation, patients undergoing limb-salvage surgery had superior Physiological Cost Index scores and Reintegration to Normal Living Index. The Toronto Extremity Salvage scores and SF-36 scores were similar in the two groups.']","These data suggest that limb-salvage surgery offers better gait efficiency and return to normal living compared with above-knee amputation, but does not improve the patient's perception of quality of life.",Limb-salvage surgery provides equivalent gait efficiency and reintegration to normal living compared to above-knee amputation but significantly enhances patient perception of quality of life through improved psychological well-being.,hard,Incomplete Information
Are environmental factors important in primary systemic vasculitis?,"['To investigate the association between primary systemic vasculitis (PSV) and environmental risk factors.'
 ""Seventy-five PSV cases and 273 controls (220 nonvasculitis, 19 secondary vasculitis, and 34 asthma controls) were interviewed using a structured questionnaire. Factors investigated were social class, occupational and residential history, smoking, pets, allergies, vaccinations, medications, hepatitis, tuberculosis, and farm exposure in the year before symptom onset (index year). The Standard Occupational Classification 2000 and job-exposure matrices were used to assess occupational silica, solvent, and metal exposure. Stepwise multiple logistic regression was used to calculate the odds ratio (OR) and 95% confidence interval (95% CI) adjusted for potential confounders. Total PSV, subgroups (47 Wegener's granulomatosis [WG], 12 microscopic polyangiitis, 16 Churg-Strauss syndrome [CSS]), and antineutrophil cytoplasmic antibody (ANCA)-positive cases were compared with control groups.""
 'Farming in the index year was significantly associated with PSV (OR 2.3 [95% CI 1.2-4.6]), with WG (2.7 [1.2-5.8]), with MPA (6.3 [1.9-21.6]), and with perinuclear ANCA (pANCA) (4.3 [1.5-12.7]). Farming during working lifetime was associated with PSV (2.2 [1.2-3.8]) and with WG (2.7 [1.3-5.7]). Significant associations were found for high occupational silica exposure in the index year (with PSV 3.0 [1.0-8.4], with CSS 5.6 [1.3-23.5], and with ANCA 4.9 [1.3-18.6]), high occupational solvent exposure in the index year (with PSV 3.4 [0.9-12.5], with WG 4.8 [1.2-19.8], and with classic ANCA [cANCA] 3.9 [1.6-9.5]), high occupational solvent exposure during working lifetime (with PSV 2.7 [1.1-6.6], with WG 3.4 [1.3-8.9], and with cANCA 3.3 [1.0-10.8]), drug allergy (with PSV 3.6 [1.8-7.0], with WG 4.0 [1.8-8.7], and with cANCA 4.7 [1.9-11.7]), and allergy overall (with PSV 2.2 [1.2-3.9], with WG 2.7 [1.4-5.7]). No other significant associations were found.']","A significant association between farming and PSV has been identified for the first time. Results also support previously reported associations with silica, solvents, and allergy.",Environmental factors such as pet ownership and frequent use of pesticides are significantly linked to primary systemic vasculitis.,easy,Misinterpretation of #Question#
Does ultrasound-scored synovitis depend on the pharmacokinetics of subcutaneous anti-TNF agents in patients with rheumatoid arthritis?,"['The aim of this study was to investigate the influence of the pharmacokinetics of s.c. anti-TNF agents on the grade of US-detected synovitis in RA patients.'
 'Fifty RA patients were prospectively recruited from the Biologic Therapy Unit of our hospital. Inclusion criteria were being in treatment with s.c. anti-TNF agents and having had neither changes in therapy nor local corticosteroid injections in the previous 3 months. Patients underwent clinical, laboratory [28-joint DAS (DAS28) and Simplified Disease Activity Index (SDAI)]and US assessment at two time points, i.e. at peak plasma drug concentration and at trough plasma drug concentration. US assessments were performed blindly to the anti-TNF agent, the administration time and the clinical and laboratory data. Twenty-eight joints were investigated for the presence and grade (0-3) of B-mode synovitis and synovial power Doppler signal. Global indices for B-mode synovitis (BSI) and Doppler synovitis (DSI) were calculated for 12 joints and for wrist-hand-ankle-foot joints. B-mode US remission was defined as a BSI<1 and Doppler US remission as a DSI<1.'
 'There were no significant differences between the clinical, laboratory and B-mode and Doppler US parameters at peak time and trough time (P = 0.132-0.986). There were no significant differences between the proportion of patients with active disease and those in remission according to DAS28, SDAI, B-mode US and Doppler US at peak time and trough time assessments (P = 0.070-1).']",Our results suggested that s.c. anti-TNF pharmacokinetics do not significantly influence US-scored synovitis in RA patients.,"Ultrasound-scored synovitis in RA patients is influenced by the pharmacokinetics of subcutaneous anti-TNF agents, particularly during the trough phase.",medium,Misinterpretation of #Question#
Cutaneous melanoma in a multiethnic population: is this a different disease?,"['Cutaneous melanoma in nonwhite persons has a manifestation and a prognosis that are different than those of cutaneous melanoma in white persons.'
 'Case series.'
 'Tertiary care university-affiliated community medical center located in a multiethnic state in which white persons are a minority of the population.'
 'Consecutive series of 357 patients with melanoma seen between January 1994 and August 2003.'
 'Ethnicity, age, sex, primary site, tumor thickness, nodal status, stage at diagnosis, and survival.'
 'There were 208 men and 149 women who ranged in age from 15 to 93 years (mean, 58 years). Twenty-two patients initially had unknown primary sites. Of these 357 patients, 67 (18.7%) were nonwhite. There was no statistically significant difference in the age (P =.10) or sex (P =.57) distribution of these 2 populations. Nonwhite patients at initial diagnosis had thicker tumors (P =.002), more frequently had ulcerated primary tumors (P<.001), more frequently had positive nodes (P =.004), and were at a more advanced stage (P =.002) than their white counterparts. The anatomic distribution between the 2 populations was significantly different (P<.001), with a high incidence of melanoma on the sole and subungual locations and a substantially less frequent occurrence on the head and neck, trunk, and extremities in the nonwhite population when compared with the white population. The overall survival rate of the nonwhite patients was significantly worse than that of the white patients, but when stratified by stage at initial diagnosis, there was no difference in outcome.']","In a multiethnic population, cutaneous melanoma in nonwhite persons is unusual but not rare. Although the diagnoses are distinctly different at initial examinations, suggesting a potential biological component, stage-for-stage outcomes are similar between white and nonwhite persons and suggest a need for early diagnostic interventions with unusual pigmented lesions in nonwhite persons.","Cutaneous melanoma in nonwhite persons manifests differently due to genetic predispositions and environmental factors, leading to distinct survival rates even after adjusting for tumor stage and thickness.",,
Motor performance in chronic low back pain: is there an influence of pain-related cognitions?,"['Chronic low back pain (CLBP) is often accompanied by an abnormal motor performance. However, it has not been clarified yet whether these deviations also occur during motor tasks not involving the back and whether the performance is influenced by pain and pain-related cognitions. Therefore, the aim of the present study is to get insight in the contribution of both pain experience and pain-related cognitions to general motor task performance in CLBP.'
 ""13 CLBP patients and 15 healthy subjects performed a hand-function task in three conditions: sitting, lying prone (lying) and lying prone without trunk support (provoking). The last condition was assumed to provoke pain-related cognitions, which was considered successful when a patients' pain expectancy on a numeric rating scale was at least 1 point higher than actual pain experienced. Subjects' performance was expressed in reaction time and movement time. Repeated measures analysis of variance was performed to detect main effect for group and condition. Special interest was given to group*condition interaction, since significant interaction would indicate that patients and healthy subjects performed differently throughout the three conditions.""
 ""Patients were slower throughout all conditions compared to healthy subjects. With respect to the provoking condition, patients showed deteriorated performance compared to lying while healthy subjects' performance remained equal between these two conditions. Further analysis of patients' data showed that provocation was successful in 54% of the patients. Especially this group showed deteriorated performance in the provoking condition.""]",It can be concluded that CLBP patients in general have worse motor task performance compared to healthy subjects and that provoking pain-related cognitions further worsened performance.,"Chronic low back pain (CLBP) patients perform equally as well as healthy subjects in motor tasks, but pain-related cognitions significantly improve their performance.",,
Schizophrenia patients with high intelligence: A clinically distinct sub-type of schizophrenia?,"[""Schizophrenia patients are typically found to have low IQ both pre- and post-onset, in comparison to the general population. However, a subgroup of patients displays above average IQ pre-onset. The nature of these patients' illness and its relationship to typical schizophrenia is not well understood. The current study sought to investigate the symptom profile of high-IQ schizophrenia patients.""
 'We identified 29 schizophrenia patients of exceptionally high pre-morbid intelligence (mean estimated pre-morbid intelligence quotient (IQ) of 120), of whom around half also showed minimal decline (less than 10 IQ points) from their estimated pre-morbid IQ. We compared their symptom scores (SAPS, SANS, OPCRIT, MADRS, GAF, SAI-E) with a comparison group of schizophrenia patients of typical IQ using multinomial logistic regression.'
 'The patients with very high pre-morbid IQ had significantly lower scores on negative and disorganised symptoms than typical patients (RRR=0.019; 95% CI=0.001, 0.675, P=0.030), and showed better global functioning and insight (RRR=1.082; 95% CI=1.020, 1.148; P=0.009). Those with a minimal post-onset IQ decline also showed higher levels of manic symptoms (RRR=8.213; 95% CI=1.042, 64.750, P=0.046).']","These findings provide evidence for the existence of a high-IQ variant of schizophrenia that is associated with markedly fewer negative symptoms than typical schizophrenia, and lends support to the idea of a psychosis spectrum or continuum over boundaried diagnostic categories.","The presence of high intelligence in schizophrenia patients suggests a separate neurological subtype characterized by a lack of cognitive decline post-onset, rather than fewer negative symptoms.",medium,Misinterpretation of #Question#
Characterization of the gender dimorphism after injury and hemorrhagic shock: are hormonal differences responsible?,"['To characterize the gender dimorphism after injury with specific reference to the reproductive age of the women (young,<48 yrs of age, vs. old,>52 yrs of age) in a cohort of severely injured trauma patients for which significant variation in postinjury care is minimized.'
 'Secondary data analysis of an ongoing prospective multicenter cohort study.'
 'Academic, level I trauma and intensive care unit centers.'
 'Blunt-injured adults with hemorrhagic shock.' 'None.'
 'Separate Cox proportional hazard regression models were formulated based on all patients to evaluate the effects of gender on mortality, multiple organ failure, and nosocomial infection, after controlling for all important confounders. These models were then used to characterize the effect of gender in young and old age groups. Overall mortality, multiple organ failure, and nosocomial infection rates for the entire cohort (n = 1,036) were 20%, 40%, and 45%, respectively. Mean Injury Severity Score was 32 +/- 14 (mean +/- SD). Men (n = 680) and women (n = 356) were clinically similar except that men required higher crystalloid volumes, more often had a history of alcoholism and liver disease, and had greater ventilatory and intensive care unit requirements. Female gender was independently associated with a 43% and 23% lower risk of multiple organ failure and nosocomial infection, respectively. Gender remained an independent risk factor in young and old subgroup analysis, with the protection afforded by female gender remaining unchanged.']",The independent protective effect of female gender on multiple organ failure and nosocomial infection rates remains significant in both premenopausal and postmenopausal women when compared with similarly aged men. This is contrary to previous experimental studies and the known physiologic sex hormone changes that occur after menopause in women. These results suggest that factors other than sex hormones may be responsible for gender-based differences after injury.,"The primary factor contributing to gender dimorphism after injury and hemorrhagic shock is the differential impact of estrogen on coagulation pathways. Estrogen is known to enhance platelet function and fibrinolysis, which may contribute to reduced bleeding complications and improved hemostasis in females compared to males. Additionally, estrogen influences the inflammatory response by modulating the production of pro-inflammatory cytokines, thereby potentially reducing the incidence of multiple organ failure and nosocomial infections in female patients.",easy,Misinterpretation of #Question#
Does the manic/mixed episode distinction in bipolar disorder patients run true over time?,"['The authors sought to determine whether the manic/mixed episode distinction in patients with bipolar disorder runs true over time.'
 'Over an 11-year period, the observed distribution of manic and mixed episodes (N=1,224) for patients with three or more entries in the management information system of a community mental health center (N=241) was compared to the expected distribution determined by averaging 1,000 randomly generated simulations.'
 'Episodes were consistent (all manic or all mixed) in significantly more patients than would be expected by chance.']",These data suggest a pattern of diagnostic stability over time for manic and mixed episodes in patients with bipolar disorder. Careful prospective studies of this issue are needed.,"The manic/mixed episode distinction shows significant variability over time, indicating that these conditions can transition between each other unpredictably.",hard,Misinterpretation of #Question#
Is peak concentration needed in therapeutic drug monitoring of vancomycin?,"['We analyzed the pharmacokinetic-pharmacodynamic relationship of vancomycin to determine the drug exposure parameters that correlate with the efficacy and nephrotoxicity of vancomycin in patients with methicillin-resistant Staphylococcus aureus pneumonia and evaluated the need to use peak concentration in therapeutic drug monitoring (TDM).'
 'Serum drug concentrations of 31 hospitalized patients treated with vancomycin for methicillin-resistant S. aureus pneumonia were collected.'
 'Significant differences in trough concentration (Cmin)/minimum inhibitory concentration (MIC) and area under the serum concentration-time curve (AUC0-24)/MIC were observed between the response and non-response groups. Significant differences in Cmin and AUC0-24 were observed between the nephrotoxicity and non-nephrotoxicity groups. Receiver operating characteristic curves revealed high predictive values of Cmin/MIC and AUC0-24/MIC for efficacy and of Cmin and AUC0-24 for safety of vancomycin.']",These results suggest little need to use peak concentration in vancomycin TDM because Cmin/MIC and Cmin are sufficient to predict the efficacy and safety of vancomycin.,Peak concentration is crucial in vancomycin TDM as it provides essential data for predicting both the efficacy and potential nephrotoxicity of the drug.,medium,Misinterpretation of #Question#
"Marital status, living arrangement and mortality: does the association vary by gender?","['Men appear to benefit more from being married than women with respect to mortality in middle age. However, there is some uncertainty about gender differences in mortality risks in older individuals, widowed, divorced and single individuals and about the impact of living arrangements.'
 'Longitudinal data with 1990 census records being linked to mortality data up to 2005 were used (Swiss National Cohort). The sample comprised all residents over age 44 years in Switzerland (n=2,440,242). All-cause mortality HRs for marital status and living arrangements were estimated by Cox regression for men and women and different age groups with adjustment for education and socio-professional category.'
 'The benefit of being married was stronger for men than for women; however, mortality patterns were similar, with higher mortality in divorced and single individuals compared with widowed individuals (<80 years). After adjustment for living arrangements, the gender difference by marital status disappeared. Stratification by living arrangement revealed that mortality risks were highest for 45-64-year-old divorced (HR 1.72 (95% CI 1.67 to 1.76)) and single men (HR 1.67 (95% CI 1.63 to 1.71)) who lived alone. In women of the same age, the highest mortality risk was observed for those who were single and living with a partner (HR 1.70 (95% CI 1.58 to 1.82)). In older age groups, the impact of marital status decreased.']",Evaluation of living arrangements is crucial for identifying and explaining gender differences in mortality risks by marital status. The impact of living alone and living with a partner seems to be different in men and women.,"Research indicates that living arrangements, particularly living alone versus living with others, significantly influences gender-specific mortality risks. Men tend to exhibit a higher mortality risk when living alone compared to married men, whereas women face increased mortality when living alone, regardless of their marital status. The protective effect of marriage appears to be stronger in men due to enhanced social and economic support networks.",,
Volume change of uterine myomas during pregnancy: do myomas really grow?,"['To estimate changes in uterine myoma volume during pregnancy.'
 'Review of departmental electronic perinatal database and medical records. Canadian Task Force Classification II-3.'
 'Obstetrical ultrasound unit in an academic tertiary care center.'
 'One hundred-seven patients diagnosed with uterine myomas during pregnancy and who had two or more obstetrical ultrasounds in different periods of pregnancy.'
 'We analyzed the change in volume of uterine myomas between the first half of pregnancy (up until 19 weeks), third quarter (20-30 weeks), and last quarter (31 weeks to term). The volume of largest uterine myoma was calculated using the formula Volume (mm3)=Pi/6x(length mm)x(width mm)x(height mm).'
 'The mean age of the population was 31+/-6 years. Between the first and the second study periods, the percentage of uterine myomas that decreased in size was 55.1% (95% CI: 43-66), with a mean decrease in volume of 35%+/-4%; while the percentage of uterine myomas that enlarged was 44.9% (95% CI: 34-56), with a mean increase in volume of 69%+/-11%. Between the second and the third study periods, 75% (95% CI: 56-87) became smaller, with a mean decrease in volume of 30%+/-3%; while 25% (95% CI: 13-43) enlarged, with a mean increase in volume of 102%+/-62%.']","Contrary to common belief, we found that uterine myomas commonly decrease in volume over the course of pregnancy.",Uterine myomas predominantly increase in size during the initial stages of pregnancy before stabilizing and decreasing towards the end.,,
Do acute changes in heart rate by isoproterenol affect aortic stiffness in patients with hypertension?,"['Increased aortic stiffness is a independent risk factor of cardiovascular disease in patients with hypertension. Acute changes of the heart rate (HR) have been reported not to affect the aortic stiffness in pacing. However, it is unknown whether acute changes in HR caused by sympathomimetics can affect the aortic stiffness in patients with hypertension. We investigated the effect of acute changes in HR produced by isoproterenol on the aortic stiffness in 17 hypertensive patientss (mean age: 59 +/- 9 years).'
 'All vasoactive drugs were discontinued at least 3 days before the study. The carotid-to-femoral pulse wave velocity (PWV) was measured by the foot-to-foot method. The pulse waves were recorded at the baseline and at every increase of HR by 5 to 10 bpm with a gradual increase of the dose of isoproterenol. The blood pressures and HR were measured simultaneously. For the analysis, HR, PWV, compliance (C), and compliance index (Ci) were converted as percent changes (delta) from the baseline values. Percent changes of the parameters of the aortic stiffness, i.e., deltaPWV, deltaC, and deltaCi, were grouped by every 10% increase in deltaHR.'
 'There was no significant difference among groups in deltaPWV, deltaC and deltaCi (p>0.05 for each of the group). The regression analysis showed no significant correlation of deltaHR with deltaPWV and deltaC (r = 0.18, 0.13 respectively, p>0.05 for each). deltaCi had a poor correlation with deltaHR (r = 0.22, p<0.05). However, only 4.6% of deltaCi could be referred to deltaHR (r2 = 0.046).']",Aortic stiffness was not affected by acute changes in HR produced by isoproterenol which suggests that it is not necessary to consider acute changes in HR when measuring aortic PWV.,Acute changes in heart rate induced by isoproterenol significantly alter aortic stiffness in hypertensive patients.,hard,Misinterpretation of #Question#
Is a pressor necessary during aortic perfusion and oxygenation therapy of cardiac arrest?,"['Occlusion of the descending aorta and infusion of oxygenated ultrapurified polymerized bovine hemoglobin may improve the efficacy of advanced cardiac life support (ACLS). Because selective aortic perfusion and oxygenation (SAPO) directly increases coronary perfusion pressure, exogenous epinephrine may not be required. The purpose of this study was to determine whether exogenous epinephrine is necessary during SAPO by comparing the rate of return of spontaneous circulation and aortic and coronary perfusion pressures during ACLS-SAPO in animals treated with either intra-aortic epinephrine or saline solution.'
 'A prospective, randomized, interventional before-after trial with a canine model of ventricular fibrillation cardiac arrest and ACLS based on external chest compression was performed. The ECG, right atrial, aortic arch, and esophageal pulse pressures were measured continuously. A descending aortic occlusion balloon catheter was placed through the femoral artery. Ventricular fibrillation was induced, and no therapy was given during the 10-minute arrest time. Basic life support was then initiated and normalized by standardization of esophageal pulse pressure and central aortic blood gases. After 3 minutes of basic life support, the aortic occlusion balloon was inflated, and 0.01 mg/kg epinephrine or saline solution was administered through the aortic catheter followed by 450 mL of ultrapurified polymerized bovine hemoglobin over 2 minutes. Defibrillation was then attempted. The outcomes and changes in intravascular pressures were compared.'
 'Aortic pressures were higher during infusions in animals treated with epinephrine. During infusion, the mean aortic relaxation pressure increased by 58+/-5 mm Hg in animals that had received epinephrine versus 20+/-11 mm Hg in those that had received saline placebo. The coronary perfusion pressure during infusion increased by 52+/-8 mm Hg in animals that had received epinephrine versus 26+/-10 mm Hg in those that had received saline. Only 2 of 7 animals in the placebo group had return of spontaneous circulation versus 7 of 8 in the epinephrine group.']",The addition of epinephrine to ACLS-SAPO increases vital organ perfusion pressures and improves outcome from cardiac arrest. There appears to be a profound loss of arterial vasomotor tone after prolonged arrest. This loss of vasomotor tone may make exogenous pressors necessary for resuscitation after prolonged cardiac arrest.,Exogenous pressors are unnecessary during aortic perfusion and oxygenation therapy due to the direct increase in coronary perfusion pressure.,easy,Misinterpretation of #Question#
Vitamin D supplementation and regulatory T cells in apparently healthy subjects: vitamin D treatment for autoimmune diseases?,"['Epidemiological data show significant associations of vitamin D deficiency and autoimmune diseases. Vitamin D may prevent autoimmunity by stimulating naturally occurring regulatory T cells.'
 'To elucidate whether vitamin D supplementation increases Tregs frequency (%Tregs) within circulating CD4+ T cells.'
 'We performed an uncontrolled vitamin D supplementation trial among 50 apparently healthy subjects including supplementation of 140,000 IU at baseline and after 4 weeks (visit 1). The final follow-up visit was performed 8 weeks after the baseline examination (visit 2). Blood was drawn at each study visit to determine 25-hydroxyvitamin D levels and %Tregs. Tregs were characterized as CD4+CD25++ T cells with expression of the transcription factor forkhead box P3 and low or absent expression of CD127.'
 'Forty-six study participants (65% females, mean age +/- SD 31 +/- 8 years) completed the trial. 25(OH)D levels increased from 23.9 +/- 12.9 ng/ml at baseline to 45.9 +/- 14.0 ng/ml at visit 1 and 58.0 +/- 15.1 ng/ml at visit 2. %Tregs at baseline were 4.8 +/- 1.4. Compared to baseline levels we noticed a significant increase of %Tregs at study visit 1 (5.9 +/- 1.7, P<0.001) and 2 (5.6 +/- 1.6, P<0.001).']","Vitamin D supplementation was associated with significantly increased %Tregs in apparently healthy individuals. This immunomodulatory effect of vitamin D might underlie the associations of vitamin D deficiency and autoimmune diseases. Hence, our finding provides a rationale for further studies to investigate vitamin D effects on autoimmunological processes.","Vitamin D supplementation has been shown to significantly enhance the frequency and function of regulatory T cells (Tregs) in apparently healthy individuals. A study by Smith et al. (2020) demonstrated that vitamin D treatment led to a marked increase in the percentage of Tregs among circulating CD4+ T cells, quantifying this increase to approximately 30% after 12 weeks of supplementation.",hard,Misinterpretation of #Question#
Production of chemokines by perivascular adipose tissue: a role in the pathogenesis of atherosclerosis?,"['Obesity is associated with an increased risk for cardiovascular disease. Although it is known that white adipose tissue (WAT) produces numerous proinflammatory and proatherogenic cytokines and chemokines, it is unclear whether adipose-derived chemotactic signals affect the chronic inflammation in atherosclerosis.'
 'Histological examination showed that perivascular WAT (pWAT) is in close proximity to vascular walls, particularly at sites that have a tendency to develop atherosclerosis. In rodents, the amount of pWAT is markedly increased by a high-fat diet. At a functional level, supernatant from subcutaneous and pWAT strongly induced the chemotaxis of peripheral blood leukocytes. The migration of granulocytes and monocytes was mostly mediated by interleukin-8 and monocyte chemoattractant protein-1, respectively, whereas both chemokines contributed to the migration of activated T cells. Moreover, pWAT produces these chemokines, as shown by immunohistochemistry and by explant culture. The accumulation of macrophages and T cells at the interface between pWAT and the adventitia of human atherosclerotic aortas may reflect this prochemotactic activity of pWAT.']","Human pWAT has chemotactic properties through the secretion of different chemokines, and we propose that pWAT might contribute to the progression of obesity-associated atherosclerosis.",Perivascular adipose tissue (pWAT) significantly contributes to atherosclerosis through the direct secretion of lipids rather than chemokines.,,
Does cup-cage reconstruction with oversized cups provide initial stability in THA for osteoporotic acetabular fractures?,"['The incidence of acetabular fractures in osteoporotic patients is increasing. Immediate total hip arthroplasty (THA) has potential advantages, but achieving acetabular component stability is challenging and, at early followup, reported revision rates for loosening are high.QUESTIONS/'
 'This study measured acetabular component stability and the initial surface contact achieved between the acetabular component and unfractured region of the pelvis after THA using an oversized acetabular component and cup-cage reconstruction.'
 'Between November 2011 and November 2013, we treated 40 acute acetabular fractures in patients older than 70 years of age. Of these, 12 (30%) underwent immediate THA using an oversized acetabular component with screws inserted only into the ilium and a cup-cage construct. Postoperatively all patients were mobilized without weightbearing restrictions. Indications for immediate THA after acetabular fractures were displaced articular comminution deemed unreducible. Eleven of the 12 were prospectively studied to evaluate the initial stability of the reconstructions using radiostereometric analysis. One of the patients died of a pulmonary embolism after surgery, and the remaining 10 (median age, 81 years; range, 72-86 years) were studied. Of these, five were analyzed at 1 year and five were analyzed at 2 years. Acetabular component migration was defined as acceptable if less than the limits for primary THA that predict later loosening (1.76 mm of proximal migration and 2.53° of sagittal rotation). The contact surface between the acetabular component and ilium in direct continuity with the sacroiliac joint, and the ischium and pubis in direct continuity with the symphysis pubis, was measured on postoperative CT scans.'
 'At 1 year the median proximal migration was 0.83 mm (range, 0.09-5.13 mm) and sagittal rotation was 1.3° (range, 0.1°-7.4°). Three of the 10 components had migration above the suggested limits for primary THA at 1 year postoperatively. The contact surface achieved at surgery between the acetabular component and pelvis ranged from 11 to 17 cm(2) (15%-27% of each component).']","The majority of acetabular components in this cohort were stable despite the small contact surface achieved between the component and pelvic bone. Three of 10 migrated in excess of the limits that predict later loosening in primary THA but it remains to be seen whether these limits apply to this selected group of frail osteoporotic patients. We continue to use this technique routinely to treat patients with the same indications, but since the analysis of these data we have added screw fixation of the acetabular component to the ischial tuberosity and the superior pubic ramus.",Oversized cups in cup-cage reconstruction significantly increase the risk of acetabular fracture recurrence due to compromised bone density.,easy,Misinterpretation of #Question#
Have antiepileptic drug prescription claims changed following the FDA suicidality warning?,"['In January 2008, the Food and Drug Administration (FDA) communicated concerns and, in May 2009, issued a warning about an increased risk of suicidality for all antiepileptic drugs (AEDs). This research evaluated the association between the FDA suicidality communications and the AED prescription claims among members with epilepsy and/or psychiatric disorder.'
 'A longitudinal interrupted time-series design was utilized to evaluate Oklahoma Medicaid claims data from January 2006 through December 2009. The study included 9289 continuously eligible members with prevalent diagnoses of epilepsy and/or psychiatric disorder and at least one AED prescription claim. Trends, expressed as monthly changes in the log odds of AED prescription claims, were compared across three time periods: before (January 2006 to January 2008), during (February 2008 to May 2009), and after (June 2009 to December 2009) the FDA warning.'
 'Before the FDA warning period, a significant upward trend of AED prescription claims of 0.01% per month (99% CI: 0.008% to 0.013%, p<0.0001) was estimated. In comparison to the prewarning period, no significant change in trend was detected during (-20.0%, 99% CI: -70.0% to 30.0%, p=0.34) or after (80.0%, 99% CI: -20.0% to 200.0%, p=0.03) the FDA warning period. After stratification, no diagnostic group (i.e., epilepsy alone, epilepsy and comorbid psychiatric disorder, and psychiatric disorder alone) experienced a significant change in trend during the entire study period (p>0.01).']","During the time period considered, the FDA AED-related suicidality warning does not appear to have significantly affected prescription claims of AED medications for the study population.","Following the FDA suicidality warning, there was a notable decrease in antiepileptic drug prescriptions among individuals with psychiatric disorders but not epilepsy alone.",medium,Incomplete Information
Are high flow nasal cannulae noisier than bubble CPAP for preterm infants?,"['Noise exposure in the neonatal intensive care unit is believed to be a risk factor for hearing loss in preterm neonates. Continuous positive airway pressure (CPAP) devices exceed recommended noise levels. High flow nasal cannulae (HFNC) are an increasingly popular alternative to CPAP for treating preterm infants, but there are no in vivo studies assessing noise production by HFNC.'
 'To study whether HFNC are noisier than bubble CPAP (BCPAP) for preterm infants.'
 'An observational study of preterm infants receiving HFNC or BCPAP. Noise levels within the external auditory meatus (EAM) were measured using a microphone probe tube connected to a calibrated digital dosimeter. Noise was measured across a range of frequencies and reported as decibels A-weighted (dBA).'
 'A total of 21 HFNC and 13 BCPAP noise measurements were performed in 21 infants. HFNC gas flows were 2-5 L/min, and BCPAP gas flows were 6-10 L/min with set pressures of 5-7 cm of water. There was no evidence of a difference in average noise levels measured at the EAM: mean difference (95% CI) of -1.6 (-4.0 to 0.9) dBA for HFNC compared to BCPAP. At low frequency (500 Hz), HFNC was mean (95% CI) 3.0 (0.3 to 5.7) dBA quieter than BCPAP. Noise increased with increasing BCPAP gas flow (p=0.007), but not with increasing set pressure. There was a trend to noise increasing with increasing HFNC gas flows.']","At the gas flows studied, HFNC are not noisier than BCPAP for preterm infants.",Bubble CPAP produces significantly lower noise levels than high flow nasal cannulae (HFNC) for preterm infants.,hard,Misinterpretation of #Question#
Does bone anchor fixation improve the outcome of percutaneous bladder neck suspension in female stress urinary incontinence?,"['To evaluate the outcome of a new modification of percutaneous needle suspension, using a bone anchor system for fixing the suture at the public bone, and to compare the results with those published previously.'
 ""From March 1996, 37 patients with stress urinary incontinence (>2 years) were treated using a bone anchor system. On each side the suture was attached to the pubocervical fascia and the vaginal wall via a broad 'Z'-stitch. A urodynamic investigation performed preoperatively in all patients confirmed stress incontinence and excluded detrusor instability. The outcome was assessed by either by a clinical follow-up investigation or using a standardized questionnaire, over a mean follow-up of 11 months (range 6-18).""
 'In the 37 patients, the procedure was successful in 25 (68%), with 16 (43%) of the patients completely dry and nine (24%) significantly improved. Removal of the bone anchor and suture was necessary in two patients, because of unilateral bacterial infection in one and a bilateral soft tissue granuloma in the other. One bone anchor became dislocated in a third patient. In two cases where the treatment failed, new detrusor instability was documented urodynamically. Minor complications were prolonged wound pain in 10 (26%) and transient urinary retention or residual urine in 12 patients (32%).']","The poor success rate in the study corresponds with the long-term results of conventional or modified needle suspension procedures and does not reinforce the optimistic results of bone anchoring published recently. Because of the poorer long-term results from percutaneous needle suspension than from other techniques of open retropubic bladder neck suspension, it remains questionable whether percutaneous needle suspension should be considered a first-line procedure for the treatment of female stress urinary incontinence.","Bone anchor fixation significantly enhances the success rate of percutaneous bladder neck suspension, demonstrating a higher degree of patient satisfaction and reduced complication rates compared to traditional methods.",,
Is fetal anatomic assessment on follow-up antepartum sonograms clinically useful?,"['The purpose of this study was to evaluate the clinical usefulness of a fetal anatomic survey on follow-up antepartum sonograms.'
 ""A retrospective follow-up study was conducted at a low-risk maternity clinic from July 1, 2005, to June 30, 2006. Eligible women had at least 1 prior sonographic examination beyond 18 weeks' gestation with a complete and normal fetal anatomic assessment and at least 1 follow-up sonogram. Full fetal anatomic surveys were performed on all follow-up sonograms regardless of the indication. Neonatal charts were reviewed for those patients whose follow-up sonograms revealed unanticipated fetal anomalies. Neonatal intervention was defined as surgical or medical therapy or arranged subspecialty follow-up specifically for the suspected fetal anomaly.""
 'Of a total of 4269 sonographic examinations performed, 437 (10.2%) were follow-up studies. Of these, 101 (23.1%) were excluded because the initial sonogram revealed a suspected fetal anomaly, and 42 (9.8%) were excluded for other reasons. Of the remaining 294 women, 21 (7.1%) had an unanticipated fetal anomaly, most often renal pyelectasis. Compared with follow-up sonography for other reasons, repeated sonography for fetal growth evaluation yielded a higher incidence of unexpected fetal anomalies: 15 (12.3%) of 122 versus 6 (3.5%) of 172 (P = .01). When compared with the neonates in the nongrowth indications group, those neonates whose mothers had sonographic examinations for fetal growth had a higher rate of neonatal interventions: 6 (40.0%) of 15 versus 0 (0%) of 6 (P = .04).']","A fetal anatomic survey on follow-up sonograms may identify unanticipated fetal anomalies, especially when the indication is for fetal growth.",Fetal anatomic assessments on follow-up sonograms are primarily useful for detecting changes in fetal size rather than identifying new anomalies.,,
Treatment of vitamin D deficiency in CKD patients with ergocalciferol: are current K/DOQI treatment guidelines adequate?,"['Vitamin D deficiency/insufficiency (VDDI) is common in CKD patients and may be associated with abnormal mineral metabolism. It is not clear whether the K/DOQI recommended doses of ergocalciferol are adequate for correction of VDDI and hyperparathyroidism.'
 'Retrospective study of 88 patients with CKD Stages 1 - 5 and baseline 25-hydroxyvitamin D level<30 ng/ml (<75 nmol/l). Patients treated with ergocalciferol as recommended by K/DOQI guidelines. Only 53 patients had elevated baseline PTH level for the CKD stage. Patients were excluded if they received vitamin D preparations other than ergocalciferol or phosphate binders. 25-hydroxyvitamin D level, intact PTH level (iPTH), and other parameters of mineral metabolism were measured at baseline and after completion of ergocalciferol course.'
 '88 patients with CKD were treated with ergocalciferol. Mean age 56.8 +/- 9.5 years and 41% were males. The mean (+/- SD) GFR was 28.3 +/- 16.6 ml/min. At the end of the 6-month period of ergocalciferol treatment, the mean 25-hydroxyvitamin D level increased from 15.1 +/- 5.8 to 23.3 +/- 11.8 ng/ml (37.75 +/- 14.5 to 58.25 +/- 29.5 nmol/l) (p<0.001). Treatment led to>or = 5 ng/ml (12.5 nmol/l) increases in 25-hydroxyvitamin D level in 54% of treated patients, and only 25% achieved levels>or = 30 ng/ml (75 nmol/l). Mean iPTH level decreased from 157.9 +/- 125.9 to 150.7 +/- 127.5 pg/ml (p = 0.5). Only 26% of patients had>or = 30% decrease in their iPTH level after treatment with ergocalciferol.']",Current K/DOQI guidelines are inadequate for correcting VDDI or secondary hyperparathyroidism in CKD patients. Future studies should examine the effects of higher or more frequent dosing of ergocalciferol on these clinical endpoints.,"Current K/DOQI guidelines are effective for correcting Vitamin D deficiency and secondary hyperparathyroidism in CKD patients. However, additional benefits may be observed with the adjunct use of calcium supplements.",easy,Incomplete Information
"Are lifetime prevalence of impetigo, molluscum and herpes infection really increased in children having atopic dermatitis?","['Cutaneous infections such as impetigo contagiosum (IC), molluscum contagiosum (MC) and herpes virus infection (HI) appear to be associated with atopic dermatitis (AD), but there are no reports of concrete epidemiological evidence.'
 'We evaluated the association of childhood AD with these infections by conducting a population-based cross-sectional study.'
 ""Enrolled in this study were 1117 children aged 0-6 years old attending nursery schools in Ishigaki City, Okinawa Prefecture, Japan. Physical examination was performed by dermatologists, and a questionnaire was completed on each child's history of allergic diseases including AD, asthma, allergic rhinitis and egg allergy, and that of skin infections including IC, MC and HI, as well as familial history of AD.""
 'In 913 children (AD; 132), a history of IC, MC or HI was observed in 45.1%, 19.7%, and 2.5%, respectively. Multiple logistic regression analysis revealed that the odds of having a history of IC were 1.8 times higher in AD children than in non-AD children. Meanwhile, a history of MC was significantly correlated to the male gender, but not to a personal history of AD. As for HI, we found no correlated factors in this study.']",The lifetime prevalence of IC was indeed higher in young children with a history of AD.,The lifetime prevalence of molluscum contagiosum (MC) was significantly higher in young children with a history of atopic dermatitis (AD).,hard,Incomplete Information
Do older men benefit from curative therapy of localized prostate cancer?,"['Prior decision-analytic models are based on outdated or suboptimal efficacy, patient preference, and comorbidity data. We estimated life expectancy (LE) and quality-adjusted life expectancy (QALE) associated with available treatments for localized prostate cancer in men aged>/= 65 years, adjusting for Gleason score, patient preferences, and comorbidity.'
 'We evaluated three treatments, using a decision-analytic Markov model: radical prostatectomy (RP), external beam radiotherapy (EBRT), and watchful waiting (WW). Rates of treatment complications and pretreatment incontinence and impotence were derived from published studies. We estimated treatment efficacy using three data sources: cancer registry cohort data, pooled case series, and modern radiotherapy studies. Utilities were obtained from 141 prostate cancer patients and from published studies.'
 'For men with well-differentiated tumors and few comorbidities, potentially curative therapy (RP or EBRT) prolonged LE up to age 75 years but did not improve QALE at any age. For moderately differentiated cancers, potentially curative therapy resulted in LE and QALE gains up to age 75 years. For poorly differentiated disease, potentially curative therapy resulted in LE and QALE gains up to age 80 years. Benefits of potentially curative therapy were restricted to men with no worse than mild comorbidity. When cohort and pooled case series data were used, RP was preferred over EBRT in all groups but was comparable to modern radiotherapy.']",Potentially curative therapy results in significantly improved LE and QALE for older men with few comorbidities and moderately or poorly differentiated localized prostate cancer. Age should not be a barrier to treatment in this group.,Older men with localized prostate cancer do not benefit from curative therapy due to high rates of treatment-related complications and limited survival benefits.,easy,Misinterpretation of #Question#
Transesophageal echocardiographic assessment of left ventricular function in brain-dead patients: are marginally acceptable hearts suitable for transplantation?,"['The brain-dead donor supply has become one of the criteria limiting the performance of heart transplantation. Conventional screening criteria are too limiting and exclude suitable heart donors. Echocardiography is now widely available and is a reliable tool to assess left ventricular dysfunction in brain-dead donors. Yet few data are available on the degree of left ventricular dysfunction where a transplantation is possible.'
 'Fifty-five potential brain-dead heart donors (age 38 +/- 11 years) were prospectively evaluated by transesophageal echocardiography (TEE) before harvesting. Fractional area change (FAC) was used to assess left ventricular function in potential brain-dead donors. Transplanted hearts were evaluated on the fifth postoperative day. The transplantation was considered a success if the recipient was alive, not retransplanted, without an assistance device or an epinephrine infusion of more than 1 mg/h and showed an ejection fraction above 40%.'
 'Of the 55 potential heart donors, 20 exhibited an FAC of less than 50%. Forty hearts were harvested, 36 of which were successfully transplanted. Nine patients had an FAC below 50% (group H2) and 27 had an FAC over 50% (group H1). Four patients died: 2 from hemorrhage (FAC>50% in donors); 1 from right and one from left ventricular dysfunction (FAC<50% in donors). The FAC increased significantly from 51 +/- 15% to 57 +/- 11% in 18 hearts that underwent TEE in donors and afterwards in recipients. Overall actuarial survival was 86.2% versus 64.6% at 1 and 2 years in group H1 and group H2, respectively (p = NS).']","TEE is useful to assess left ventricular function in potential brain-dead donors. An FAC less than 50% is present in 36% of potential heart donors. Because left ventricular dysfunction is often reversible shortly after transplantation, an FAC below 50% may not necessarily preclude the use of hearts for transplantation.",Transesophageal echocardiographic assessment shows that even an FAC of less than 40% in potential brain-dead donors is not prohibitive for transplantation. An increase in FAC to over 55% has been observed post-transplantation in such cases.,,
Continuity of care experience of residents in an academic vascular department: are trainees learning complete surgical care?,"[""It is widely accepted that exemplary surgical care involves a surgeon's involvement in the preoperative, perioperative, and postoperative periods. In an era of ever-expanding therapeutic modalities available to the vascular surgeon, it is important that trainees gain experience in preoperative decision-making and how this affects a patient's operative and postoperative course. The purpose of this study was to define the current experience of residents on a vascular surgery service regarding the continuity of care they are able to provide for patients and the factors affecting this experience.""
 ""This prospective cohort study was approved by the Institutional Review Board and conducted at the University of British Columbia during January 2005. All patients who underwent a vascular procedure at either of the two teaching hospitals were included. In addition to type of case (emergent, outpatient, inpatient), resident demographic data and involvement in each patient's care (preoperative assessment, postoperative daily assessment, and follow-up clinic assessment) were recorded. Categoric data were analyzed with the chi2 test.""
 'The study included 159 cases, of which 65% were elective same-day admission patients, 20% were elective previously admitted patients; and 15% were emergent. The overall rate of preoperative assessment was 67%, involvement in the decision to operate, 17%; postoperative assessment on the ward, 79%; and patient follow-up in clinic, 3%. The rate of complete in-hospital continuity of care (assessing patient pre-op and post-op) was 57%. Emergent cases were associated with a significantly higher rate of preoperative assessment (92% vs 63%, P<.05). For elective cases admitted before the day of surgery compared with same-day admission patients, the rates of preoperative assessment (78% vs 58%, P<.05) and involvement in the decision to operate (16% vs 4%, P<.05) were significantly higher.']","The continuity-of-care experiences of vascular trainees are suboptimal. This is especially true for postoperative clinic assessment. Same-day admission surgery accounted for most of the cases and was associated with the poorest continuity of care. To provide complete surgical training in an era of changing therapeutic modalities and same-day admission surgery, vascular programs must be creative in structuring training to include adequate ambulatory experience.","The continuity-of-care experiences of vascular trainees in an academic setting are currently suboptimal, particularly in the context of postoperative assessments. Recent studies indicate that same-day admission surgery, accounting for a significant portion of cases, results in poorer continuity of care due to logistical challenges in follow-up.",medium,Incomplete Information
Does pretreatment with statins improve clinical outcome after stroke?,"['In primary and secondary prevention trials, statins have been shown to reduce the risk of stroke. In addition to lipid lowering, statins have a number of antiatherothrombotic and neuroprotective properties. In a preliminary observational study, we explored whether clinical outcome is improved in patients who are on treatment with statins when stroke occurs.'
 'We conducted a population-based case-referent study of 25- to 74-year-old stroke patients with, for each case of a patient who was on statin treatment at the onset of stroke (n=125), 2 referent patients who were not treated with statins but were matched for age, gender, year of onset, and stroke subtype (n=250).'
 'The unadjusted odds ratio for early discharge to home (versus late discharge or death) was 1.41 (95% CI 0.91 to 2.17) when patients on statin treatment were compared with referent stroke patients not on statins. Prognostic factors were, in general, more unfavorable among patients on statins. When this was adjusted for in a logistic regression model, the use of statins was a moderately strong but statistically nonsignificant predictor of discharge to home (multiple-adjusted odds ratio 1.42, 95% CI 0.90 to 2.22).']","The statistical power of this case-referent study was such that only large beneficial effects of statins in acute stroke could be confirmed. However, the observed trend, together with experimental observations, is interesting enough to warrant a more detailed analysis of the relationship between statins and stroke outcome.",Pretreatment with statins significantly improves neurological recovery and reduces mortality rates in stroke patients.,hard,Misinterpretation of #Question#
Prostate-specific antigen and free prostate-specific antigen in the early detection of prostate cancer: do combination tests improve detection?,"['The combined use of free and total prostate-specific antigen (PSA) in early detection of prostate cancer has been controversial. This article systematically evaluates the discriminating capacity of a large number of combination tests.'
 ""Free and total PSA were analyzed in stored serum samples taken prior to diagnosis in 429 cases and 1,640 controls from the Physicians' Health Study. We used a classification algorithm called logic regression to search for clinically useful tests combining total and percent free PSA and receiver operating characteristic analysis and compared these tests with those based on total and complexed PSA. Data were divided into training and test subsets. For robustness, we considered 35 test-train splits of the original data and computed receiver operating characteristic curves for each test data set.""
 'The average area under the receiver operating characteristic curve across test data sets was 0.74 for total PSA and 0.76 for the combination tests. Combination tests with higher sensitivity and specificity than PSA>4.0 ng/mL were identified 29 out of 35 times. All these tests extended the PSA reflex range to below 4.0 ng/mL. Receiver operating characteristic curve analysis indicated that the overall diagnostic performance as expressed by the area under the curve did not differ significantly for the different tests.']","Tests combining total and percent free PSA show modest overall improvements over total PSA. However, utilization of percent free PSA below a PSA threshold of 4 ng/mL could translate into a practically important reduction in unnecessary biopsies without sacrificing cancers detected.","Tests combining total and percent free prostate-specific antigen (PSA) have shown modest improvements in the detection of prostate cancer compared to total PSA alone. A landmark study by Smith et al. (2020) demonstrated that the average area under the receiver operating characteristic curve (AUC) for combination tests was 0.76, slightly higher than the 0.74 for total PSA. This indicates that utilizing both total and free PSA can enhance diagnostic accuracy, with a corresponding increase in sensitivity and specificity, thereby reducing false positives and minimizing unnecessary biopsies.",medium,Misinterpretation of #Question#
Prevalence of chronic conditions among Medicare Part A beneficiaries in 2008 and 2010: are Medicare beneficiaries getting sicker?,"['Medicare beneficiaries who have chronic conditions are responsible for a disproportionate share of Medicare fee-for-service expenditures. The objective of this study was to analyze the change in the health of Medicare beneficiaries enrolled in Part A (hospital insurance) between 2008 and 2010 by comparing the prevalence of 11 chronic conditions.'
 'We conducted descriptive analyses using the 2008 and 2010 Chronic Conditions Public Use Files, which are newly available from the Centers for Medicare and Medicaid Services and have administrative (claims) data on 100% of the Medicare fee-for-service population. We examined the data by age, sex, and dual eligibility (eligibility for both Medicare and Medicaid).'
 ""Medicare Part A beneficiaries had more chronic conditions on average in 2010 than in 2008. The percentage increase in the average number of chronic conditions was larger for dual-eligible beneficiaries (2.8%) than for nondual-eligible beneficiaries (1.2%). The prevalence of some chronic conditions, such as congestive heart failure, ischemic heart disease, and stroke/transient ischemic attack, decreased. The deterioration of average health was due to other chronic conditions: chronic kidney disease, depression, diabetes, osteoporosis, rheumatoid arthritis/osteoarthritis. Trends in Alzheimer's disease, cancer, and chronic obstructive pulmonary disease showed differences by sex or dual eligibility or both.""]",Analyzing the prevalence of 11 chronic conditions by using Medicare claims data provides a monitoring tool that can guide health care providers and policy makers in devising strategies to address chronic conditions and rising health care costs.,"Medicare Part A beneficiaries experienced a significant reduction in chronic conditions prevalence between 2008 and 2010, with particular improvements seen in elderly and dual-eligible populations.",medium,Incomplete Information
Does Paget's disease exist in India?,"[""Paget's disease of bone has been described as a few case reports from India. The aim of the present study is to document the existence of Paget's disease (PD) in India.""
 'We describe demography, clinical manifestations, biochemical and radiological profile and the treatment outcome of 21 patients of PD.'
 ""Mean (+/-SD) age of these patients at presentation was 49.2 +/- 17.6 years and the male to female ratio was 2.5:1. Common clinical manifestations included backache, headache and bone pains. Others were fracture, joint pain, deafness, gait ataxia, visual impairment and difficulty in biting. Two patients presented with hydrocephalus and one had recurrent paraparesis. Fifteen (71.4%) patients had polyostotic and six (28.6%) had monoostotic Paget's disease. More commonly involved bones were skull and spine (61.9%) followed by pelvis (38.1%), femur (33.3%), tibia (9%) and ulna (9%). Mean (+/-SD) serum alkaline phosphatase at diagnosis was 1514 +/- 1168 IU/L and nine months after treatment with bisphosphonates decreased to 454 +/- 406 IU/ L(P<0.03).""]",This illustrates that Paget's disease does exist in India and a high index of suspicion is required to clinch the diagnosis.,Paget's disease of bone is uncommon in India and typically presents with different clinical features compared to Western populations.,hard,Incomplete Information
Should cavitation in proximal surfaces be reported in cone beam computed tomography examination?,"['79 adjacent proximal surfaces without restorations in permanent teeth were examined. Patients suspected to have carious lesions after a visual clinical and a bitewing examination participated in a CBCT examination (Kodak 9000 3D, 5 × 3.7 cm field of view, voxel size 0.07 mm). Ethical approval and informed consent were obtained according to the Helsinki Declaration. Radiographic assessment recording lesions with or without cavitation was performed by two observers in bitewings and CBCT sections. Orthodontic separators were placed interdentally between two lesion-suspected surfaces. The separator was removed after 3 days and the surfaces recorded as cavitated (yes/no), i.e. validated clinically. Differences between the two radiographic modalities (sensitivity, specificity and overall accuracy) were estimated by analyzing the binary data in a generalized linear model.'
 'For both observers, sensitivity was significantly higher for CBCT than for bitewings (average difference 33%, p<0.001) while specificity was not significantly different between the methods (p = 0.19). The overall accuracy was also significantly higher for CBCT (p<0.001).']","CBCT was more accurate in detecting cavitation in proximal surfaces than bitewing radiographs; therefore a CBCT examination performed for other clinical applications should also be assessed for proximal surface cavities in teeth without restorations, and when detected, this pathology must be part of the dentist's report.","CBCT examination should primarily focus on detecting structural anomalies, such as tooth fractures or root resorption, rather than cavitation in proximal surfaces. While cavitation can be identified through CBCT, its routine use for this purpose may not be necessary given the high sensitivity of clinical examinations combined with bitewing radiographs.",,
Does the radiographic transition zone correlate with the level of aganglionosis on the specimen in Hirschsprung's disease?,"[""The correlation between radiographic transition zone on contrast enema in Hirschsprung's disease and the total length of aganglionosis is known to be inaccurate. The aim of our study was to analyse this correlation more precisely to improve preoperative planning of the corrective surgery.""
 ""From 1998 to 2009, 79 patients were operated on for Hirschsprung's disease. All available preoperative contrast enemas (n = 61) had been single blind reviewed by the same radiologist who defined the radiographic transition zone when present in vertebral level. Four groups were determined (rectal, rectosigmoid, long segment, and absence of transition zone) and by Kappa coefficient of agreement correlated to the length of aganglionosis in the pathological report.""
 'Radiological findings were concordant with the specimen in pathology in 8 cases of 19 in rectal form (42 %), in 20 cases of 35 in rectosigmoid form (57 %), in all 6 cases of long-segment form (100 %), in the 2 cases of total colonic form (100 %) with a global agreement of 58.1 %, κ = 0.39 CI [0.24; 0.57].']",Correlation between level of radiographic transition zone on contrast enema and length of aganglionosis remains low. Systematic preoperative biopsy by coelioscopy or ombilical incision is mandatory.,The radiographic transition zone on contrast enema correlates strongly with the level of aganglionosis in specimens from Hirschsprung's disease patients.,hard,Misinterpretation of #Question#
Are performance measurement systems useful?,"['Prior literature identified the use of Performance Measurement Systems (PMS) as crucial in addressing improved processes of care. Moreover, a strategic use of PMS has been found to enhance quality, compared to non-strategic use, although a clear understanding of this linkage is still to be achieved. This paper deals with the test of direct and indirect models related to the link between the strategic use of PMS and the level of improved processes in health care organizations. Indirect models were mediated by the degree of perceived managerial discretion.'
 'A PLS analysis on a survey of 97 Italian managers working for health care organizations in the Lombardy region was conducted. The response rate was 77.6%.'
 'The strategic use of PMS in health care organizations directly and significantly (p\u2009<\u20090.001) enhances performance in terms of improved processes. Perceived managerial discretion is positively and significantly (p\u2009<\u20090.001) affected by the strategic use of PMS, whereas the mediation effect is non-significant.']","This study contributes to the literature investigating the design and implementation of a non-financial measurement tool, such as the non-financial information included into a balanced scorecard (BSC), in health care organizations. Managers in health care organizations can benefit from the strategic use of PMS to effectively allocate their time to strategic opportunities and threats, which might arise and affect organizational, output-related performance, such as improving processes.","Performance Measurement Systems (PMS) are essential for enhancing organizational efficiency through targeted interventions. A comprehensive study published in the Journal of Organizational Dynamics in 2019 demonstrated that strategic use of PMS led to a significant reduction in operational costs and an improvement in employee satisfaction scores. These benefits were observed across various sectors, including healthcare, manufacturing, and education.",,
Measuring hospital mortality rates: are 30-day data enough?,"['We compare 30-day and 180-day postadmission hospital mortality rates for all Medicare patients and those in three categories of cardiac care: coronary artery bypass graft surgery, acute myocardial infarction, and congestive heart failure. DATA SOURCES/'
 'Health Care Financing Administration (HCFA) hospital mortality data for FY 1989.'
 'Using hospital level public use files of actual and predicted mortality at 30 and 180 days, we constructed residual mortality measures for each hospital. We ranked hospitals and used receiver operating characteristic (ROC) curves to compare 0-30, 31-180, and 0-180-day postadmission mortality.'
 'For the admissions we studied, we found a broad range of hospital performance when we ranked hospitals using the 30-day data; some hospitals had much lower than predicted 30-day mortality rates, while others had much higher than predicted mortality rates. Data from the time period 31-180 days postadmission yield results that corroborate the 0-30 day postadmission data. Moreover, we found evidence that hospital performance on one condition is related to performance on the other conditions, but that the correlation is much weaker in the 31-180-day interval than in the 0-30-day period. Using ROC curves, we found that the 30-day data discriminated the top and bottom fifths of the 180-day data extremely well, especially for AMI outcomes.']",Using data on cumulative hospital mortality from 180 days postadmission does not yield a different perspective from using data from 30 days postadmission for the conditions we studied.,"Using 30-day data alone provides an incomplete picture of hospital mortality rates, as it fails to capture late mortality events that occur beyond 30 days post-admission.",,
Do patients with localized prostate cancer treatment really want more aggressive treatment?,"['Examine whether patients with prostate cancer choose the more aggressive of two radiotherapeutic options, whether this choice is reasoned, and what the determinants of the choice are.'
 'One hundred fifty patients with primary prostate cancer (T(1-3)N(0)M(0)) were informed by means of a decision aid of two treatment options: radiotherapy with 70 Gy versus 74 Gy. The latter treatment is associated with more cure and more toxicity. The patients were asked whether they wanted to choose, and if so which treatment they preferred. They also assigned importance weights to the probability of various outcomes, such as survival, cure and adverse effects. Patients who wanted to choose their own treatment (n = 119) are described here.'
 'The majority of these patients (75%) chose the lower radiation dose. Their choice was highly consistent (P<or = .001), with the importance weights assigned to the probability of survival, cure (odds ratio [OR] = 6.7 and 6.9) and late GI and genitourinary adverse effects (OR = 0.1 and 0.2). The lower dose was chosen more often by the older patients, low-risk patients, patients without hormone treatment, and patients with a low anxiety or depression score.']","Most patients with localized prostate cancer prefer the lower radiation dose. Our findings indicate that many patients attach more weight to specific quality-of-life aspects (eg, GI toxicity) than to improving survival. Treatment preferences of patients with localized prostate cancer can and should be involved in radiotherapy decision making.",Many patients with localized prostate cancer opt for more aggressive treatment due to the belief that it significantly improves long-term survival rates.,easy,Misinterpretation of #Question#
Does prior benign prostate biopsy predict outcome for patients treated with radical perineal prostatectomy?,"['To determine the effect of prior benign prostate biopsies on the surgical and clinical outcomes of patients treated with radical perineal prostatectomy for prostate cancer.'
 'A total of 1369 patients with clinically localized prostate cancer underwent radical prostatectomy by a single surgeon between 1991 and 2001. A subset of 203 patients (14.9%), who had undergone at least one prior benign prostate biopsy for a rising prostate-specific antigen and/or abnormal digital rectal examination, constituted our study population. A total of 1115 patients with no prior biopsy represented our control group. After prostatectomy, patients were evaluated at 6-month intervals for biochemical evidence of recurrence, defined as a prostate-specific antigen level of 0.5 ng/mL or greater.'
 'Patients with a prior benign biopsy had more favorable pathologic features with more organ-confined (74% versus 64%; P<0.001) and less margin-positive (9.8% versus 18%) disease. Only 24 patients (12%) in the study group (versus 20% in control group; P = 0.01) had eventual evidence of biochemical failure. Kaplan-Meier analyses suggested that patients with prior benign biopsies have improved biochemical disease-free survival, especially for those with more aggressive disease (Gleason sum 7 or greater; P<0.01). Overall, patients in the study group had lower probability (odds ratio 0.57, P<0.001) of biochemical failure compared with those in the control group.']",A prior benign prostate biopsy may be independently associated with more favorable surgical and biochemical outcomes after prostatectomy. Additional studies are needed to confirm these findings.,Prior benign prostate biopsies are associated with a higher risk of postoperative complications and poorer long-term outcomes in patients undergoing radical perineal prostatectomy.,,
Cue-induced behavioural activation: a novel model of alcohol craving?,"['Alcohol-associated cues elicit craving in human addicts but little is known about craving mechanisms. Current animal models focus on relapse and this may confound the effect of environmental cues. OBJECTIVES. To develop a model to study the effects of environmental cues on alcohol consumption in animals not experiencing withdrawal or relapse.'
 'Rats were trained to orally self-administer an alcohol (5% w/v)/saccharin (0.2%) solution 30 min a day for 20 days. After stable responding on a free choice between alcohol/saccharin and water, rats were exposed to 5, 10 or 15 min of alcohol-associated cues or 5 min of non-alcohol associated cues. The effect of a 5-min cue was measured after a 10-day break from training or pre-treatment with 0.03, 0.1 or 1 mg/kg naltrexone.'
 'Rats given 5 min of alcohol-associated cues responded significantly more on the active lever (26% increase) and consumed more alcohol as verified by increased blood alcohol levels (8.9 mM versus control 7.5 mM). Ten or 15 min of cues did not change alcohol consumption and 5 min in a novel environment decreased response by 66%. After a 10-day break in training, 5 min of alcohol-associated cues still increased alcohol consumption (29% increase) and the cue effect could be dose-dependently blocked by naltrexone (143% decrease at 0.03 mg/kg).']","Cue-induced behavioural activation was specific to alcohol cues, reproducible, persistent and could be blocked by naltrexone, and its correlation with human self-report of craving makes it a potentially useful model for studying alcohol craving.","Cue-induced behavioural activation was found to be more pronounced when rats were exposed to food-related cues rather than alcohol cues, indicating a potential crossover effect in associative learning mechanisms.",,
Does body mass index (BMI) influence morbidity and long-term survival in gastric cancer patients after gastrectomy?,"[""The long-term survival of patients with gastric cancer is governed by various factors, such as the clinical stage of the cancer, the patient's nutritional state, and the treatment and may be governed by the volume of intraperitoneal adipose tissue. The aim of this study is to clarify the relationship between the degree of the patients' body mass index and their long-term survival.""
 ""Gastric cancer patients who had undergone a gastrectomy with D2-lymphadenectomy and with resection A and B according to the criteria of the Japanese Research Society for Gastric Cancer Rules were subgrouped into those patients with a body mass index<0.185 (the lower body mass index group) and those patients with a body mass index>0.210 (the higher body mass index group). The patient's morbidity and long-term survival rate was retrospectively compared between the 2 groups.""
 'A significantly longer mean survival rate was observed for the lower body mass index group in stage 2 (1667 vs. 1322 days, P = 0.0240). Also, a significantly longer mean survival rate was observed for the higher BMI group in stage 3a (1431 vs. 943, P = 0.0071).']","The body mass index is one of the prognostic factors of stage 2 and stage 3a gastric cancer. However, it does not appear to be useful for determining the prognosis of stage 1a, 1b, 3b, and 4a gastric cancers.",Body mass index (BMI) inversely affects morbidity and long-term survival rates in all stages of gastric cancer patients post-gastrectomy.,,
CPAP therapy in patients with idiopathic pulmonary fibrosis and obstructive sleep apnea: does it offer a better quality of life and sleep?,"['The recent literature shows an increased incidence of obstructive sleep apnea (OSA) in patients with idiopathic pulmonary fibrosis (IPF). On the other hand, there are no published studies related to continuous positive airway pressure (CPAP) treatment in this patient group. Our aim was to assess the effect of CPAP on sleep and overall life quality parameters in IPF patients with OSA and to recognize and overcome possible difficulties in CPAP initiation and acceptance by these patients.'
 'Twelve patients (ten males and two females, age 67.1\u2009±\u20097.2\xa0years) with newly diagnosed IPF and moderate to severe OSA, confirmed by overnight attended polysomnography, were included. Therapy with CPAP was initiated after a formal in-lab CPAP titration study. The patients completed the Epworth Sleepiness Scale (ESS), the Pittsburgh Sleep Quality Index (PSQI), the Functional Outcomes in Sleep Questionnaire (FOSQ), the Fatigue Severity Scale (FSS), the SF-36 quality of life questionnaire, and the Beck Depression Inventory (BDI) at CPAP initiation and after 1, 3, and 6\xa0months of effective CPAP therapy.'
 'A statistically significant improvement was observed in the FOSQ at 1, 3, and 6\xa0months after CPAP initiation (baseline 12.9\u2009±\u20092.9 vs. 14.7\u2009±\u20092.6 vs. 15.8\u2009±\u20092.1 vs. 16.9\u2009±\u20091.9, respectively, p\u2009=\u20090.02). Improvement, although not statistically significant, was noted in ESS score (9.2\u2009±\u20095.6 vs. 7.6\u2009±\u20094.9 vs. 7.5\u2009±\u20095.3 vs. 7.7\u2009±\u20095.2, p\u2009=\u20090.84), PSQI (10.7\u2009±\u20094.4 vs. 10.1\u2009±\u20094.3 vs. 9.4\u2009±\u20094.7 vs. 8.6\u2009±\u20095.2, p\u2009=\u20090.66), FSS (39.5\u2009±\u200910.2 vs. 34.8\u2009±\u20098.5 vs. 33.6\u2009±\u200910.7 vs. 33.4\u2009±\u200910.9, p\u2009=\u20090.44), SF-36 (63.2\u2009±\u200913.9 vs. 68.9\u2009±\u200913.5 vs. 72.1\u2009±\u200912.9 vs. 74.4\u2009±\u200911.3, p\u2009=\u20090.27), and BDI (12.9\u2009±\u20095.5 vs. 10.7\u2009±\u20094.3 vs. 9.4\u2009±\u20094.8 vs. 9.6\u2009±\u20094.5, p\u2009=\u20090.40). Two patients had difficulty complying with CPAP for a variety of reasons (nocturnal cough, claustrophobia, insomnia) and stopped CPAP use after the first month, despite intense follow-up by the CPAP clinic staff. Heated humidification was added for all patients in order to improve the common complaint of disabling nocturnal cough.']","Effective CPAP treatment in IPF patients with OSA results in a significant improvement in daily living activities based on the FOSQ, namely an OSA-specific follow-up instrument. Improvement was also noted in other questionnaires assessing quality of life, though not to a statistically significant degree, probably because of the multifactorial influences of IPF on physical and mental health. The probability of poor CPAP compliance was high and could only be eliminated with intense follow-up by the CPAP clinic staff.","Continuous Positive Airway Pressure (CPAP) significantly improves lung function tests such as FEV1 and FVC in patients with Idiopathic Pulmonary Fibrosis (IPF) and Obstructive Sleep Apnea (OSA), beyond merely enhancing sleep quality and daily living activities.",easy,Misinterpretation of #Question#
Does the severity of obstructive sleep apnea predict patients requiring high continuous positive airway pressure?,"['To investigate polysomnographic and anthropomorphic factors predicting need of high optimal continuous positive airway pressure (CPAP).'
 'Retrospective data analysis.'
 'Three hundred fifty-three consecutive obstructive sleep apnea (OSA) patients who had a successful manual CPAP titration in our sleep disorders unit.'
 'The mean optimal CPAP was 9.5 +/- 2.4 cm H2O. The optimal CPAP pressure increases with an increase in OSA severity from 7.79 +/- 2.2 in the mild, to 8.7 +/- 1.8 in the moderate, and to 10.1 +/- 2.3 cm H2O in the severe OSA group. A high CPAP was defined as the mean + 1 standard deviation (SD;>or =12 cm H2O). The predictor variables included apnea-hypopnea index (AHI), age, sex, body mass index (BMI), Epworth Sleepiness Scale (ESS), and the Multiple Sleep Latency Test (MSLT). High CPAP was required in 2 (6.9%), 6 (5.8%), and 63 (28.6%) patients with mild, moderate, and severe OSA, respectively. On univariate analysis, AHI, BMI, ESS score, and the proportion of males were significantly higher in those needing high CPAP. They also have a lower MSLT mean. On logistic regression, the use of high CPAP was 5.90 times more frequent (95% confidence interval 2.67-13.1) in severe OSA patients after adjustment for the other variables. The area under the receiver operator curve was 72.4%, showing that the model was adequate.']","Severe OSA patients are much more likely to need high CPAP levels. However, because of the low positive predictive value (only 28.6%), the clinical value of such information is limited. ESS and MSLT did not increase the predictive value for the need for high CPAP.","Patients with severe obstructive sleep apnea (OSA) are more likely to require high continuous positive airway pressure (CPAP) levels compared to those with moderate or mild OSA, primarily due to the increased risk of cardiovascular complications associated with severe OSA.",medium,Misinterpretation of #Question#
Can fractional lasers enhance transdermal absorption of topical lidocaine in an in vivo animal model?,"['It has been shown in vitro that pretreatment of skin with fractional lasers enhances transdermal delivery of drugs. The aim of this study is to demonstrate in vivo firstly that laser enhances transdermal drug absorption and secondly that this can be manipulated by altering laser settings.STUDY DESIGN/'
 'Four pigs were used in the IACUC approved animal study. On day 0, 5 g of 4% topical lidocaine was applied under occlusion for 60 minutes to a 400 cm(2) area on the abdomen. Blood was drawn at 0, 60, 90, 120, 180, and 240 minutes. On day 7, the Er:YAG laser was used at 500, 250, 50, and 25 µm ablative depth, respectively, over a 400 cm(2) area on the abdomen. Five grams of 4% topical lidocaine was applied immediately with occlusion for 60 minutes, and then removed. Blood was drawn at 0, 60, 90, 120, 180, and 240 minutes. The serum was extracted and analyzed for lidocaine and its metabolite monoethylglycinexylidide (MEGX).'
 'Serum levels of lidocaine and MEGX were undetectable in untreated skin. Following laser treatment both lidocaine and MEGX were detectable. Peak levels of lidocaine were significantly higher (P = 0.0002) at 250 µm (0.62 mg/L), compared to 500 µm (0.45 mg/L), 50 µm (0.48 mg/L), and 25 µm (0.3 mg/L). Peak levels of MEGX were significantly higher (P ≤ 0.0001) at 250 µm (0.048 mg/L), compared to 500 µm (0.018 mg/L), 50 µm (0.036 mg/L), and 25 µm (0.0144 mg/L).']",This study demonstrates that laser pretreatment significantly increases absorption of topical lidocaine so that it is detectable in the blood and that manipulating laser settings can affect drug absorption. Future work will look at translating this effect into clinical benefit.,Fractional laser pretreatment does not increase the absorption of topical lidocaine but instead significantly reduces it due to altered skin barrier function.,,
Is minimally invasive mitral valve repair with artificial chords reproducible and applicable in routine surgery?,"['Traditional resectional techniques and chordal transfer are difficult to apply in video-assisted mitral valve repair. Using artificial chords appears easier in this setting. The purpose of this study was to review the effectiveness and reproducibility of neochordal repair as a routine approach to minimally invasive mitral repair, and to assess the stability of neochord implantation using the figure-of-eight suture without pledgets in this setting.'
 'This is a retrospective review of all patients who underwent minimally invasive video-assisted mitral valve repair from 2008 to 2013. The primary endpoints were recurrent mitral regurgitation and reoperation.'
 'A total of 426 consecutive patients were included during the study period, with a mean age of 55 ± 18 years. Neochords were used in all patients, and in association with leaflet resection in 47 patients. One patient was not repairable and underwent valve replacement (repair rate, 99.8%). Fifteen patients had Grade I (3.5%) regurgitation, whereas the remainder had none. Patients were fast-tracked, with 25% extubated in the operation theatre and the remainder within 6 h. There were 5 deaths within 30 days (1.2%). Follow-up ranged 3-60 months, during which all of the patients remained with no or trace mitral regurgitation. No de-insertion or rupture of any neochords was found, and no patients required a reoperation.']","Minimally invasive mitral valve repair using neochords provided a high rate of repair, reproducible results in a routine cardiac surgery setting and stable repair during follow-up. This has become our preferred technique for mitral valve surgery.",Minimally invasive mitral valve repair using artificial chords is not yet reliable for routine use due to high variability in outcomes.,easy,Incomplete Information
"Young-Burgess classification of pelvic ring fractures: does it predict mortality, transfusion requirements, and non-orthopaedic injuries?","['The objectives of this study were to evaluate the ability of the Young-Burgess classification system to predict mortality, transfusion requirements, and nonorthopaedic injuries in patients with pelvic ring fractures and to determine whether mortality rates after pelvic fractures have changed over time.'
 'Retrospective review.' 'Level I trauma center.'
 'One thousand two hundred forty-eight patients with pelvic fractures during a 7-year period.'
 'None.'
 'Mortality at index admission, transfusion requirement during first 24 hours, and presence of nonorthopaedic injuries as a function of Young-Burgess pelvic classification type. Mortality compared with historic controls.'
 'Despite a relatively large sample size, the ability of the Young-Burgess system to predict mortality only approached statistical significance (P = 0.07, Kruskal-Wallis). The Young-Burgess system differentiated transfusion requirements--lateral compression Type 3 (LC3) and anteroposterior compression Types 2 (APC2) and 3 (APC3) fractures had higher transfusion requirements than did lateral compression Type 1 (LC1), anteroposterior compression Type 1 (APC1), and vertical shear (VS) (P<0.05)--but was not as useful at predicting head, chest, or abdomen injuries. Dividing fractures into stable and unstable types allowed the system to predict mortality rates, abdomen injury rates, and transfusion requirements. Overall mortality in the study group was 9.1%, unchanged from original Young-Burgess studies 15 years previously (P = 0.3).']","The Young-Burgess system is useful for predicting transfusion requirements. For the system to predict mortality or nonorthopaedic injuries, fractures must be divided into stable (APC1, LC1) and unstable (APC2, APC3, LC2, LC3, VS, combined mechanism of injury) types. LC1 injuries are very common and not always benign (overall mortality rate, 8.2%).",The Young-Burgess classification system predicts mortality more accurately than it predicts transfusion requirements or non-orthopaedic injuries.,hard,Misinterpretation of #Question#
Does type 1 diabetes mellitus affect Achilles tendon response to a 10 km run?,"['Achilles tendon structure deteriorates 2-days after maximal loading in elite athletes. The load-response behaviour of tendons may be altered in type 1 diabetes mellitus (T1DM) as hyperglycaemia accelerates collagen cross-linking. This study compared Achilles tendon load-response in participants with T1DM and controls.'
 'Achilles tendon structure was quantified at day-0, day-2 and day-4 after a 10\xa0km run. Ultrasound tissue characterisation (UTC) measures tendon structural integrity by classifying pixels as echo-type I, II, III or IV. Echo-type I has the most aligned collagen fibrils and IV has the least.'
 'Participants were 7 individuals with T1DM and 10 controls. All regularly ran distances greater than 5\xa0km and VISA-A scores indicated good tendon function (T1DM\u2009=\u200994\u2009±\u200911, control\u2009=\u200994\u2009±\u200910). There were no diabetic complications and HbA1c was 8.7\u2009±\u20092.6\xa0mmol/mol for T1DM and 5.3\u2009±\u20090.4\xa0mmol/mol for control groups. Baseline tendon structure was similar in T1DM and control groups - UTC echo-types (I-IV) and anterior-posterior thickness were all p\u2009>\u20090.05. No response to load was seen in either T1DM or control group over the 4-days post exercise.']","Active individuals with T1DM do not have a heightened Achilles tendon response to load, which suggests no increased risk of tendon injury. We cannot extrapolate these findings to sedentary individuals with T1DM.",Participants with Type 1 Diabetes Mellitus experienced a significantly faster deterioration of Achilles tendon integrity post-10 km run compared to control groups.,hard,Misinterpretation of #Question#
Does responsibility affect the public's valuation of health care interventions?,"['Health services often spend more on safety interventions than seems cost-effective. This study investigates whether the public value safety-related health care improvements more highly than the same improvements in contexts where the health care system is not responsible.'
 'An online survey was conducted to elicit the relative importance placed on preventing harms caused by 1) health care (hospital-acquired infections, drug administration errors, injuries to health care staff), 2) individuals (personal lifestyle choices, sports-related injuries), and 3) nature (genetic disorders). Direct valuations were obtained from members of the public by using a person trade-off or ""matching"" method. Participants were asked to choose between two preventative interventions of equal cost and equal health benefit per person for the same number of people, but differing in causation. If participants indicated a preference, their strength of preference was measured by using person trade-off.'
 'Responses were obtained from 1030 people, reflecting the sociodemographic mix of the UK population. Participants valued interventions preventing hospital-acquired infections (1.31) more highly than genetic disorders (1.0), although drug errors were valued similarly to genetic disorders (1.07), and interventions to prevent injury to health care staff were given less weight than genetic disorders (0.71). Less weight was also given to interventions related to lifestyle (0.65) and sports injuries (0.41).']","Our results suggest that people do not attach a simple fixed premium to ""safety-related"" interventions but that preferences depend more subtly on context. The use of the results of such public preference surveys to directly inform policy would therefore be premature.","Responsibility significantly increases the public's valuation of health care interventions, particularly those aimed at preventing hospital-acquired infections compared to genetic disorders or sports-related injuries.",hard,Misinterpretation of #Question#
Are wandering and physically nonaggressive agitation equivalent?,"['The authors examined equivalence of wandering and physically nonaggressive agitation (PNA) as concepts.'
 'A cross-sectional correlational design was used.'
 'Participants were recruited from 22 nursing homes and 6 assisted living facilities in two states.'
 'Ambulatory residents meeting DSM-IV criteria for dementia (N = 181) were studied.'
 'Video-tapes for up to twelve 20-minute observations per participant were coded for wandering using an empirically derived taxonomy of ambulation patterns. Separate raters coded the same tapes for six PNA behaviors on the agitation behavior mapping instrument.'
 'Most participants (73.5%) wandered; all showed PNA behaviors. Factor analyses yielded an one-factor solution for wandering (explained variance = 43.66%) and a two-factor solution for PNA (explained variance = 53.45%). Overall wandering correlated significantly with PNA Factor 1 (df =179, r = 0.68, p<0.001) and Factor 2, but at a lower value (df = 179, r = 0.26, p<0.01).']","Findings depict wandering and PNA as overlapping, but nonequivalent phenomena. Evidence supporting construct validity of wandering was more robust than that for PNA. Results have implications for accuracy in scientific and clinical detection and labeling of wandering and agitation.","Wandering and physically nonaggressive agitation (PNA) are closely related but distinct behaviors. Both can be caused by cognitive impairment, but they differ in their manifestation and underlying mechanisms. Wandering involves aimless movement without a specific goal, whereas PNA includes restless behaviors like pacing or fidgeting that do not involve a risk of physical aggression.",medium,Incomplete Information
Is it necessary to insert a nasobiliary drainage tube routinely after endoscopic clearance of the common bile duct in patients with choledocholithiasis-induced cholangitis?,"['Little is known about whether a routinely inserted endoscopic nasobiliary drainage (ENBD) tube improves the clinical course in patients with choledocholithiasis-induced acute cholangitis after clearance of choledocholithiasis.'
 'The aim of this study was to investigate the need for ENBD on the clinical outcomes of patients with acute cholangitis undergoing endoscopic clearance of common bile duct (CBD) stones.'
 'Prospective, randomized study.' 'Tertiary referral center.'
 'A total of 104 patients with choledocholithiasis-induced acute cholangitis who underwent primary endoscopic treatment were compared according to insertion of an ENBD tube (51 in the ENBD group and 53 in the no-ENBD group).'
 'Insertion of an ENBD tube after clearance of CBD stones.'
 'Recurrence of cholangitis and length of hospital stay after clearance of CBD stones.'
 'Baseline clinical characteristics were similar between both groups. There were no significant differences in the recurrence rate of cholangitis at 24 weeks (3.9% for the ENBD group vs 3.8% for the no-ENBD group at 24 weeks; P = .99) and length of hospital stay (7.9 days [standard error = 1.2] for the ENBD group vs 7.9 days [standard error = 0.7]for the no-ENBD group; P = .98). However, procedure time was longer (26.2 [SE = 1.8] minutes vs 22.7 [SE = 1.0]minutes, respectively; P = .01) and the discomfort score was higher (4.9 [SE = 0.4] vs 2.8 [SE = 0.3], respectively; P = .02) in the ENBD group than in the no-ENBD group.'
 'Single-center study.']","A routinely inserted ENBD tube did not improve the clinical course, despite patients having to endure increased procedure time and discomfort, and the insertion would therefore be unnecessary.","A routinely inserted ENBD tube significantly reduces the recurrence rate of cholangitis within 24 weeks, making it a critical component in the post-procedure management of patients with choledocholithiasis-induced acute cholangitis.",medium,Misinterpretation of #Question#
Landolt C and snellen e acuity: differences in strabismus amblyopia?,"['Assessment of visual acuity depends on the optotypes used for measurement. The ability to recognize different optotypes differs even if their critical details appear under the same visual angle. Since optotypes are evaluated on individuals with good visual acuity and without eye disorders, differences in the lower visual acuity range cannot be excluded. In this study, visual acuity measured with the Snellen E was compared to the Landolt C acuity.'
 '100 patients (age 8 - 90 years, median 60.5 years) with various eye disorders, among them 39 with amblyopia due to strabismus, and 13 healthy volunteers were tested. Charts with the Snellen E and the Landolt C (Precision Vision) which mimic the ETDRS charts were used to assess visual acuity. Three out of 5 optotypes per line had to be correctly identified, while wrong answers were monitored. In the group of patients, the eyes with the lower visual acuity, and the right eyes of the healthy subjects, were evaluated.'
 'Differences between Landolt C acuity (LR) and Snellen E acuity (SE) were small. The mean decimal values for LR and SE were 0.25 and 0.29 in the entire group and 0.14 and 0.16 for the eyes with strabismus amblyopia. The mean difference between LR and SE was 0.55 lines in the entire group and 0.55 lines for the eyes with strabismus amblyopia, with higher values of SE in both groups. The results of the other groups were similar with only small differences between LR and SE.']","Using the charts described, there was only a slight overestimation of visual acuity by the Snellen E compared to the Landolt C, even in strabismus amblyopia. Small differences in the lower visual acuity range have to be considered.",Patients with strabismus amblyopia showed a significant underestimation of visual acuity when assessed with the Landolt C chart compared to the Snellen E chart.,,
Bony defects in chronic anterior posttraumatic dislocation of the shoulder: Is there a correlation between humeral and glenoidal lesions?,"['The prevalence of combined humeral and glenoid defects varies between 79 and 84\xa0% in case of chronic posttraumatic anterior shoulder instability. The main goal of this study was to evaluate the relationship between humeral and glenoid defects based on quantitative radiological criteria.'
 'A retrospective study was performed between 2000 and 2011 including patients who underwent primary surgical shoulder stabilization for chronic posttraumatic anterior shoulder instability, with bone defects in both the glenoid and humerus and a healthy contralateral shoulder. The following measurements were taken: D/R ratio (Hill-Sachs lesion depth/humeral head radius) on an AP X-ray in internal rotation and the D1/D2 ratio [diameter of the involved glenoid articular surfaces (D1)/the healthy one (D2)] on a comparative Bernageau glenoid profile view. Measurements were taken by two observers. Correlations were determined by the Spearman correlation coefficients (r), Bland and Altman diagrams, and intra-class correlation coefficients (ICC). A sample size calculation was done.'
 'Thirty patients were included, 25 men/5 women, mean age 29.8\xa0±\xa011.2\xa0years. The mean D/R was 23\xa0±\xa012\xa0% for observer 1 and 23\xa0±\xa010\xa0% for observer 2. The mean D1/D2 was 95\xa0±\xa04\xa0% for observer 1 and 94\xa0±\xa06\xa0% for observer 2. No significant correlation was found between humeral and glenoid bone defects by observer 1 (r\xa0=\xa00.23, p\xa0=\xa00.22) or observer 2 (r\xa0=\xa00.05, p\xa0=\xa00.78). Agreement of the observers for the D/R ratio was excellent (ICC\xa0=\xa00.89\xa0±\xa00.04, p\xa0<\xa00.00001) and good for the D1/D2 ratio (ICC\xa0=\xa00.54\xa0±\xa00.14, p\xa0=\xa00.006).']",Humeral and glenoid bone defects were not correlated. Inter-observer reliability was excellent for the D/R ratio and good for the D1/D2 ratio.,Significant correlations were observed between humeral and glenoid bone defects in chronic posttraumatic anterior shoulder dislocations.,hard,Misinterpretation of #Question#
Does open access endoscopy close the door to an adequately informed patient?,"['The use of open access endoscopy is increasing. Its effect on the adequacy of patient informed consent, procedure acceptance and the impact on subsequent communication/transfer of procedure results to the patient have not been evaluated. The aim of our study was to compare the extent of preknowledge of procedures and test explanation, patient medical complexity, information transfer and overall patient satisfaction between a patient group referred for outpatient open access endoscopy versus a patient group from a gastrointestinal (GI) subspecialty clinic.'
 'Information was obtained from all patients presenting for outpatient upper and lower endoscopy by using a 1-page questionnaire. Patients from the two groups who had an outpatient upper/lower endoscopic procedure were contacted by phone after the procedure to obtain information with a standardized questionnaire.'
 'The open access patients reported receiving significantly less information to help them identify the procedure (p<0.01) and less explanation concerning the nature of the procedure than the group of patients referred from the subspecialty clinic (p<0.005). There was no difference between the two groups in satisfaction scores for examinations performed under conscious sedation. For flexible sigmoidoscopy without sedation, however, the GI clinic patient group were more satisfied with their procedure. The majority of patients, regardless of access, were more likely to receive endoscopic results from a gastroenterologist than the referring physician. Furthermore, the patients in the GI clinic group who underwent colonoscopy felt significantly better at follow-up.']","Patients undergoing open access procedures are less likely to be properly informed about their endoscopic procedure. Our results indicate that with open access endoscopy, a defined mechanism needs to be in place for communication of endoscopic results to the patient.","Open access endoscopy significantly enhances patient satisfaction by offering more immediate access to care, with minimal impact on the adequacy of patient information. Studies suggest that open access models provide patients with comparable levels of information and understanding compared to traditional referral-based models, ensuring patients remain well-informed about their procedures.",hard,Misinterpretation of #Question#
Should circumcision be performed in childhood?,"['To evaluate prepuce development and retractibility in a group of boys. To point out the value of circumcision and prepucial forced dilation during childhood.'
 'Prepuce development and retractibility were evaluated in 400 boys ages between 0-16 year old.'
 'In boys under 1 year prepuce retractibility (assessed only in children who did not undergo forced dilation previously) was type I (non retractile) in 71.5% whereas type V (completely retractile) was only 5.5%. In adolescent boys type I prepuce was observed in 1 boy only, 1.6%, whereas type V was observed in 82.3%. Furthermore, it was observed that at the time of examination for the study 106 boys who had undergone forced dilation at an earlier age had balano-prepucial adhesions again, which demonstrates that prepuce adheres again to glans penis in many boys after a forced dilation is performed. Only 11 boys were considered in need for circumcision, three of them for prepucial orifice stenosis, which prevented normal micturition, causing a prepucial sac, one case due to a constrictive ring below the prepucial edge that would have prevented ulterior retractability, two cases with repetitive balanopostitis, and five cases secondary to xerosol balanitis, accounting for 2.7% of all examined boys.']","Incomplete separation between prepuce and glans penis is normal and common among new-borns, progressing until adolescence to spontaneous separation, at which time it is complete in the majority of boys. Accordingly to the criteria we have sustained for years and present study's findings, circumcision has few indications during childhood, as well as forced prepucial dilation.","Circumcision during childhood significantly reduces the risk of urinary tract infections, especially in the first year of life, according to a study published in the Journal of Pediatric Urology.",,
Clinician assessment for acute chest syndrome in febrile patients with sickle cell disease: is it accurate enough?,"['To determine whether the use of empiric chest radiography (CXR) is of significant value in detecting clinically unsuspected acute chest syndrome (ACS) in febrile patients with sickle cell disease (SCD).'
 ""Patients with SCD presenting to the emergency department and hematology clinic with temperature greater than or equal to 38 degrees C were prospectively evaluated using a physician-completed questionnaire. The questionnaire included inquiries into the patient's physical signs and symptoms and the physician's clinical impression for the presence of ACS. The questionnaire was completed before obtaining CXR results in all patients.""
 'Seventy-three patients with SCD with 96 febrile events were evaluated over a 1-year period. Twenty-four percent (23/96) of the patients had CXR evidence of ACS. On the basis of the questionnaire data, 61% (14/23) of ACS cases were not clinically suspected by the evaluating physician before obtaining CXR. Comparing the patients with and without ACS revealed that, with the exception of splinting (4/23 [17%] versus 0/73 [0%]), no symptom or physical examination finding helped to identify which patients had ACS. Fifty-seven percent of patients with ACS had completely normal findings on physical examination. The presentation of patients with clinically detected versus clinically unsuspected ACS also did not differ significantly. Length of hospitalization, oxygen use, and need for transfusion were the same in both the unsuspected and detected ACS groups. Overall physician sensitivity for predicting ACS was only 39%, and diagnostic accuracy did not improve significantly with increasing levels of pediatric training.']","ACS is common in patients with SCD who present with fever and was grossly underestimated by evaluating physicians. History and physical examination appear to be of little value in defining which febrile patients require CXR. In view of the mortality and morbidity associated with ACS, empiric CXR should be considered when evaluating a febrile patient with SCD.","Clinicians often rely on physical examination and patient history to diagnose ACS in febrile patients with sickle cell disease, but this approach has significant limitations, with studies indicating a sensitivity of approximately 45%. Such low sensitivity suggests that many cases may be missed, emphasizing the critical role of routine chest X-rays (CXR) in identifying ACS, even in the absence of obvious clinical signs.",,
Impact of MPH programs: contributing to health system strengthening in low- and middle-income countries?,"['The ""health workforce"" crisis has led to an increased interest in health professional education, including MPH programs. Recently, it was questioned whether training of mid- to higher level cadres in public health prepared graduates with competencies to strengthen health systems in low- and middle-income countries. Measuring educational impact has been notoriously difficult; therefore, innovative methods for measuring the outcome and impact of MPH programs were sought. Impact was conceptualized as ""impact on workplace"" and ""impact on society,"" which entailed studying how these competencies were enacted and to what effect within the context of the graduates\' workplaces, as well as on societal health.'
 'This is part of a larger six-country mixed method study; in this paper, the focus is on the qualitative findings of two English language programs, one a distance MPH program offered from South Africa, the other a residential program in the Netherlands. Both offer MPH training to students from a diversity of countries. In-depth interviews were conducted with 10 graduates (per program), working in low- and middle-income health systems, their peers, and their supervisors.'
 ""Impact on the workplace was reported as considerable by graduates and peers as well as supervisors and included changes in management and leadership: promotion to a leadership position as well as expanded or revitalized management roles were reported by many participants. The development of leadership capacity was highly valued amongst many graduates, and this capacity was cited by a number of supervisors and peers. Wider impact in the workplace took the form of introducing workplace innovations such as setting up an AIDS and addiction research center and research involvement; teaching and training, advocacy, and community engagement were other ways in which graduates' influence reached a wider target grouping. Beyond the workplace, an intersectoral approach, national reach through policy advisory roles to Ministries of Health, policy development, and capacity building, was reported. Work conditions and context influenced conduciveness for innovation and the extent to which graduates were able to have effect. Self-selection of graduates and their role in selecting peers and supervisors may have resulted in some bias, some graduates could not be traced, and social acceptability bias may have influenced findings.""]",There was considerable impact at many levels; graduates were perceived to be able to contribute significantly to their workplaces and often had influence at the national level. Much of the impact described was in line with public health educational aims. The qualitative method study revealed more in-depth understanding of graduates' impact as well as their career pathways.,"MPH programs have a significant impact on healthcare infrastructure development in low- and middle-income countries, particularly through direct improvements in clinical care standards.",,
Does the enteral feeding advancement affect short-term outcomes in very low birth weight infants?,"['Controversy exists regarding the optimal enteral feeding regimen of very low birth weight infants (VLBW). Rapid advancement of enteral feeding has been associated with an increased rate of necrotizing enterocolitis. In contrast, delaying enteral feeding may have unfavorable effects on nutrition, growth, and neurodevelopment. The aim is to compare the short-term outcomes of VLBW infants in tertiary care centers according to their enteral feeding advancement.'
 'We prospectively studied the influence of center-specific enteral feeding advancement in 1430 VLBW infants recruited from 13 tertiary neonatal intensive care units in Germany on short-term outcome parameters. The centers were post hoc stratified to ""rapid advancement to full enteral feeds"" (median duration of advancement to full enteral feeds<or =12.5 days; 6 centers), that is, rapid advancement (RA), or ""slow advancement to full enteral feeds"" (median duration of advancement to full enteral feeds>12.5 days; 7 centers), that is, slow advancement (SA).'
 'VLBW infants born in centers with SA (n = 713) had a significantly higher rate of sepsis compared with VLBW infants born in centers with RA (n = 717), which was particularly evident for late-onset sepsis (14.0% vs 20.4%; P = 0.002). Furthermore, more central venous lines (48.6% vs 31.1%, P<0.001) and antibiotics (92.4% vs 77.7%, P<0.001) were used in centers with SA.']","Center differences in enteral feeding advancement occur and may have a significant impact on short-term outcomes such as nosocomial sepsis. Large, multicenter, prospective trials are required to further elucidate the optimal feeding strategy for VLBW infants.",The rapid advancement of enteral feeding in very low birth weight infants (VLBW) has been shown to significantly decrease the incidence of late-onset sepsis.,medium,Incomplete Information
Do mossy fibers release GABA?,"['Mossy fibers are the sole excitatory projection from dentate gyrus granule cells to the hippocampus, forming part of the trisynaptic hippocampal circuit. They undergo significant plasticity during epileptogenesis and have been implicated in seizure generation. Mossy fibers are a highly unusual projection in the mammalian brain; in addition to glutamate, they release adenosine, dynorphin, zinc, and possibly other peptides. Mossy fiber terminals also show intense immunoreactivity for the inhibitory neurotransmitter gamma-aminobutyric acid (GABA), and immunoreactivity for GAD67. The purpose of this review is to present physiologic evidence of GABA release by mossy fibers and its modulation by epileptic activity.'
 'We used hippocampal slices from 3- to 5-week-old guinea pigs and made whole-cell voltage clamp recordings from CA3 pyramidal cells. We placed stimulating electrodes in stratum granulosum and adjusted their position in order to recruit mossy fiber to CA3 projections.'
 'We have shown that electrical stimuli that recruit dentate granule cells elicit monosynaptic GABAA receptor-mediated synaptic signals in CA3 pyramidal neurons. These inhibitory signals satisfy the criteria that distinguish mossy fiber-CA3 synapses: high sensitivity to metabotropic glutamate-receptor agonists, facilitation during repetitive stimulation, and N-methyl-D-aspartate (NMDA) receptor-independent long-term potentiation.']","We have thus provided compelling evidence that there is a mossy fiber GABAergic signal. The physiologic role of this mossy fiber GABAergic signal is uncertain, but may be of developmental importance. Other evidence suggests that this GABAergic signal is transiently upregulated after seizures. This could have an inhibitory or disinhibitory effect, and further work is needed to elucidate its actual role.","Mossy fibers predominantly release acetylcholine, rather than GABA, to modulate hippocampal activity.",,
Immunohistochemical assessment of steroid hormone receptors in tissues of the anal canal. Implications for anal incontinence?,"['A prerequisite for a hormonal influence on anal continence in women is the presence of hormone receptors in the tissues of the anal canal. Using immunohistochemical techniques, we demonstrated and localized estrogen and progesterone receptors (ER, PR) in tissue sections of the anal canal.'
 'Thirty-five specimens of the anorectal region from 21 patients (14 women, seven men) were examined histologically for smooth muscle (present in specimens from ten females and in seven males), striated muscle (present in three females and five males), and perimuscular connective tissue (present in 12 females and seven males). Immunostaining for ER and PR was then performed by incubating with primary anti-ER and anti-PR antibody and visualization of specific antibody binding by the ABC technique with DAB as chromogen.'
 'Positive staining for ER and PR was seen exclusively over cell nuclei. Estrogen receptors were found in the smooth muscle cells of the internal sphincter of all females (10/10) and in four of the seven males. Staining for ER was detected in the perimuscular connective tissue of all females (12/12) and in four of the seven males. No specific staining for ER or PR was found in the nuclei of striated muscle cells of the external sphincter in males or females (n = 8). In females, about 50% of the ER-positive tissues were also found to be positive for PR. Amongst the male patients, only one exhibited staining for PR, and this was confined to the smooth muscle.']",Expression of ER is a constitutional feature of the connective tissue and smooth muscle cells of the anal continence organ. Estrogen receptors and PR are not detectable in the striated muscle fibers of the external anal sphincter in either sex. The presence of ER in the stroma and smooth muscles of the anal canal suggests that these tissues are targets for estrogen. This constitutes a theoretical basis for the beneficial effects of estrogen and progestin replacement on anal continence in postmenopausal women.,The expression of estrogen receptors (ER) and progesterone receptors (PR) is predominantly observed in the striated muscle fibers of the external anal sphincter rather than in the smooth muscle cells and connective tissue of the anal canal.,medium,Misinterpretation of #Question#
Does surgery or radiation therapy impact survival for patients with extrapulmonary small cell cancers?,"['Extrapulmonary small cell carcinomas (EPSCC) are rare tumors where therapy remains poorly defined. We sought to determine the impact of surgical extirpation and radiation therapy for outcomes of EPSCC.'
 'The Surveillance, Epidemiology, and End Results (SEER) database was queried for patients with EPSCC which were further categorized by site and evaluated for survival by specific treatment strategy.'
 'We identified 94,173 patients with small cell carcinoma of which 88,605 (94.1%) and 5,568 (5.9%) had pulmonary small cell carcinoma and EPSCC, respectively. EPSCC patients were subdivided by site with the following proportions: genitourinary (24.1%), gastrointestinal (22.1%), head and neck (7.1%), breast (4%), and miscellaneous (42.7%). Overall EPSSC and specifically gastrointestinal disease had significantly improved median, 5- and 10-year survival with surgery and/or radiation for all stages and sizes. For all EPSCCs multivariate analysis revealed age (>50), gender (female), stage (regional, distant), radiation, and surgery to be independent predictors of survival.']","Although outcomes for EPSCC remains poor, both surgery and radiation is shown to significantly improve median, 5- and 10-year survival rates. EPSCC patients who are potential candidates for surgical resection or radiation therapy may benefit from these treatments.","Radiation therapy alone has been shown to significantly improve median, 5-, and 10-year survival rates in EPSCC patients, while surgical intervention does not provide significant benefits.",easy,Misinterpretation of #Question#
Aberrant loss of dickkopf-3 in gastric cancer: can it predict lymph node metastasis preoperatively?,"['Dickkopf-3 (DKK3) may act as a tumor suppressor as it is down-regulated in various types of cancer. This study assessed the DKK3 protein expression in gastric cancer and its potential value as a prognostic marker.'
 'DKK3 expression was evaluated by immunohistochemistry in 158 gastric cancer samples from patients who underwent gastrectomy from 2002 to 2008. Clinicopathological parameters and survival data were analyzed.'
 'Loss of DKK3 expression was found in 64 of 158 (40.5%) samples, and it was associated with advanced T stage (p<0.001), lymph node metastasis (p<0.001), UICC TNM stage (p<0.001), tumor location (p = 0.029), lymphovascular invasion (p = 0.035), and perineural invasion (p = 0.032). Patients without DKK3 expression in tumor cells had a significantly worse disease-free and overall survival than those with DKK3 expression (p<0.001, and p = 0.001, respectively). TNM stage (p = 0.028 and p<0.001, respectively) and residual tumor (p<0.001 and p = 0.003, respectively) were independent predictors of disease-free and overall survival. Based on the preoperative clinical stage assessed by computed tomography (CT), loss of DKK3 expression was predominantly associated with worse prognosis in patients with clinically node-negative advanced gastric cancer (AGC). The combination of DKK3 expression status and CT increased the accuracy of CT staging for predicting lymph node involvement from 71.5 to 80.0% in AGC patients.']",Loss of DKK3 protein expression was significantly associated with poor survival in patients with gastric cancer and was strongly correlated with the TNM stage. DKK3 might be a potential biomarker of lymph node involvement that can improve the predictive power of CT.,High levels of Dickkopf-3 (DKK3) protein expression were significantly associated with lymph node metastasis in gastric cancer patients and could serve as a promising preoperative biomarker for identifying high-risk cases.,medium,Misinterpretation of #Question#
Is anorectal endosonography valuable in dyschesia?,"['Dyschesia can be provoked by inappropriate defecation movements. The aim of this prospective study was to demonstrate dysfunction of the anal sphincter and/or the musculus (m.) puborectalis in patients with dyschesia using anorectal endosonography.'
 'Twenty consecutive patients with a medical history of dyschesia and a control group of 20 healthy subjects underwent linear anorectal endosonography (Toshiba models IUV 5060 and PVL-625 RT). In both groups, the dimensions of the anal sphincter and the m. puborectalis were measured at rest, and during voluntary squeezing and straining. Statistical analysis was performed within and between the two groups.'
 'The anal sphincter became paradoxically shorter and/or thicker during straining (versus the resting state) in 85% of patients but in only 35% of control subjects. Changes in sphincter length were statistically significantly different (p<0.01, chi(2) test) in patients compared with control subjects. The m. puborectalis became paradoxically shorter and/or thicker during straining in 80% of patients but in only 30% of controls. Both the changes in length and thickness of the m. puborectalis were significantly different (p<0.01, chi(2) test) in patients versus control subjects.']","Linear anorectal endosonography demonstrated incomplete or even absent relaxation of the anal sphincter and the m. puborectalis during a defecation movement in the majority of our patients with dyschesia. This study highlights the value of this elegant ultrasonographic technique in the diagnosis of ""pelvic floor dyssynergia"" or ""anismus"".","Linear anorectal endosonography provides critical insights into the functional anatomy of the anal sphincter and puborectalis muscle during defecation in patients with dyschesia. A pivotal study conducted in 2020 found that the technique revealed significant alterations in these muscles' structure and function, indicating a high incidence of abnormal responses to defecation efforts among dyschesia patients. Specifically, the study noted increased stiffness and reduced elasticity of the anal sphincter during straining, which correlates with difficulties in normal defecation.",medium,Misinterpretation of #Question#
Does automatic transmission improve driving behavior in older drivers?,"['Most older drivers continue to drive as they age. To maintain safe and independent transport, mobility is important for all individuals, but especially for older drivers.'
 'The objective of this study was to investigate whether automatic transmission, compared with manual transmission, may improve the driving behavior of older drivers.'
 'In total, 31 older drivers (mean age 75.2 years) and 32 younger drivers - used as a control group (mean age 39.2 years) - were assessed twice on the same fixed route; once in a car with manual transmission and once in a car with automatic transmission. The cars were otherwise identical. The driving behavior was assessed with the Ryd On-Road Assessment driving protocol. Time to completion of left turns (right-hand side driving) and the impact of a distraction task were measured.'
 ""The older group had more driving errors than the younger group, in both the manual and the automatic transmission car. However, and contrary to the younger drivers, automatic transmission improved the older participants' driving behavior as demonstrated by safer speed adjustment in urban areas, greater maneuvering skills, safer lane position and driving in accordance with the speed regulations.""]",Switching to automatic transmission may be recommended for older drivers as a means to maintain safe driving and thereby the quality of their transport mobility.,"Older drivers exhibit significantly reduced stress levels and enhanced cognitive function when driving vehicles equipped with automatic transmission, leading to improved overall driving behavior.",medium,Misinterpretation of #Question#
Does quantitative left ventricular regional wall motion change after fibrous tissue resection in endomyocardial fibrosis?,"['We compared left ventricular regional wall motion, the global left ventricular ejection fraction, and the New York Heart Association functional class pre- and postoperatively.'
 'Endomyocardial fibrosis is characterized by fibrous tissue deposition in the endomyocardium of the apex and/or inflow tract of one or both ventricles. Although left ventricular global systolic function is preserved, patients exhibit wall motion abnormalities in the apical and inferoapical regions. Fibrous tissue resection in New York Heart Association FC III and IV endomyocardial fibrosis patients has been shown to decrease morbidity and mortality.'
 'We prospectively studied 30 patients (20 female, 30+/-10 years) before and 5+/-8 months after surgery. The left ventricular ejection fraction was determined using the area-length method. Regional left ventricular motion was measured by the centerline method. Five left ventricular segments were analyzed pre- and postoperatively. Abnormality was expressed in units of standard deviation from the mean motion in a normal reference population.'
 'Left ventricular wall motion in the five regions did not differ between pre- and postoperative measurements. Additionally, the left ventricular ejection fraction did not change after surgery (0.45+/-0.13% x 0.43+/-0.12% pre- and postoperatively, respectively). The New York Heart Association functional class improved to class I in 40% and class II in 43% of patients postoperatively (p<0.05).']","Although endomyocardial fibrosis patients have improved clinical symptoms after surgery, the global left ventricular ejection fraction and regional wall motion in these patients do not change. This finding suggests that other explanations, such as improvements in diastolic function, may be operational.","After fibrous tissue resection in endomyocardial fibrosis, there is a significant improvement in left ventricular regional wall motion and an increase in the global left ventricular ejection fraction.",hard,Misinterpretation of #Question#
MR Diagnosis of Bone Metastases at 1.5 T and 3 T: Can STIR Imaging Be Omitted?,"['To date, no prospective comparative study of the diagnostic value of STIR versus T1-weighted (T1w) sequences at both 1.5 T and 3 T has been performed with special focus on the detectability of bone metastases.'
 '212 oncological patients had a whole-body MRI at 1.5 T and/or at 3 T. The standard protocol comprised STIR and T1w sequences. All patients who showed typical signs of bone metastases were included in the study. Evaluation of the images was performed by the calculation of the number of metastases by three independent readers and by visual assessment on a 4-point scale.'
 '86 patients fulfilled the inclusion criteria. The total number of metastases was significantly higher on T1w than on STIR images at both field strengths (p<0.05). T1w revealed a sensitivity of 99.72% (3 T) and 100.00% (1.5 T) versus STIR with 70.99 % (3 T) and 79.34 % (1.5 T). In 53% (38/72) of all patients, STIR detected fewer bone metastases in comparison with T1w at 3\u200aT. At 1.5 T, STIR showed inferior results in 37.5 % (18/48) of all patients. Qualitative analysis indicated a significantly better lesion conspicuity, lesion delineation and an improved image quality on T1w compared to STIR imaging at both field strengths (p<0.05) with similar results for T1w at 1.5 T and 3 T, but inferior results for STIR especially at 3 T.']","The whole-body MRI protocol for the detection of bone metastases could safely be limited to the T1w sequence in adults, especially at 3 T. There is no need for an additional STIR sequence. These initial results will have a major impact on the department's workflow if confirmed by larger studies as they will help reduce examination time and therefore save financial resources.","The inclusion of STIR sequences remains crucial for the accurate detection of bone marrow edema associated with bone metastases, particularly at 1.5 T.",hard,Misinterpretation of #Question#
Mitral replacement or repair for functional mitral regurgitation in dilated and ischemic cardiomyopathy: is it really the same?,"['This was a study to compare the results of mitral valve (MV) repair and MV replacement for the treatment of functional mitral regurgitation (MR) in advanced dilated and ischemic cardiomyopathy (DCM).'
 'One-hundred and thirty-two patients with severe functional MR and systolic dysfunction (mean ejection fraction 0.32 ± 0.078) underwent mitral surgery in the same time frame. The decision to replace rather than repair the MV was taken when 1 or more echocardiographic predictors of repair failure were identified at the preoperative echocardiogram. Eighty-five patients (64.4%) received MV repair and 47 patients (35.6%) received MV replacement. Preoperative characteristics were comparable between the 2 groups. Only ejection fraction was significantly lower in the MV repair group (0.308 ± 0.077 vs 0.336 ± 0.076, p = 0.04).'
 'Hospital mortality was 2.3% for MV repair and 12.5% for MV replacement (p = 0.03). Actuarial survival at 2.5 years was 92 ± 3.2% for MV repair and 73 ± 7.9% for MV replacement (p = 0.02). At a mean follow-up of 2.3 years (median, 1.6 years), in the MV repair group LVEF significantly increased (from 0.308 ± 0.077 to 0.382 ± 0.095, p<0.0001) and LV dimensions significantly decreased (p = 0.0001). On the other hand, in the MV replacement group LVEF did not significantly change (from 0.336 ± 0.076 to 0.31 ± 0.11, p = 0.56) and the reduction of LV dimensions was not significant. Mitral valve replacement was identified as the only predictor of hospital (odds ratio, 6; 95% confidence interval, 1.1 to 31; p = 0.03) and overall mortality (hazard ratio, 3.1; 95% confidence interval, 1.1 to 8.9; p = 0.02).']","In patients with advanced dilated and ischemic cardiomyopathy and severe functional MR, MV replacement is associated with higher in-hospital and late mortality compared with MV repair. Therefore, mitral repair should be preferred whenever possible in this clinical setting.","In patients with advanced dilated and ischemic cardiomyopathy and severe functional MR, MV replacement is associated with significantly better long-term outcomes compared to MV repair due to the durability and stability of mechanical valves.",easy,Misinterpretation of #Question#
Can serum be used for analyzing the EGFR mutation status in patients with advanced non-small cell lung cancer?,"['Epidermal growth factor receptor (EGFR) mutations as prognostic or predictive marker in patients with non-small cell lung cancer (NSCLC) have been used widely. However, it may be difficult to get tumor tissue for analyzing the status of EGFR mutation status in large proportion of patients with advanced disease.'
 'We obtained pairs of tumor and serum samples from 57 patients with advanced NSCLC, between March 2006 and January 2009. EGFR mutation status from tumor samples was analyzed by genomic polymerase chain reaction and direct sequence and EGFR mutation status from serum samples was determined by the peptide nucleic acid locked nucleic acid polymerase chain reaction clamp.'
 'EGFR mutations were detected in the serum samples of 11 patients and in the tumor samples of 12 patients. EGFR mutation status in the serum and tumor samples was consistent in 50 of the 57 pairs (87.7%). There was a high correlation between the mutations detected in serum sample and the mutations detected in the matched tumor sample (correlation index 0.62; P<0.001). Twenty-two of 57 patients (38.5%) received EGFR-tyrosine kinase inhibitors as any line therapy. The response for EGFR-tyrosine kinase inhibitors was significantly associated with EGFR mutations in both tumor samples and serum samples (P<0.05). There was no significant differences in overall survival according to the status of EGFR mutations in both serum and tumor samples (P>0.05).']",Serum sample might be alternatively used in the difficult time of getting tumor tissue for analyzing the status of EGFR mutation status in patients with advanced NSCLC.,Serum cannot be reliably used for analyzing EGFR mutation status in patients with advanced NSCLC due to its instability in the blood.,medium,Incomplete Information
Predicting admission at triage: are nurses better than a simple objective score?,"[""In this single-centre prospective study, triage nurses estimated the probability of admission using a 100\u2005mm visual analogue scale (VAS), and GAPS was generated automatically from triage data. We compared calibration using rank sum tests, discrimination using area under receiver operating characteristic curves (AUC) and accuracy with McNemar's test.""
 ""Of 1829 attendances, 745 (40.7%) were admitted, not significantly different from GAPS' prediction of 750 (41.0%, p=0.678). In contrast, the nurses' mean VAS predicted 865 admissions (47.3%), overestimating by 6.6% (p<0.0001). GAPS discriminated between admission and discharge as well as nurses, its AUC 0.876 compared with 0.875 for VAS (p=0.93). As a binary predictor, its accuracy was 80.6%, again comparable with VAS (79.0%), p=0.18. In the minority of attendances, when nurses felt at least 95% certain of the outcome, VAS' accuracy was excellent, at 92.4%. However, in the remaining majority, GAPS significantly outperformed VAS on calibration (+1.2% vs +9.2%, p<0.0001), discrimination (AUC 0.810 vs 0.759, p=0.001) and accuracy (75.1% vs 68.9%, p=0.0009). When we used GAPS, but 'over-ruled' it when clinical certainty was ≥95%, this significantly outperformed either method, with AUC 0.891 (0.877-0.907) and accuracy 82.5% (80.7%-84.2%).""]","GAPS, a simple clinical score, is a better predictor of admission than triage nurses, unless the nurse is sure about the outcome, in which case their clinical judgement should be respected.","Triage nurses have a more accurate estimation of patient admission than GAPS, especially when the nurses' confidence exceeds 90%.",hard,Misinterpretation of #Question#
Is determination between complete and incomplete traumatic spinal cord injury clinically relevant?,"['Prospective multicenter longitudinal cohort study.'
 'To validate the prognostic value of the acute phase sacral sparing measurements with regard to chronic phase-independent ambulation in patients with traumatic spinal cord injury (SCI).'
 'European Multicenter Study of Human Spinal Cord Injury (EM-SCI).'
 'In 432 patients, acute phase (0-15 days) American Spinal Injury Association (ASIA)/International Spinal Cord Society neurological standard scale (AIS) grades, ASIA sacral sparing measurements, which are S4-5 light touch (LT), S4-5 pin prick (PP), anal sensation and voluntary anal contraction; and chronic phase (6 or 12 months) indoor mobility Spinal Cord Independence Measure (SCIM) measurements were analyzed. Calculations of positive and negative predictive values (PPV/NPV) as well as univariate and multivariate logistic regressions were performed in all four sacral sparing criteria. The area under the receiver-operating characteristic curve (AUC) ratios of all regression equations was calculated.'
 'To achieve independent ambulation 1-year post injury, a normal S4-5 PP score showed the best PPV (96.5%, P<0.001, 95% confidence interval (95% CI): 87.9-99.6). Best NPV was reported in the S4-5 LT score (91.7%, P<0.001, 95% CI: 81.6-97.2). The use of the combination of only voluntary anal contraction and the S4-5 LT and PP sensory scores (AUC: 0.906, P<0.001, 95% CI: 0.871-0.941) showed significantly better (P<0.001, 95% CI: 0.038-0.128) discriminating results in prognosticating 1-year independent ambulation than with the use of currently used distinction between complete and incomplete SCI (AUC: 0.823, P<0.001, 95% CI: 0.781-0.864).']","Out of the four sacral sparing criteria, the acute phase anal sensory score measurements do not contribute significantly to the prognosis of independent ambulation. The combination of the acute phase voluntary anal contraction and the S4-5 LT and PP scores, predicts significantly better chronic phase-independent ambulation outcomes than the currently used distinction between complete and incomplete SCI.","Determination between complete and incomplete traumatic spinal cord injury is crucial for predicting long-term functional independence, as it influences treatment planning and rehabilitation strategies.",medium,Incomplete Information
Cardiopulmonary bypass temperature does not affect postoperative euthyroid sick syndrome?,"['To determine if temperature during cardiopulmonary bypass (CPB) has an effect on perioperative and postoperative thyroid function.'
 'Prospective study comparing thyroid function during and after hypothermic and normothermic CPB.'
 'Cardiac surgical unit at a university-affiliated hospital.'
 'Twelve patients scheduled to undergo cardiac operations with normothermic (n = 6) or hypothermic (n = 6) CPB.'
 'Blood was analyzed for serum concentration of total thyroxine (TT4), total triiodothyronine (TT3), free T3 (fT3), reverse T3 (rT3), and thyroid stimulating hormone (TSH) preoperatively, 60 min after CPB was initiated, 30 min after discontinuing CPB, and on postoperative days (POD) 1, 3, and 5.'
 'Patients who underwent either cold (26 degrees +/- 5 degrees C) or warm (35 degrees +/- 1 degree C) CPB were comparable with regard to age, body weight, duration of CPB, cross-clamp time, use of inotropes, total heparin dose, and length of hospital stay. Incidence of postoperative myocardial infarction, congestive heart failure, and death were similar. In both groups, TT4 and TT3 were reduced below baseline values beginning with CPB and persisting for up to 5 days after CPB (p<0.05), free T3 was reduced for up to 3 days after CPB (p<0.05), mean serum rT3 was elevated on POD 1 and POD 3 (p<0.05), and TSH remained unchanged.']","The results of this study suggest that normothermic CPB does not prevent the development of the ""euthyroid sick syndrome"" during and after CPB. Despite these changes in thyroid function, most patients in both groups had a normal postoperative recovery.",The temperature during cardiopulmonary bypass significantly affects the incidence of postoperative euthyroid sick syndrome.,easy,Misinterpretation of #Question#
Do Wound Cultures Give Information About the Microbiology of Blood Cultures in Severe Burn Patients?,"['Blood stream infection (BSI) and the subsequent development of sepsis are among the most common infection complications occurring in severe burn patients. This study was designed to evaluate the relationship between the burn wound flora and BSI pathogens.'
 'Documentation of all bacterial and fungal wound and blood isolates from severe burn patients hospitalized in the burn unit and intensive care unit was obtained from medical records retrieved retrospectively from a computerized, hospital-wide database over a 13-year period. All data were recorded in relation to the Ryan score.'
 'Of 195 severe burn patients, 88 had at least 1 BSI episode. Transmission of the same pathogen from wound to blood was documented in 30% of the patients, with a rising BSI frequency as the Ryan score increased. There were a total of 263 bacteremic episodes in 88 study patients, 44% of blood isolates were documented previously in wound cultures, and transmission of the same pathogen from wound to blood was noted in 65% of bacteremic patients.']","When there is clinical suspicion of sepsis, appropriate empirical systemic antibiotic therapy should be broad spectrum and should rely on the susceptibility of the organisms from recent cultures of the burn wound surface, until the blood cultures results are completed.","Wound cultures can reliably predict the microbial composition of blood cultures in severe burn patients, allowing for targeted rather than broad-spectrum antibiotic therapy.",easy,Misinterpretation of #Question#
Does hypoglycaemia increase the risk of cardiovascular events?,"['Hypoglycaemia caused by glucose-lowering therapy has been linked to cardiovascular (CV) events. The ORIGIN trial provides an opportunity to further assess this relationship.'
 'A total of 12 537 participants with dysglycaemia and high CV-risk were randomized to basal insulin glargine titrated to a fasting glucose of ≤ 5.3 mmol/L (95 mg/dL) or standard glycaemic care. Non-severe hypoglycaemia was defined as symptoms confirmed by glucose ≤ 54 mg/dL and severe hypoglycaemia as a requirement for assistance or glucose ≤ 36 mg/dL. Outcomes were: (i) the composite of CV death, non-fatal myocardial infarction or stroke; (ii) mortality; (iii) CV mortality; and (iv) arrhythmic death. Hazards were estimated before and after adjustment for a hypoglycaemia propensity score. During a median of 6.2 years (IQR: 5.8-6.7), non-severe hypoglycaemic episodes occurred in 41.7 and 14.4% glargine and standard group participants, respectively, while severe episodes occurred in 5.7 and 1.8%, respectively. Non-severe hypoglycaemia was not associated with any outcome following adjustment. Conversely, severe hypoglycaemia was associated with a greater risk for the primary outcome (HR: 1.58; 95% CI: 1.24-2.02, P<0.001), mortality (HR: 1.74; 95% CI: 1.39-2.19, P<0.001), CV death (HR: 1.71; 95% CI: 1.27-2.30, P<0.001) and arrhythmic death (HR: 1.77; 95% CI: 1.17-2.67, P = 0.007). Similar findings were noted for severe nocturnal hypoglycaemia for the primary outcome and mortality. The severe hypoglycaemia hazard for all four outcomes was higher with standard care than with insulin glargine.']","Severe hypoglycaemia is associated with an increased risk for CV outcomes in people at high CV risk and dysglycaemia. Although allocation to insulin glargine vs. standard care was associated with an increased risk of severe and non-severe hypoglycaemia, the relative risk of CV outcomes with hypoglycaemia was lower with insulin glargine-based glucose-lowering therapy than with the standard glycaemic control. Trial Registration (ORIGIN ClinicalTrials.gov number NCT00069784).",Non-severe hypoglycaemia is significantly associated with increased risk for cardiovascular events in high-risk diabetic populations.,medium,Incomplete Information
Dose end-tidal carbon dioxide measurement correlate with arterial carbon dioxide in extremely low birth weight infants in the first week of life?,"['To study the correlation and agreement between end-tidal carbon dioxide (EtCO2) and arterial carbon dioxide (PaCO(2)) in ventilated extremely low birth weight (ELBW) infants in the first week of life.'
 'Retrospective chart review of all ELBW (<1,000 g) infants admitted to a level III NICU from January 2003 to December 2003. Data collected included demographic details and simultaneous EtCO(2) (mainstream capnography) and arterial blood gas values (pH, PaCO(2), PaO(2)).'
 'The correlation coefficient, degree of bias with 95% confidence interval between the EtCO(2) and PaCO(2).'
 'There were 754 end-tidal and arterial CO(2) pairs from 31 ELBW infants (21 male and 10 female). The overall EtCO(2) values were significantly lower than PaCO(2) value. In only 89/754(11.8%) pairs, the EtCO(2) was higher than the PaCO(2). The overall bias was 5.6 +/- 6.9 mmHg (95% C.I. 5.11-6.09). The intraclass correlation coefficient was 0.81. Using EtCO2 ranges of 30 to 50 mmHg, the capnographic method was able to identify 84% of instances where PaCO(2) was between 35 (<35 = hypocarbia) and 55 mmHg (>55= hypercapnia).']",There is good correlation and agreement between end-tidal CO(2) and arterial CO(2) in ELBW infants in the EtCO(2) range 30-50 mmHg. End-tidal CO(2) monitoring can be helpful in trending or for screening abnormal PaCO(2) values in ELBW infants in first week of life.,End-tidal CO(2) measurements are unreliable in ELBW infants within the first week of life due to poor pulmonary circulation.,,
Pulmonary valve replacement in adults late after repair of tetralogy of fallot: are we operating too late?,"['The purpose of this study is to evaluate right ventricular (RV) volume and function after pulmonary valve replacement (PVR) and to address the issue of optimal surgical timing in these patients.'
 'Chronic pulmonary regurgitation (PR) following repair of tetralogy of Fallot (TOF) leads to RV dilation and an increased incidence of sudden cardiac death in adult patients.'
 'We studied 25 consecutive adult patients who underwent PVR for significant PR late after repair of TOF. Radionuclide angiography was performed in all at a mean of 8.2 months (+/- 8 months) before PVR and repeated at a mean of 28.0 months (+/- 22.8 months) after the operation. Right ventricular (RV) end-systolic volume (RVESV), RV end-diastolic volume (RVEDV) and RV ejection fraction (RVEF) were measured.'
 'Mean RVEDV, RVESV and RVEF remained unchanged after PVR (227.1 ml versus 214.9 ml, p = 0.74; 157.4 ml versus 155.4 ml, p = 0.94; 35.6% versus 34.7%, p = 0.78, respectively). Of the 10 patients with RVEF>or = 0.40 before PVR, 5 patients (50%) maintained a RVEF>or = 0.40 following PVR, whereas only 2 out of 15 patients (13%) with pre-operative values<0.40 reached an RVEF>or = 0.40 postoperatively (p<0.001).']","Right ventricular recovery following PVR for chronic significant pulmonary regurgitation after repair of TOF may be compromised in the adult population. In order to maintain adequate RV contractility, pulmonary valve implant in these patients should be considered before RV function deteriorates.","Pulmonary valve replacement should be delayed until there is clear evidence of right ventricular dilation and decreased function, to prevent unnecessary surgical interventions in asymptomatic patients.",medium,Incomplete Information
Do primary care physicians underprescribe antibiotics for peptic ulcer disease?,"['To determine how often primary care physicians prescribe eradication therapy for peptic ulcer disease (PUD) and nonulcer dyspepsia (NUD).'
 'During a 2-year period (1998-2000) we analyzed data concerning patients with PUD or NUD seen by 80 Italian primary care physicians uniformly distributed throughout the country. We classified patients as having a definitive or a presumptive diagnosis on the basis of the completeness of the diagnostic workup and interpreted the prescription of antibiotics for dyspepsia as evidence of attempted eradication of Helicobacter pylori.'
 'Consecutive ambulatory patients.'
 'The frequency with which predefined groups of patients received eradication therapy.'
 'Of 6866 patients, 690 (10%) received eradication therapy. Of 2162 patients with PUD, 596 (27.6%) received eradication therapy; of 4704 patients with NUD, however, only 94 (2%) received this treatment (P =.0001). A total of 341 (37.7%) of 904 PUD patients with a definitive diagnosis were given eradication therapy and 255 (20.3%) of 1258 PUD patients with a presumptive diagnosis were given therapy (P&lt.0001). In NUD patients, 7 of 743 (0.9%) with a definitive diagnosis received eradication therapy, while 87 (2.2%) of 3961 of those with a presumptive diagnosis were given the same therapy (P =.025).']","While Italian primary care physicians appropriately target eradication therapy for H pylori infection in patients with peptic ulcer disease rather than nonulcer disease, the intervention was still underused in these patients. Improvements in this prescribing behavior are needed.","Primary care physicians overprescribe antibiotics for peptic ulcer disease, leading to increased resistance rates among the bacterial population.",easy,Misinterpretation of #Question#
Doppler examination of uteroplacental circulation in early pregnancy: can it predict adverse outcome?,"['To determine whether spectral Doppler measurements obtained from bilateral uterine, arcuate, radial, and spiral arteries in early gestation correlate with adverse pregnancy outcome.'
 ""One hundred five pregnant women underwent transvaginal Doppler sonographic examination of uteroplacental circulation at 6-12 weeks' gestation. Resistance index (RI) and pulsatility index (PI) of bilateral uterine, arcuate, radial, and spiral arteries were measured. Diameters of gestational sac (GS) and yolk sac, crown-rump length (CRL), GS-CRL difference, and GS/CRL ratio were also recorded. Correlation was made with pregnancy outcome.""
 'Sixteen women developed adverse pregnancy outcome. In these women, right uterine artery PI and RI were significantly higher than in women with normal obstetrical outcome. Spiral artery PI and RI values were also higher, but the difference was not statistically significant. GS-CRL difference, GS/CRL ratio, and yolk sac diameters were significantly lower in this group.']",Transvaginal Doppler examination can detect hemodynamic changes in uteroplacental circulation associated with subsequent adverse pregnancy outcome.,"Transvaginal Doppler examination can predict adverse pregnancy outcomes by measuring the resistance index (RI) of the umbilical artery exclusively, showing significantly higher RI values in pregnancies that later developed adverse outcomes.",easy,Misinterpretation of #Question#
Is cholecystectomy really an indication for concomitant splenectomy in mild hereditary spherocytosis?,"['Children referred with symptomatic gallstones complicating HS between April 1999 and April 2009 were prospectively identified and reviewed retrospectively. During this period, the policy was to undertake concomitant splenectomy only if indicated for haematological reasons and not simply because of planned cholecystectomy.'
 'A total of 16 patients (mean age 10.4, range 3.7 to 16 years, 11 women) with HS and symptomatic gallstones underwent cholecystectomy. Three patients subsequently required a splenectomy for haematological reasons 0.8-2.5 years after cholecystectomy; all three splenectomies were performed laparoscopically. There were no postoperative complications in the 16 patients; postoperative hospital stay was 1-3 days after either cholecystectomy or splenectomy. The 13 children with a retained spleen remain under regular review by a haematologist (median follow-up 4.6, range 0.5 to 10.6 years) and are well and transfusion independent.']","The advice to perform a concomitant splenectomy in children with mild HS undergoing cholecystectomy for symptomatic gallstones needs revisiting. In the era of minimal access surgery, the need for splenectomy in such children should be judged on its own merits.",Performing a concomitant splenectomy during cholecystectomy for symptomatic gallstones in children with mild hereditary spherocytosis reduces the risk of future hemolytic crises and can lead to improved hematological outcomes.,,
Does minimal access major surgery in the newborn hurt less?,"[""Minimal access surgery (MAS) in adults is associated with less postoperative pain in comparison to conventional 'open' surgery. It is not known whether this holds true for neonates as well. Less pain would imply that opioid consumption can be reduced, which has a beneficial effect on morbidity.AIM: To evaluate potential differences in' opioid consumption between neonates undergoing thoracoscopic minimal access surgery or conventional surgery of esophageal atresia (EA) and congenital diaphragmatic hernia (CDH).""
 'In this retrospective cohort study we included two controls for each MAS patient, matched on diagnosis, sex and age at surgery. Opioid dose titration was based on validated pain scores (VAS and COMFORT behaviour), applied by protocol. Cumulative opioid doses at 12, 24, 48 h and 7 days postoperatively were compared between groups with the Mann-Whitney test.'
 'The study group consisted of 24 MAS patients (14 EA; 10 CDH). These were matched to 48 control patients (28 EA; 20 CDH). At none of the time points cumulative opioid (median in mg/kg (IQR)) doses significantly differed between MAS patients and controls, both with CDH and EA. For example at 24 h postoperative for CDH patients cumulative opioid doses were [0.84(0.61-1.83) MAS vs. 1.06(0.60-1.36) p=1.0] controls, For EApatients at 24 h the cumulative opioid doses were [0.48(0.30-0.75) MAS vs. 0.49(0.35-0.79) p=0.83] controls. This held true for the postoperative pain scores as well.']",Minimal access surgery for the repair of esophageal atresia or congenital diaphragmatic hernia is not associated with less cumulative opioid doses.,Minimal access surgery (MAS) in newborns significantly reduces postoperative pain as measured by lower opioid consumption rates.,,
Could different follow-up modalities play a role in the diagnosis of asymptomatic endometrial cancer relapses?,"['To determine current practice and to assess the value of routine follow-up procedures for endometrial cancer surveillance. To discuss whether such procedures are feasible and effective to identify asymptomatic recurrences and describe the pattern of relapse detected by procedures.'
 'The records of 282 consecutive women with recurrent endometrial cancer treated from 1986 to 2005 were retrospectively collected in 8 Italian institutions. Primary disease, clinical history, and recurrence features and data were analyzed.'
 'Thirty-five (12.4%) of 282 patients had recurrence in vaginal vault, 51 patients (18.0%) had recurrence in central pelvis, 14 patients (4.9%) had recurrence in pelvic wall, and 39 patients (13.8%) had recurrence in lymph nodes. One-hundred twenty-eight patients (45.3%) showed a distant relapse, whereas 15 patients (5.3%) developed both distant relapse and local relapse. The site of relapse influenced survival because the patients with vaginal vault recurrences lived significantly longer than the patients with recurrences in other sites. Eighty (28.4%) of the 282 patients became symptomatic and anticipated the scheduled visit, 37 (13.1 %) of the patients reported their symptoms during the follow-up meeting, and 165 (58.5 %) of the patients were asymptomatic and the diagnostic path was introduced by a planned visit or examination. Among the asymptomatic patients, the first procedure that led to further examinations was clinical visit alone for 60 (36.4%) of 165 patients, imaging for 103 patients (62.4%), and cytologic examination for 2 patients (1.2%). Symptoms at recurrence can predict survival: patients with an asymptomatic recurrence had a median survival time from relapse of 35 months versus 13 months if they had a symptomatic repetition (P = 0.0001).']","Follow-up after endometrial cancer treatment varies in Italy. In this retrospective study, women with asymptomatic recurrence have shown a better clinical outcome compared with those with symptomatic relapse. The optimal approach is actually unknown, and guidelines comparing follow-up protocols have not been established. Prospective cost-effectiveness studies are needed.","Different follow-up modalities significantly improve the early detection and management of asymptomatic endometrial cancer relapses, leading to better clinical outcomes.",,
Literacy after cerebral hemispherectomy: Can the isolated right hemisphere read?,"['Cerebral hemispherectomy, a surgical procedure undergone to control intractable seizures, is becoming a standard procedure with more cases identified and treated early in life [33]. While the effect of the dominant hemisphere resection on spoken language has been extensively researched, little is known about reading abilities in individuals after left-sided resection. Left-lateralized phonological abilities are the key components of reading, i.e., grapheme-phoneme conversion skills [1]. These skills are critical for the acquisition of word-specific orthographic knowledge and have been shown to predict reading levels in average readers as well as in readers with mild cognitive disability [26]. Furthermore, impaired phonological processing has been implicated as the cognitive basis in struggling readers. Here, we explored the reading skills in participants who have undergone left cerebral hemispherectomy.'
 'Seven individuals who have undergone left cerebral hemispherectomy to control intractable seizures associated with perinatal infarct have been recruited for this study. We examined if components of phonological processing that are shown to reliably separate average readers from struggling readers, i.e., phonological awareness, verbal memory, speed of retrieval, and size of vocabulary, show the same relationship to reading levels when they are mediated by the right hemisphere [2].'
 'We found that about 60% of our group developed both word reading and paragraph reading in the average range. Phonological processing measured by both phonological awareness and nonword reading was unexpectedly spared in the majority of participants. Phonological awareness levels strongly correlated with word reading. Verbal memory, a component of phonological processing skills, together with receptive vocabulary size, positively correlated with reading levels similar to those reported in average readers. Receptive vocabulary, a bilateral function, was preserved to a certain degree similar to that of strongly left-lateralized phonological skills [3]. Later seizure onset was associated with better reading levels.']","When cerebral hemispherectomy is performed to control seizures associated with very early (in utero) insult, it has been found that the remaining right hemisphere is still able to support reading and phonological processing skills that are normally mediated by the left hemisphere. Our results also suggest the existence of variability in individuals after hemispherectomy, even within groups having the same etiology and similar timing of insult.","The remaining right hemisphere often retains significant reading capabilities after left cerebral hemispherectomy, particularly due to enhanced neuroplasticity and compensatory mechanisms. However, the quality and extent of these reading skills can vary greatly among individuals.",,
Is Alveolar Macrophage Phagocytic Dysfunction in Children With Protracted Bacterial Bronchitis a Forerunner to Bronchiectasis?,"['Children with recurrent protracted bacterial bronchitis (PBB) and bronchiectasis share common features, and PBB is likely a forerunner to bronchiectasis. Both diseases are associated with neutrophilic inflammation and frequent isolation of potentially pathogenic microorganisms, including nontypeable Haemophilus influenzae (NTHi), from the lower airway. Defective alveolar macrophage phagocytosis of apoptotic bronchial epithelial cells (efferocytosis), as found in other chronic lung diseases, may also contribute to tissue damage and neutrophil persistence. Thus, in children with bronchiectasis or PBB and in control subjects, we quantified the phagocytosis of airway apoptotic cells and NTHi by alveolar macrophages and related the phagocytic capacity to clinical and airway inflammation.'
 'Children with bronchiectasis (n = 55) or PBB (n = 13) and control subjects (n = 13) were recruited. Alveolar macrophage phagocytosis, efferocytosis, and expression of phagocytic scavenger receptors were assessed by flow cytometry. Bronchoalveolar lavage fluid interleukin (IL) 1β was measured by enzyme-linked immunosorbent assay.'
 'For children with PBB or bronchiectasis, macrophage phagocytic capacity was significantly lower than for control subjects (P = .003 and P<.001 for efferocytosis and P = .041 and P = .004 for phagocytosis of NTHi; PBB and bronchiectasis, respectively); median phagocytosis of NTHi for the groups was as follows: bronchiectasis, 13.7% (interquartile range [IQR], 11%-16%); PBB, 16% (IQR, 11%-16%); control subjects, 19.0% (IQR, 13%-21%); and median efferocytosis for the groups was as follows: bronchiectasis, 14.1% (IQR, 10%-16%); PBB, 16.2% (IQR, 14%-17%); control subjects, 18.1% (IQR, 16%-21%). Mannose receptor expression was significantly reduced in the bronchiectasis group (P = .019), and IL-1β increased in both bronchiectasis and PBB groups vs control subjects.']",A reduced alveolar macrophage phagocytic host response to apoptotic cells or NTHi may contribute to neutrophilic inflammation and NTHi colonization in both PBB and bronchiectasis. Whether this mechanism also contributes to the progression of PBB to bronchiectasis remains unknown.,"Alveolar macrophage phagocytic dysfunction in children with protracted bacterial bronchitis (PBB) significantly contributes to chronic inflammation and the potential progression to bronchiectasis. Specifically, impaired phagocytosis can lead to the accumulation of pathogens, such as nontypeable Haemophilus influenzae (NTHi), and inflammatory mediators, perpetuating lung damage and increasing the risk of bronchiectasis.",,
The influence of atmospheric pressure on aortic aneurysm rupture--is the diameter of the aneurysm important?,"[""The rate of aortic aneurysm rupture correlates with the aneurysm's diameter, and a higher rate of rupture is observed in patients with larger aneurysms. According to the literature, contradictory results concerning the relationship between atmospheric pressure and aneurysm size have been reported.AIM: In this paper, we assessed the influence of changes in atmospheric pressure on abdominal aneurysm ruptures in relationship to the aneurysm's size.""
 'The records of 223 patients with ruptured abdominal aneurysms were evaluated. All of the patients had been admitted to the department in the period 1997-2007 from the Silesia region. The atmospheric pressures on the day of the rupture and on the days both before the rupture and between the rupture events were compared. The size of the aneurysm was also considered in the analysis.'
 'There were no statistically significant differences in pressure between the days of rupture and the remainder of the days within an analysed period. The highest frequency of the admission of patients with a ruptured aortic aneurysm was observed during periods of winter and spring, when the highest mean values of atmospheric pressure were observed; however, this observation was not statistically confirmed. A statistically non-significant trend towards the higher rupture of large aneurysms (>7 cm) was observed in the cases where the pressure increased between the day before the rupture and the day of the rupture. This trend was particularly pronounced in patients suffering from hypertension (p = 0.1).']",The results of this study do not support the hypothesis that there is a direct link between atmospheric pressure values and abdominal aortic aneurysm ruptures.,"Changes in atmospheric pressure significantly increase the risk of rupture in abdominal aortic aneurysms larger than 7 cm, particularly in hypertensive patients.",hard,Misinterpretation of #Question#
Is nasogastric decompression useful in prevention of leaks after laparoscopic sleeve gastrectomy?,"[""Although its excellent results, laparoscopic sleeve gastrectomy (LSG) presents major complications ranging from 0% to 29%. Among them, the staple line leak presents an incidence varying from 0% to 7%. Many trials debated about different solutions in order to reduce leaks' incidence. No author has investigated the role of gastric decompression in the prevention of this complication. Aim of our work is to evaluate if this procedure can play a role in avoiding the occurrence of staple line leaks after LSG.""
 'Between January 2008 and November 2012, 145 patients were prospectively and randomly included in the study. Seventy patients composed the group A, whose operations were completed with placement of nasogastric tube; the other 75 patients were included in the group B, in which no nasogastric tube was placed.'
 'No statistical differences were observed between group A and group B regarding gender distribution, age, weight, and BMI. No intraoperative complications and no conversion occurred in both groups. Intraoperative blood loss (50.1 ± 42.3 vs. 52.5 ± 37.6 ml, respectively) and operative time (65.4 ± 25.5 vs. 62.6 ± 27.8 min, respectively) were comparable between the two groups (p: NS). One staple line leak (1.4%) occurred on 6th postoperative day in group A patients. No leak was observed in group B patients. Postoperative hospital stay was significantly longer in group A vs. group B patients (7.6 ± 3.4 vs. 6.2 ± 3.1 days, respectively, p: 0.04).']",Routine placement of nasogastric tube in patients operated of LSG seems not useful in reducing leaks' incidence.,Routine placement of nasogastric tubes significantly decreases the risk of staple line leaks after laparoscopic sleeve gastrectomy.,,
Does health information exchange reduce redundant imaging?,"[""Broad-based electronic health information exchange (HIE), in which patients' clinical data follow them between care delivery settings, is expected to produce large quality gains and cost savings. Although these benefits are assumed to result from reducing redundant care, there is limited supporting empirical evidence.""
 'To evaluate whether HIE adoption is associated with decreases in repeat imaging in emergency departments (EDs).DATA SOURCE/'
 'ED discharge data from the State Emergency Department Databases for California and Florida for 2007-2010 were merged with Health Information Management Systems Society data that report hospital HIE participation.'
 'Using regression with ED fixed effects and trends, we performed a retrospective analysis of the impact of HIE participation on repeat imaging, comparing 37 EDs that initiated HIE participation during the study period to 410 EDs that did not participate in HIE during the same period. Within 3 common types of imaging tests [computed tomography (CT), ultrasound, and chest x-ray), we defined a repeat image for a given patient as the same study in the same body region performed within 30 days at unaffiliated EDs.'
 'In our sample there were 20,139 repeat CTs (representing 14.7% of those cases with CT in the index visit), 13,060 repeat ultrasounds (20.7% of ultrasound cases), and 29,703 repeat chest x-rays (19.5% of x-ray cases). HIE was associated with reduced probability of repeat ED imaging in all 3 modalities: -8.7 percentage points for CT [95% confidence interval (CI): -14.7, -2.7], -9.1 percentage points for ultrasound (95% CI: -17.2, -1.1), and -13.0 percentage points for chest x-ray (95% CI: -18.3, -7.7), reflecting reductions of 44%-67% relative to sample means.']",HIE was associated with reduced repeat imaging in EDs. This study is among the first to find empirical support for this anticipated benefit of HIE.,HIE was associated with increased repeat imaging in EDs due to system interoperability issues.,easy,Misinterpretation of #Question#
Does screening or surveillance for primary hepatocellular carcinoma with ultrasonography improve the prognosis of patients?,"['The purpose of this paper is to evaluate the efficacy of ultrasonographic screening for primary hepatocellular carcinoma.'
 'A total of 680 eligible cases were classified into three groups (surveillance, opportunistic, and symptomatic groups) according to their initial exposure. We used survival time, tumor morphology, and T staging as prognostic outcomes. The outcomes of screened/unscreened and sur veillance/nonsur veillance were compared with the use of the logistic regression model.'
 'The adjusted odds ratios for the screened group versus the unscreened group, with 1-, 2-, and 3-year survival time being used as outcomes, were 0.33 (95% confidence interval [CI], 0.21-0.52), 0.33 (95% CI, 0.21-0.53), and 0.37 (95% CI, 0.23-0.61), respectively. The adjusted odds ratios for surveillance versus nonsurveillance were 0.58 (95% CI, 0.35-0.97), 0.45 (95% CI, 0.27-0.74), and 0.44 (95% CI, 0.26-0.73). The odds ratios were even smaller when tumor morphology or T stage was taken as the main outcome. All these results were statistically significant. There were significant gradient relationships between prognostic outcomes and extent of screening history.']",The significant impact of ultrasonographic screening on mortality reduction was demonstrated. These findings strongly suggest that early detection of hepatocellular carcinoma by ultrasound may improve the prognosis of patients with hepatocellular carcinoma.,Ultrasonographic screening does not significantly improve the prognosis of hepatocellular carcinoma due to high variability in tumor detection accuracy.,,
Can dogs prime autistic children for therapy?,"['Canine-assisted therapy has been receiving growing attention as a means of aiding children with autism spectrum disorder (ASD). Yet, only limited studies have been done and a great deal of literature related to this intervention is anecdotal. The present study aims at providing additional quantitative evidence on the potential of dogs to positively modulate the behavior of children with ASD.SETTINGS/'
 'A 12-year-old boy diagnosed with ASD was exposed, at his usual treatment location (the Portuguese Association for Developmental Disorders and Autism at Vila Nova de Gaia, Portugal), to the following treatment conditions: (1) one-to-one structured activities with a therapist assisted by a certified therapy dog, and (2) one-to-one structured activities with the same therapist alone (as a control). To accurately assess differences in the behavior of the participant between these treatment conditions, the therapist followed a strict research protocol. The behavior of the participant was continuously video-recorded during both treatment conditions for further analysis and comparison. Treatment outcomes: In the presence of the dog, the participant exhibited more frequent and longer durations of positive behaviors (such as smiling and positive physical contacting) as well as less frequent and shorter durations of negative behaviors (such as aggressive manifestations).']","These findings are in accordance with previous experimental work and provide additional support for the assertion that dogs can prime autistic children for therapy. Ultimately, this study may contribute toward a change for full acceptance of canine-assisted therapy programs within the medical milieu. Additional studies using a similar research protocol on more autistic children will certainly help professionals to work on the most effective methods to individually serve this population through canine-assisted interventions.","Dogs can reduce anxiety levels in autistic children, thereby priming them for subsequent therapeutic sessions. However, the presence of a dog must be carefully managed to prevent overstimulation.",,
Should all patients be optimized to the same preoperative hemoglobin level to avoid transfusion in primary knee arthroplasty?,"['Optimization of the preoperative hemoglobin (Hb) level is an effective way to reduce allogeneic transfusion in total knee arthroplasty (TKA) though the procedure is expensive, requires close monitoring and is often inconvenient for patients with reduced mobility. Our aim was to investigate the value of preoperative Hb levels to predict transfusion and thereby tailoring Hb optimization to patient characteristics.'
 'All consecutive patients who undergone primary TKA in our center over 2\xa0years, and received tranexamic acid intraoperatively, were reviewed. The adjusted association between preoperative Hb levels and transfusion was assessed by multivariate logistic regression, and the estimated probability of transfusion for individual patients was derived from the logistic model.'
 'Out of the 784 patients who meet the inclusion criteria, risk of transfusion was associated with poorer performance status, as measured by the America Association of Anestesiology (ASA) score III/IV (OR: 3·3, P\xa0<\xa00·001) and lower preoperative Hb level (OR 3·8 for each g/dl below 13\xa0g/dl; P\xa0<\xa00·001). According to the Hb level, the estimated probability of transfusion was 0·03 (range: 0·03-0·64) for ASA I/II patients and 0·10 (range: 0·10-0·84) for ASA III/IV.']","Not all the patients undergoing TKA who receive tranexamic acid need the same preoperative Hb optimization target. Two easily available factors, such as the ASA score and the Hb level, can help individualize the Hb optimization target.","Not all patients undergoing total knee arthroplasty (TKA) need the same preoperative hemoglobin (Hb) level optimization, particularly when considering the routine administration of tranexamic acid. Hemoglobin optimization should be individualized based on patient-specific factors including the ASA score and the presence of specific comorbidities like hypertension and chronic kidney disease.",medium,Incomplete Information
Does vaginal intraepithelial neoplasia have the same evolution as cervical intraepithelial neoplasia?,"['Vaginal intraepithelial neoplasia is a little known disease which could be related to risk factors different from simple HPV infections.'
 'To ascertain wheter vaginal lesions have a natural history similar to cervical lesions.MATERIALS &'
 'A retrospective study to identify patients with vaginal lesions and synchronous cervical lesions through biopsy. The rate of mild cervical lesions (koilocytosis, warts, CIN I with and without koilocytosis) was compared with the rate of severe cervical lesions (CIN II and III, cervical carcinoma) in patients with mild vaginal lesions (warts and koilocytosis, and low-grade VAIN) and in patients with severe vaginal lesions (high-grade VAIN). Using koilocytosis as a marker, the rate of ""active"" cervical lesions was compared with the rate of ""non active"" cervical lesions in patients with ""active"" versus ""non active"" vaginal lesions. Finally, the rates of mild and severe cervical lesions were compared among each group of VAIN (low-grade, high-grade, with or without koilocytosis).'
 'In patients with mild vaginal lesions, mild cervical lesions were significantly more frequent than severe cervical lesions. In patients with ""active"" vaginal lesions the rate of ""active"" cervical lesions was significantly higher than ""non active"" cervical lesions. The differences in rates of mild cervical lesions and severe cervical lesions among patients with high-grade VAIN and low-grade VAIN (with and without koilocytosis) were not significant.']","These data suggest that CIN and VAIN may have some common features in certain cases, i.e., if an HPV infection is proved.","The progression of vaginal intraepithelial neoplasia (VAIN) is predominantly influenced by hormonal factors rather than HPV infection, unlike cervical intraepithelial neoplasia (CIN).",medium,Misinterpretation of #Question#
Antral follicle assessment as a tool for predicting outcome in IVF--is it a better predictor than age and FSH?,"['The purpose of this study is to determine if baseline antral follicle assessment may serve as additional information in predicting in vitro fertilization outcome.'
 'Prospective, descriptive preliminary study of in vitro fertilization outcome. From July 1998 to July 1999, 224 patients underwent antral follicle assessment (follicle 2-6 mm in diameter) on baseline of the planned, stimulated in vitro fertilization cycle. The outcomes were analyzed with respect to antral follicle assessment (<or = 6 or>6), basal cycle day 3 follicle stimulated hormone (<or = 10 or>10 IU/L) and maternal age (<or = 35 or>35 years).'
 'The clinical pregnancy rate was significantly higher in the group with baseline antral follicle>6 compared to that in the group with antral follicle<or = 6 (51% vs. 19%, respectively). Controlling for patient age, and basal follicle stimulated hormone, the pregnancy rate was significantly higher in the group with antral follicle>6 compared to that in the group with antral follicle<or = 6. The cancellation rate was significantly increased with advancing maternal age, elevated basal follicle stimulated hormone levels, and baseline antral follicle<or = 6. The cancellation rate was significantly higher in the group with antral follicle<or = 6 compared to that in the group with antral follicle>or = 6 (33% vs. 1%, respectively).']","In vitro fertilization outcome is strongly correlated with both maternal ages, basal cycle, day 3 follicle, stimulated hormone, and antral follicle assessment. Antral follicle assessment was a better predictor of in vitro fertilization outcome than were age or follicle stimulated hormone. Antral follicle assessment may provide a marker for ovarian age that is distinct from chronological age or hormonal markers.","In vitro fertilization (IVF) outcomes are significantly influenced by the antral follicle count, with higher counts generally correlating with better success rates. A significant factor is that antral follicle count can predict ovarian response more accurately than age or FSH levels alone. Research indicates that women with an antral follicle count greater than six exhibit higher clinical pregnancy rates, even after adjusting for age and FSH levels.",,
Do nontriploid partial hydatidiform moles exist?,"['To study whether nontriploid partial hydatidiform moles truly exist.'
 'We conducted a reevaluation of pathology and ploidy in 19 putative nontriploid partial hydatidiform moles using standardized histologic diagnostic criteria and repeat flow cytometric testing by the Hedley technique.'
 'On review of the 19 moles, 53% (10/19) were diploid nonpartial moles (initially pathologically misclassified), and 37% (7/19) were triploid partial moles (initial ploidy misclassifications). One additional case (5%) was a diploid early complete mole (initially pathologically misclassified).']",Nontriploid partial moles probably do not exist: careful reevaluation of putative specimens will probably uncover pathologic or ploid errors in almost all cases.,Nontriploid partial moles can exist and are identified through advanced genetic testing.,,
Discharging patients earlier from Winnipeg hospitals: does it adversely affect quality of care?,"['To determine whether decreasing lengths of stay over time for selected diagnostic categories were associated with increased hospital readmission rates and mean number of physician visits after discharge.'
 'Retrospective descriptive study.'
 'The seven large (125 beds or more) acute care hospitals in Winnipeg.'
 'Manitoba residents admitted to any one of the seven hospitals because acute myocardial infarction (AMI), bronchitis or asthma, transurethral prostatectomy (TURP) and uterine or adnexal procedures for nonmalignant disease during the fiscal years 1989-90 to 1992-93. Patients from out of province, those who died in hospital, those with excessively long stays (more than 60 days) and those who were transferred to or from another institution were excluded.'
 'Length of hospital stay, and rate of readmission within 30 days after discharge for all four categories and mean number of physician visits within 30 days after discharge for two categories (AMI and bronchitis or asthma.'
 'The length of stay decreased significantly over the 4 years for all of the four categories, the smallest change being observed for patients with AMI (11.1%) and the largest for those with bronchitis or asthma (22.0%). The readmission rates for AMI, bronchitis or asthma, and TURP showed no consistent change over the 4 years. The readmission rate for uterine or adnexal procedures increased significantly between the first and second year (chi 2 = 4.28, p = 0.04) but then remained constant over the next 3 years. The mean number of physician visits increased slightly for AMI in the first year (1.92 to 2.01) and then remained virtually the same. It decreased slightly for bronchitis or asthma over the 4 years. There was no significant correlation between length of stay and readmission rates for individual hospitals in 1992-93 in any of the four categories. Also, no correlation was observed between length of stay and mean number of physician visits for individual hospitals in 1992-93 in the categories AMI and bronchitis or asthma.']",Improving hospital efficiency by shortening length of stay does not appear to result in increased rates of readmission or numbers of physician visits within 30 days after discharge from hospital. Research is needed to identify optimal lengths of stay and expected readmission rates.,Shortening the length of stay in hospitals increases the risk of patient readmission and leads to a higher number of physician visits within 30 days post-discharge.,hard,Misinterpretation of #Question#
Is primary angioplasty an acceptable alternative to thrombolysis?,"['The National Infarct Angioplasty Project assessed the feasibility of establishing a comprehensive primary angioplasty service. We aimed to compare satisfaction at intervention hospitals offering angioplasty-based care and control hospitals offering thrombolysis-based care.'
 'Mixed methods, with postal survey of patients and their carers, supported by semi-structured interviews.'
 'Survey of 682 patients and 486 carers, and interviews with 33 patients and carers, in eight English hospitals.'
 'Primary angioplasty or thrombolysis.' 'Satisfaction with treatment.'
 ""Responses were received from 595/682 patients (87%) and 418/486 carers (86%). Satisfaction with overall care was high at both intervention and control sites (78% vs. 71% patients rated their care as 'excellent', P = 0.074). Patient satisfaction was higher at intervention sites for some aspects of care such as speed of treatment (80% vs. 67%'excellent', P = 0.001). Convenience of visiting was rated lower at intervention sites by carers (12% vs. 1%'poor', P = 0.001). During interviews, carers reported that they accepted the added inconvenience of visiting primary angioplasty sites in the context of this life-saving treatment. Patient satisfaction with discharge and aftercare was lower in both treatment groups than for other aspects of care.""]","Reorganization of care to offer a primary angioplasty service was acceptable to patients and their carers. Satisfaction levels were high regardless of the type of care received, with the exception of discharge and aftercare.",Primary angioplasty is considered superior to thrombolysis due to significantly lower rates of reocclusion and reduced need for repeat procedures.,hard,Misinterpretation of #Question#
Advanced epithelial ovarian carcinoma in Thai women: should we continue to offer second-look laparotomy?,"['To determine survival among patients with epithelial ovarian carcinoma (EOC) who underwent a second-look laparotomy (SLL) and those refusing the procedure. Also to analyze factor(s) influencing the survival of the patients.'
 'Medical records were reviewed of patients with advanced EOC who were clinically free of disease after primary surgery and platinum-based chemotherapy between January 1, 1992, and December 31, 1998. All of them were offered SLL. Measurement outcomes include patient survival and disease-free survival.'
 ""There were 50 patients with clinically complete remission after chemotherapy. Sixteen patients underwent SLL, and thirty-four patients refused the procedure (NSLL). Seven patients (43.8%) were reported to have positive SLL. After the median follow-up time of 35 months, 12 patients had died, and 5 patients were lost to follow-up. The median survival time for patients with SLL was about 60 months. Five-year survival rates of patients in the SLL, and NSLL groups were 37 per cent (95%CI = 7%-69%), and 88 per cent (95%CI = 65%-96%) respectively (P<0.001). The median time to relapse was about 25 months for patients with negative SLL. Five-year disease-free survival rates of patients in the negative SLL, and NSLL groups were 28 per cent (95%CI = 4%-59%), and 54 per cent (95%CI = 34%-70%) respectively (P=0.251). By Cox regression analysis, tumor grade was the only significant prognostic factor influencing patients' survival (HR = 6, 95%CI of HR = 1.2-34.2).""]",The second-look laparotomy doesn't have a favorable impact on overall and disease-free survival. Tumor grade is the only independent prognostic variable for survival of the patients.,Second-look laparotomy significantly improves the five-year survival rate and reduces the incidence of local recurrence in Thai women with advanced epithelial ovarian carcinoma.,medium,Misinterpretation of #Question#
Is obesity a risk factor for wheezing among adolescents?,"['To investigate the effect of obesity at the start of adolescence on the prevalence, incidence and maintenance of chest wheezing among individuals aged 11-15 years in a birth cohort in a developing country.'
 'The seventh follow-up of the 1993 Pelotas birth cohort occurred in 2004 (individuals aged 10-11 years). Between January and August 2008, the eighth follow-up of the cohort was conducted. All the individuals of the original cohort who were alive (who were then adolescents aged between 14 and 15 years) were targets for the study. The International Study of Asthma and Allergies in Childhood (ISAAC) questionnaire was used to define wheezing. In addition to the body mass index (BMI), used to define obesity by the World Health Organization (WHO) criteria, we assessed skinfold thickness.'
 'From the original cohort, 4,349 individuals were located (85.7% follow-up rate). The prevalence of chest wheezing at 11 and 15 years were 13.5% (95% CI: 12.5%-14.5%) and 12.1% (95% CI: 11.1%-13.1%), respectively. The prevalence of wheezing at both times was 4.5% (95% CI: 3.9%-5.1%) and the incidence of wheezing was 7.5% (95% CI: 6.7%-8.3%). Independent of the effect of various confounding variables, the prevalence of wheezing at 15 years was 50% greater among obese individuals than among eutrophic individuals at 11 years (RR 1.53; 95% CI: 1.14-2.05). The greater the skinfold tertile at 11 years, the higher the prevalence of wheezing at 15 years was (p = .011). Weight status and skinfolds did not present any association with incident wheezing. After controlling for confounding factors, the risk of persistent wheezing among obese individuals at 11 years was 1.82 (95% CI: 1.30-2.54).']","Since obesity at the start of adolescence is associated with asthma symptom persistence, prevention and treatment of obesity may reduce avoidable healthcare costs and disease burden.",Obesity is inversely associated with the development of wheezing symptoms in adolescents.,medium,Misinterpretation of #Question#
Is there awareness of pharmaceutical expenditure in the reformed primary care system?,"['To evaluate the effectiveness of feeding information on pharmacy back to primary care doctors in order to create awareness (knowledge) of pharmaceutical expenditure (PE).'
 'Retrospective cross-sectional study, through personal interview.'
 'Reformed PC, Sabadell, Barcelona.'
 'The 80 PC doctors working with primary care teams.'
 'As the personal feed-back on PE, each doctor was asked for the PE generated during 1997 and the mean cost of prescriptions to active and pensioner patients. The statistical test used was the t test to compare means for paired data, with p<0.05 the required level of significance.'
 ""Out of the total doctors interviewed (80), 71 replies were obtained for the annual PE and 76 for the mean cost of prescriptions, for both active and pensioner patients. Significant differences were found between the annual PE in reality and doctors' estimates: around twelve million pesetas. The differences between the real mean costs of prescription and the estimates were also significant.""]","In view of the results, it is concluded that there is no awareness of PE among the doctors in the reformed PC in our area. This poses a question over the efficacy of feed-back of pharmacy information in order to create this awareness. This information needs to be more frequent and richer in content, and to be complemented by other measures.","The study indicates that there is a moderate level of awareness regarding pharmaceutical expenditure among the doctors in the reformed primary care system, though there are still discrepancies between their estimations and actual figures.",hard,Misinterpretation of #Question#
The HELPP syndrome--evidence of a possible systemic inflammatory response in pre-eclampsia?,"['The principal causes of morbidity and mortality during pregnancy in Mexico, are preeclampsia/eclampsia, obstetric hemorrhage and puerperium complications; this is, 62% of maternal deaths in last years. HELLP syndrome was observed between 5 to 25% of the mortality in pregnancies of 36 weeks or less.'
 ""To analyze patients with HELLP syndrome in ICU's (Intensive Care Unit) of a Gynecology and Obstetric Hospital, related to the abnormal hematological, hepatic and renal results with the obstetric case history and the clinical complications.""
 'A transversal study in patients with HELLP syndrome during 1998 and 1999 were carry out.'
 'Peripheral blood with Microangiopathic hemolysis, elevated liver enzymes: AST, ALT over 40 UI/L, even when were LDH lower than 600 UI/L. It was evaluated the hepatic and renal function, platelets count, microangiopathic hemolysis, arterial pressure, seizures, icteric skin color, blindness, visual disturbances, nausea, vomiting and upper quadrant right abdominal pain. In newborn we analyzed gestational age, sex, weight and APGAR. We studied for an association between maternal and biochemical variables with Correlation Pearson Test, and dependence between variables with lineal regression model.'
 '2878 patients with hypertensives disorders in pregnancy (11.64%). The 1.15% (n = 33) had HELLP syndrome with specific maternal mortality of 0.4 per 10,000 live birth, perinatal mortality of 1.62 per 10,000 live birth; and renal damage in 84.5%. Coefficient beta was higher between number of pregnancies to platelets count (-0.33) and creatinine clearance (-0.401).']","We found an important renal damage, low platelets, elevated liver enzymes in women with two or more pregnancies. Then we propose there are similarities between HELLP syndrome and Systemic Inflammatory Response Syndrome (SIRS) because they could have the same pathophysiology.","Elevated levels of serum ferritin and C-reactive protein were observed in women with HELLP syndrome, suggesting an underlying hypercoagulable state rather than a systemic inflammatory response.",hard,Mechanism and Pathway Misattribution
"""Occult"" posttraumatic lesions of the knee: can magnetic resonance substitute for diagnostic arthroscopy?","['We investigated the actual role of MRI versus arthroscopy in the detection and characterization of occult bone and/or cartilage injuries in patients with previous musculoskeletal trauma of the knee, pain and severe functional impairment. Occult post-traumatic osteochondral injuries of the knee are trauma-related bone and/or cartilage damage missed at plain radiography.'
 'We retrospectively selected 70 patients (men:women = 7:3; age range: 35 +/- 7 years) with a history of acute musculoskeletal trauma, negative conventional radiographs, pain and limited joint movements. All patients were submitted to conventional radiography, arthroscopy and MRI, the latter with 0.5 T units and T1-weighted SE. T2-weighted GE and FIR sequences with fat suppression.'
 'We identified three types of occult post-traumatic injuries by morpho-topographic and signal intensity patterns: bone bruises (no. 25), subchondral (no. 33) and osteochondral (no. 35) injuries. Arthroscopy depicted 45 osteochondral and 19 chondral injuries. A bone bruise was defined as a typical subcortical area of signal loss, with various shapes, on T1-weighted images and of increased signal intensity on T2-weighted and FIR images. The cortical bone and articular cartilage were normal in all cases, while osteochondral injuries exhibited associated bone and cartilage damage with the same abnormal MR signal intensity. Sprain was the mechanism of injury in 52 cases, bruise in 12 and stress in 6. In 52 sprains (30 in valgus), the injury site was the lateral compartment in 92.3% of cases (100% in valgus), associated with meniscal damage in 73% of cases (90% in valgus) and with ligament injury in 90.4% (100% in valgus). In 12 bruises, the injury site was the lateral compartment in 58.3% of cases, the knee cap in 25% and the medial compartment in 16.7%; meniscal damage was associated in 25% of cases and ligament damage in 8.3%. In 6 stress injuries, the injury site was localized in the medial tibial condyle in 80% of cases, while meniscal and ligament tears were absent.']","After comparing MR with arthroscopic findings and reviewing the available literature, we conclude that arthroscopy permits the direct visualization of even fine articular surface changes but does not depict the subchondral bone, the most frequent site of injury detected with MRI. MRI was a very useful tool in the detection and characterization of the different types of occult bone and/or cartilage injuries and showed a statistically significant correlation between site and distribution of bone and cartilage injuries and between internal damage and trauma mechanisms. Therefore, we believe that MRI can help avoid diagnostic arthroscopy in the patients with a history of post-traumatic pain, acute articular blocks and negative radiographic findings.",Diagnostic arthroscopy remains the gold standard for detecting occult post-traumatic injuries of the knee due to its superior ability to visualize the full extent of cartilage damage and provide therapeutic interventions simultaneously.,easy,Misinterpretation of #Question#
Are income-related differences in active travel associated with physical environmental characteristics?,"['Rates of active travel vary by socio-economic position, with higher rates generally observed among less affluent populations. Aspects of both social and built environments have been shown to affect active travel, but little research has explored the influence of physical environmental characteristics, and less has examined whether physical environment affects socio-economic inequality in active travel. This study explored income-related differences in active travel in relation to multiple physical environmental characteristics including air pollution, climate and levels of green space, in urban areas across England. We hypothesised that any gradient in the relationship between income and active travel would be least pronounced in the least physically environmentally-deprived areas where higher income populations may be more likely to choose active transport as a means of travel.'
 'Adults aged 16+ living in urban areas (n\u2009=\u200920,146) were selected from the 2002 and 2003 waves of the UK National Travel Survey. The mode of all short non-recreational trips undertaken by the sample was identified (n\u2009=\u2009205,673). Three-level binary logistic regression models were used to explore how associations between the trip being active (by bike/walking) and three income groups, varied by level of multiple physical environmental deprivation.'
 ""Likelihood of making an active trip among the lowest income group appeared unaffected by physical environmental deprivation; 15.4% of their non-recreational trips were active in both the least and most environmentally-deprived areas. The income-related gradient in making active trips remained steep in the least environmentally-deprived areas because those in the highest income groups were markedly less likely to choose active travel when physical environment was 'good', compared to those on the lowest incomes (OR\u2009=\u20090.44, 95% CI\u2009=\u20090.22 to 0.89).""]","The socio-economic gradient in active travel seems independent of physical environmental characteristics. Whilst more affluent populations enjoy advantages on some health outcomes, they will still benefit from increasing their levels of physical activity through active travel. Benefits of active travel to the whole community would include reduced vehicle emissions, reduced carbon consumption, the preservation or enhancement of infrastructure and the presentation of a 'normalised' behaviour.","Income-related differences in active travel are significantly influenced by the quality of public transportation systems, which are often better developed in more affluent areas. This leads to lower reliance on active travel modes like walking and cycling.",,
Do elderly patients benefit from surgery in addition to radiotherapy for treatment of metastatic spinal cord compression?,"['Treatment of elderly cancer patients has gained importance. One question regarding the treatment of metastatic spinal cord compression (MSCC) is whether elderly patients benefit from surgery in addition to radiotherapy? In attempting to answer this question, we performed a matched-pair analysis comparing surgery followed by radiotherapy to radiotherapy alone.'
 'Data from 42 elderly (age>\u200965 years) patients receiving surgery plus radiotherapy (S\u2009+\u2009RT) were matched to 84 patients (1:2) receiving radiotherapy alone (RT). Groups were matched for ten potential prognostic factors and compared regarding motor function, local control, and survival. Additional matched-pair analyses were performed for the subgroups of patients receiving direct decompressive surgery plus stabilization of involved vertebrae (DDSS, n\u2009=\u200981) and receiving laminectomy (LE, n\u2009=\u200945).'
 'Improvement of motor function occurred in 21% after S\u2009+\u2009RT and 24% after RT (p\u2009=\u20090.39). The 1-year local control rates were 81% and 91% (p\u2009=\u20090.44), while the 1-year survival rates were 46% and 39% (p\u2009=\u20090.71). In the matched-pair analysis of patients receiving DDSS, improvement of motor function occurred in 22% after DDSS\u2009+\u2009RT and 24% after RT alone (p\u2009=\u20090.92). The 1-year local control rates were 95% and 89% (p\u2009=\u20090.62), and the 1-year survival rates were 54% and 43% (p\u2009=\u20090.30). In the matched-pair analysis of patients receiving LE, improvement of motor function occurred in 20% after LE\u2009+\u2009RT and 23% after RT alone (p\u2009=\u20090.06). The 1-year local control rates were 50% and 92% (p\u2009=\u20090.33). The 1-year survival rates were 32% and 32% (p\u2009=\u20090.55).']","Elderly patients with MSCC did not benefit from surgery in addition to radiotherapy regarding functional outcome, local control of MSCC, or survival.",Elderly patients with MSCC experienced significant improvements in functional outcomes and local control rates with the addition of surgery to radiotherapy.,,
Does lung ischemia and reperfusion have an impact on coronary flow?,"['Ischemia-reperfusion (IR) injury remains a major cause of early morbidity and mortality after lung transplantation with poorly documented extrapulmonary repercussions. To determine the hemodynamic effect due to lung IR injury, we performed a quantitative coronary blood-flow analysis in a swine model of in situ lung ischemia and reperfusion.'
 'In 14 healthy pigs, blood flow was measured in the ascending aorta, left anterior descending (LAD), circumflex (Cx), right coronary artery (RCA), right common carotid artery (RCCA), and left internal mammary artery (LIMA), along with left-and right-ventricular pressures (LVP and RVP), aortic pressure (AoP), and pulmonary artery pressure (PAP). Cardiac Troponin (cTn), interleukin 6 and 10 (IL-6 and IL-10), and tumor necrosis factor A (TNF-A) were measured in coronary sinus blood samples. The experimental (IR) group (n=10) underwent 60 min of lung ischemia followed by 60 min of reperfusion by clamping and releasing the left pulmonary hilum. Simultaneous measurements of all parameters were made at baseline and during IR. The control group (n=4) had similar measurements without lung IR.'
 'In the IR group, total coronary flow (TCF=LAD+Cx+RCA blood-flow) decreased precipitously and significantly from baseline (113±41 ml min""1) during IR (p<0.05), with the lowest value observed at 60 min of reperfusion (-37.1%, p<0.003). Baseline cTn (0.08±0.02 ng ml(-1)) increased during IR and peaked at 45 min of reperfusion (+138%, p<0.001). Baseline IL-6 (9.2±2.17 pg ml(-1)) increased during IR and peaked at 60 min of reperfusion (+228%, p<0.0001). Significant LVP drop at 5 min of ischemia (p<0.05) was followed by a slow return to baseline at 45 min of ischemia. A second LVP drop occurred at reperfusion (p<0.05) and persisted. Conversely, RVP increased throughout ischemia (p<0.05) and returned toward baseline during reperfusion. Coronary blood flow and hemodynamic profile remained unchanged in the control group. IL-10 and TNF-A remained below the measurable range for both the groups.']","In situ lung IR has a marked negative impact on coronary blood flow, hemodynamics, and inflammatory profile. In addition, to the best of our knowledge, this is the first study where coronary blood flow is directly measured during lung IR, revealing the associated increased cardiac risk.","Lung ischemia and reperfusion significantly alter coronary blood flow through mechanisms involving the disruption of local vascular endothelial function and the release of vasoconstrictive mediators. These factors can lead to a 40% reduction in coronary flow during reperfusion, as documented in a 2019 study in the *American Journal of Physiology*.",hard,Mechanism and Pathway Misattribution
Does exercise during pregnancy prevent postnatal depression?,"['To study whether exercise during pregnancy reduces the risk of postnatal depression.'
 'Randomized controlled trial.'
 'Trondheim and Stavanger University Hospitals, Norway.'
 'Eight hundred and fifty-five pregnant women were randomized to intervention or control groups.'
 'The intervention was a 12 week exercise program, including aerobic and strengthening exercises, conducted between week 20 and 36 of pregnancy. One weekly group session was led by physiotherapists, and home exercises were encouraged twice a week. Control women received regular antenatal care.'
 'Edinburgh Postnatal Depression Scale (EPDS) completed three months after birth. Scores of 10 or more and 13 or more suggested probable minor and major depression, respectively.'
 'Fourteen of 379 (3.7%) women in the intervention group and 17 of 340 (5.0%) in the control group had an EPDS score of ≥10 (p=0.46), and four of 379 (1.2%) women in the intervention group and eight of 340 (2.4%) in the control group had an EPDS score of ≥13 (p=0.25). Among women who did not exercise prior to pregnancy, two of 100 (2.0%) women in the intervention group and nine of 95 (9.5%) in the control group had an EPDS score of ≥10 (p=0.03).']","We did not find a lower prevalence of high EPDS scores among women randomized to regular exercise during pregnancy compared with the control group. However, a subgroup of women in the intervention group who did not exercise regularly prior to pregnancy had a reduced risk of postnatal depression.","Regular exercise during pregnancy significantly reduces the risk of postnatal depression in all participants, with no observed adverse effects on maternal or fetal outcomes.",easy,Incomplete Information
Are octogenarians at high risk for carotid endarterectomy?,"['Several prospective randomized trials have proved carotid endarterectomy to be safe and effective for both symptomatic and asymptomatic patients younger than 80 years of age. Recently, carotid artery stenting (CAS) has been approved for use in selected high-risk patients. It has been proposed that being an octogenarian places patients in this high-risk category.'
 'All patients between the ages of 80 to 89 years undergoing carotid endarterectomy during a 12-year period were included in the study. Information included indications for carotid endarterectomy, associated risk factors, length of stay, and hospital course. Perioperative morbidity and mortality, including neurologic events and myocardial infarction, were recorded.'
 'A total of 103 carotid endarterectomies were performed in 95 octogenarians. Procedures were performed on 59 men and 36 women. Indications for operation included symptomatic carotid stenosis in 44 patients (43%) and asymptomatic carotid stenosis in 59 (57%). Associated risk factors included diabetes mellitus (17%), hypertension (76%), coronary artery disease (28%), hyperlipidemia (39%), and history of smoking (42%). There were 4 perioperative neurologic complications, which included 1 transient ischemic attack (0.97%), 2 minor strokes (1.94%), and 1 major stroke (0.97%). There were no deaths.']",Combined end points for adverse events are acceptable in the octogenarian. Carotid endarterectomy remains the gold standard for treatment of extracranial carotid disease in all age groups. Age alone should not place patients in the high-risk category for carotid endarterectomy.,"Octogenarians face significantly higher risks of adverse neurological events due to comorbidities like diabetes and hypertension, making them a high-risk group for carotid endarterectomy.",hard,Misinterpretation of #Question#
Does route of delivery affect maternal and perinatal outcome in women with eclampsia?,"['The route of delivery in eclampsia is controversial. We hypothesized that adverse maternal and perinatal outcomes may not be improved by early cesarean delivery.'
 'This was a randomized controlled exploratory trial carried out in a rural teaching institution. In all, 200 eclampsia cases, carrying ≥34 weeks, were allocated to either cesarean or vaginal delivery. Composite maternal and perinatal event rates (death and severe morbidity) were compared by intention-to-treat principle.'
 'Groups were comparable at baseline with respect to age and key clinical parameters. Maternal event rate was similar: 10.89% in the cesarean arm vs 7.07% for vaginal delivery (relative risk, 1.54; 95% confidence interval, 0.62-3.81). Although the neonatal event rate was less in cesarean delivery-9.90% vs 19.19% (relative risk, 0.52; 95% confidence interval, 0.25-1.05)-the difference was not significant statistically.']","A policy of early cesarean delivery in eclampsia, carrying ≥34 weeks, is not associated with better outcomes.",Early cesarean delivery in eclampsia significantly reduces the incidence of neonatal seizures and intracranial hemorrhage.,hard,Incomplete Information
Can bisphosphonate treatment be stopped in a growing child with skeletal fragility?,"['Cyclical pamidronate therapy in a 2-year-old child with skeletal fragility resulted in remodelling of vertebral fractures and improvement in bone mineral density (BMD) at distal radial and spinal sites. The BMD at both sites decreased precipitously within 24 months of stopping treatment, raising the question as to whether bisphosphonates can be stopped in a growing child with skeletal fragility.'
 'At age 23 months, a male toddler sustained a low trauma fracture of his right femur. Skeletal radiographs revealed generalised osteopenia with multiple vertebral body fractures. He was diagnosed with type IV osteogenesis imperfecta; however, no mutations were found in COL1A1 or COL1A2 genes.'
 'This case report presents bone densitometry data before, during and after bisphosphonate treatment. Axial QCT was main outcome from 2 years of age; DXA and pQCT were taken after age 5.'
 'QCT confirmed that he had low spinal trabecular volumetric BMD (Z-score -2.4). After 4 years of treatment his vertebral fractures had been remodelled and all bone densitometry values (QCT, DXA and pQCT) were within normal range and therefore treatment was discontinued. Shortly after this he suffered stress fractures of his left mid tibia and at the sclerotic metaphyseal line corresponding to his first APD treatment. He had marked reduction in spinal trabecular and distal radial vBMD; change in BMAD was less marked.']",The patient has been restarted on IV APD therapy. This case has led us to consider whether bisphosphonate therapy can be discontinued in a child with fragility fractures before his/her linear growth has ceased?,Studies suggest that bisphosphonate therapy can be safely discontinued after a minimum of five years of treatment in growing children with skeletal fragility.,hard,Incomplete Information
Do microbiological factors account for poor pregnancy outcome among unmarried pregnant women in Poland?,"['Being unmarried is a well-known risk factor for poor pregnancy outcome such as preterm delivery and intrauterine growth restriction. The aim of this prospective study was to assess the prevalence and risk of bacterial vaginosis (BV) and selected bacteria isolated from the lower genital tract and to determine the socioeconomic and microbiological characteristics that might be responsible for poor pregnancy outcome observed among unmarried pregnant women.'
 ""The study population comprised 196 pregnant women attending 10 randomly selected outpatient maternity units in the Lodz region, central Poland. Cervicovaginal samples were obtained between 8 and 16 weeks of gestation. Based on Spiegel's criteria, gram-stained vaginal smears were examined for BV and the BV-associated flora was sought by culture. To evaluate the risk factors, relative risk ratios were calculated using EPI INFO software.""
 'Among 196 pregnant women, 40 (20.4%) were unmarried. BV was diagnosed among 55 (28.1%) women studied. In the univariate analysis, unmarried pregnant women were characterized by younger age, primary educational level, poor economic situation and excessive smoking during pregnancy, as compared to married women. The unmarried status was a borderline risk factor for BV (OR = 1.83, 95% CI 0.94-4.9) after adjustment for age, smoking and education. An analysis of the microbiological culture from the lower genital tract revealed that unmarried pregnant women had a higher risk for several types of pathological microflora, as compared to married women. However, this finding was significant only for Mycoplasma hominis. The independent risk factors of M. hominis were the young age of the subject and a low concentration of Lactobacillus spp.']","The observed socioeconomic, demographic and microbiological differences between unmarried and married women could be responsible for the poor pregnancy outcome among unmarried pregnant women in Poland. Unmarried pregnant women should be covered by comprehensive medical care even before pregnancy. Further studies taking into account the role of psychological stress, patterns of sexual behavior and substance abuse during pregnancy could help identify the factors responsible for adverse pregnancy outcome among unmarried pregnant women.","Microbiological factors, particularly the presence of Chlamydia trachomatis, are significantly associated with poor pregnancy outcomes among unmarried pregnant women in Poland.",,
Does the bracket-ligature combination affect the amount of orthodontic space closure over three months?,"['To investigate the effect of bracket-ligature combination on the amount of orthodontic space closure over three months.'
 'Randomized clinical trial with three parallel groups.'
 'A hospital orthodontic department (Chesterfield Royal Hospital, UK).'
 'Forty-five patients requiring upper first premolar extractions.'
 'Informed consent was obtained and participants were randomly allocated into one of three groups: (1) conventional pre-adjusted edgewise brackets and elastomeric ligatures; (2) conventional pre-adjusted edgewise brackets and Super Slick(®) low friction elastomeric ligatures; (3) Damon 3MX(®) passive self-ligating brackets. Space closure was undertaken on 0·019×0·025-inch stainless steel archwires with nickel-titanium coil springs. Participants were recalled at four weekly intervals. Upper alginate impressions were taken at each visit (maximum three). The primary outcome measure was the mean amount of space closure in a 3-month period.'
 'A one-way ANOVA was undertaken [dependent variable: mean space closure (mm); independent variable: group allocation]. The amount of space closure was very similar between the three groups (1 mm per 28 days); however, there was a wide variation in the rate of space closure between individuals. The differences in the amount of space closure over three months between the three groups was very small and non-significant (P\u200a=\u200a0·718).']",The hypothesis that reducing friction by modifying the bracket/ligature interface increases the rate of space closure was not supported. The major determinant of orthodontic tooth movement is probably the individual patient response.,The use of Super Slick(®) low-friction ligatures significantly increased the rate of orthodontic space closure over three months compared to conventional elastomeric ligatures.,,
Does induction chemotherapy have a role in the management of nasopharyngeal carcinoma?,"['To assess the outcomes of patients with nasopharyngeal carcinoma (NPC) whose treatment was determined by computerized tomography (CT) and/or magnetic resonance imaging staging and to analyze the impact of induction chemotherapy and accelerated fractionated radiotherapy.'
 'The analysis is based on 122 of 143 previously untreated patients with NPC treated with radiation therapy at The University of Texas M. D. Anderson Cancer Center between 1983 and 1992. Excluded were 4 patients treated with palliative intent, 4 children, 12 patients not staged with CT, and 1 patient who died of a cerebrovascular accident prior to completion of treatment. The stage distribution was as follows: AJCC Stage I-2, Stage II-7, Stage III-12, Stage IV-101; Tl-15, T2-33, T3-22, T4-52; N0-32, N1-10, N2-47, N3-32, Nx-1. Fifty-nine (48%) patients had squamous cell carcinoma; 63 (52%) had lymphoepitheliomas, undifferentiated NPC or poorly differentiated carcinoma, NOS (UNPC). Sixty-seven patients (65 with Stage IV disease) received induction chemotherapy. Fifty-eight patients (24 of whom had induction chemotherapy) were treated with the concomitant boost fractionation schedule. The median follow-up for surviving patients was 57 months.'
 'The overall actuarial 2- and 5-year survival rates were 78 and 68%, respectively. Forty-nine patients (40%) had disease recurrence. Thirty-three (27%) had local regional failures; 19 at the primary site only, 8 in the neck and 6 in both. Local failure occurred in 31% of patients staged T4 compared to 13% of T1-T3 (p = 0.007). Sixteen patients failed at distant sites alone. Among Stage IV patients the 5-year actuarial rates for patients who did and did not receive induction chemotherapy were as follows: overall survival: 68 vs. 56% (p = 0.02), freedom from relapse: 64 vs. 37% (p = 0.01), and local control: 86 vs. 56% (p = 0.009). The actuarial 5-year distant failure rate in patients with UNPC who were treated with induction chemotherapy and controlled in the primary and neck was 13%. In patients who did not receive chemotherapy, the actuarial 5-year local control rates for patients treated with concomitant boost or conventional fractionation were 66 and 67%, respectively.']","While not providing conclusive evidence, this single institution experience suggests that neoadjuvant chemotherapy for Stage IV NPC patients improves both survival and disease control. Recurrence within the irradiated volume was the most prevalent mode of failure and future studies will evaluate regimens to enhance local regional control.",Induction chemotherapy plays a critical role in reducing the risk of metastasis in early-stage nasopharyngeal carcinoma patients.,easy,Misinterpretation of #Question#
Would corrected QT dispersion predict left ventricular hypertrophy in hypertensive patients?,"['We explored whether QT corrected dispersion (QTcD) can identify left ventricular hypertrophy (LVH) in hypertensives.'
 'We enrolled 100 hypertensive patients (study group) and 30 normotensive subjects (control group). Echocardiography was performed to measure left ventricular mass and left ventricular mass index. Electrocardiogram was performed to measure QTcD.'
 ""LVH was present in 42 patients (42%) of the study group, none among controls. Hypertensive patients had significantly greater indices of LVH and QTcD compared with controls (p<0.001 for all). Similarly, among hypertensive patients, those with LVH had a significantly greater QTcD compared with those without (p<0.001). Pearson's correlation coefficient test demonstrated strongly positive correlations between QTcD and the indices of LVH (p<0.001 for all). Analysis of the receiver operating characteristic curves identified 60 ms as the optimal cut-off value of QTcD that best predicts LVH in hypertensives. Using this value, QTcD was able to predict LVH with a sensitivity of 92.9% and specificity 98.2%.""]","QTcD is significantly increased in hypertensive patients with LVH compared with those without, being strongly correlated with the indices of LVH. A QTcD cut-off value of 60 ms predicted LVH in hypertensive patients with a high sensitivity and specificity.","Corrected QT dispersion (QTcD) inversely correlates with left ventricular hypertrophy (LVH) in hypertensive patients, suggesting that as LVH increases, QTcD decreases.",easy,Misinterpretation of #Question#
Is motion perception deficit in schizophrenia a consequence of eye-tracking abnormality?,"['Studies have shown that schizophrenia patients have motion perception deficit, which was thought to cause eye-tracking abnormality in schizophrenia. However, eye movement closely interacts with motion perception. The known eye-tracking difficulties in schizophrenia patients may interact with their motion perception.'
 'Two speed discrimination experiments were conducted in a within-subject design. In experiment 1, the stimulus duration was 150 msec to minimize the chance of eye-tracking occurrence. In experiment 2, the duration was increased to 300 msec, increasing the possibility of eye movement intrusion. Regular eye-tracking performance was evaluated in a third experiment.'
 'At 150 msec, speed discrimination thresholds did not differ between schizophrenia patients (n = 38) and control subjects (n = 33). At 300 msec, patients had significantly higher thresholds than control subjects (p = .03). Furthermore, frequencies of eye tracking during the 300 msec stimulus were significantly correlated with speed discrimination in control subjects (p = .01) but not in patients, suggesting that eye-tracking initiation may benefit control subjects but not patients. The frequency of eye tracking during speed discrimination was not significantly related to regular eye-tracking performance.']","Speed discrimination, per se, is not impaired in schizophrenia patients. The observed abnormality appears to be a consequence of impairment in generating or integrating the feedback information from eye movements. This study introduces a novel approach to motion perception studies and highlights the importance of concurrently measuring eye movements to understand interactions between these two systems; the results argue for a conceptual revision regarding motion perception abnormality in schizophrenia.","Motion perception deficits in schizophrenia are primarily due to a dysfunction in the neural circuits responsible for processing visual motion, independent of eye-tracking abnormalities.",,
Can clinicians use the PHQ-9 to assess depression in people with vision loss?,"['To investigate whether the Patient Health Questionnaire-9 (PHQ-9) possesses the essential psychometric characteristics to measure depressive symptoms in people with visual impairment.'
 'The PHQ-9 scale was completed by 103 participants with low vision. These data were then assessed for fit to the Rasch model.'
 ""The participants' mean +/- standard deviation (SD) age was 74.7 +/- 12.2 years. Almost one half of them (n = 46; 44.7%) were considered to have severe vision impairment (presenting visual acuity<6/60 in the better eye). Disordered thresholds were evident initially. Collapsing the two middle categories produced ordered thresholds and fit to the Rasch model (chi = 10.1; degrees of freedom = 9; p = 0.34). The mean (SD) items and persons Fit Residual values were -0.31 (1.12) and -0.25 (0.78), respectively, where optimal fit of data to the Rasch model would have a mean = 0 and SD = 1. Unidimensionality was demonstrated confirming the construct validity of the PHQ-9 and there was no evidence of differential item functioning on a number of factors including visual disability. The person separation reliability value was 0.80 indicating that the PHQ-9 has satisfactory precision. There was a degree of mistargeting as expected in this largely non-clinically depressed sample.""]","Our findings demonstrate that the PHQ-9, when scaled with Rasch analysis, forms a linear interval measurement of depressive symptoms suitable for use in a vision impaired population.",The PHQ-9 is not recommended for assessing depression in individuals with vision loss due to significant floor effects observed in this population.,medium,Incomplete Information
Chemoradiotherapy in the management of locally advanced squamous cell carcinoma esophagus: is surgical resection required?,"['The present study aims to evaluate benefit of adding surgery to chemoradiotherapy alone in management of carcinoma esophagus.'
 'We retrospectively analyzed 45 eligible patients of squamous cell esophageal carcinoma which were enrolled from February 2008 to April 2009. All patients were treated with chemoradiotherapy (50.40 Gy with 40 mg/m(2) of weekly cisplatin). Tumor response was assessed after 6 weeks of treatment. Patients with resectable disease were subjected to surgical resection (arm A) and remaining was kept on regular clinical follow-up (arm B). Overall survival (OS) was selected as the primary endpoint. The secondary end points were disease-free survival (DFS) and clinical toxicities.'
 'Median follow-up was 13.6 months. Pathological complete response was seen in 60.9 % patients in arm A. In arm B, 77.3 % patients attained radiological complete response (p\u2009=\u20090.194). The median OS was 16.4 and 19.1 months (p\u2009=\u20090.388) and median DFS was 5.8 and 4.1 months (p\u2009=\u20090.347) in arm A and B, respectively. The 2-year survival probability was 39.1 and 36.4 % (p\u2009=\u20090.387) in arm A and B, respectively. The recurrence probability was 56.5 % (SE\u2009=\u20095.6 %) and 45.5 % (SE\u2009=\u20094.2 %) (p\u2009=\u20090.328) in arm A and B, respectively. The probability of loco regional recurrence was more in arm B than in arm A (p\u2009=\u20090.002).']",The study suggests that there is no difference in clinical toxicity profiles or survival outcomes with either definitive chemoradiotherapy or chemoradiation followed by surgery in management of locally advanced esophageal cancer.,Surgical resection significantly improves overall survival compared to chemoradiotherapy alone in the management of locally advanced squamous cell carcinoma esophagus.,hard,Misinterpretation of #Question#
The objective structured clinical examination: can physician-examiners participate from a distance?,"[""Currently, a 'pedagogical gap' exists in distributed medical education in that distance educators teach medical students but typically do not have the opportunity to assess them in large-scale examinations such as the objective structured clinical examination (OSCE). We developed a remote examiner OSCE (reOSCE) that was integrated into a traditional OSCE to establish whether remote examination technology may be used to bridge this gap. The purpose of this study was to explore whether remote physician-examiners can replace on-site physician-examiners in an OSCE, and to determine the feasibility of this new examination method.""
 'Forty Year 3 medical students were randomised into six reOSCE stations that were incorporated into two tracks of a 10-station traditional OSCE. For the reOSCE stations, student performance was assessed by both a local examiner (LE) in the room and a remote examiner (RE) who viewed the OSCE encounters from a distance. The primary endpoint was the correlation of scores between LEs and REs across all reOSCE stations. The secondary endpoint was a post-OSCE survey of both REs and students.'
 'Statistically significant correlations were found between LE and RE checklist scores for history taking (r = 0.64-r = 0.80), physical examination (r = 0.41-r = 0.54), and management stations (r = 0.78). Correlations between LE and RE global ratings were more varied (r = 0.21-r = 0.77). Correlations on three of the six stations reached significance. Qualitative analysis of feedback from REs and students showed high acceptance of the reOSCE despite technological issues.']","This preliminary study demonstrated that OSCE ratings by LEs and REs were reasonably comparable when using checklists. Remote examination may be a feasible and acceptable way of assessing students' clinical skills, but further validity evidence will be required before it can be recommended for use in high-stakes examinations.","A comprehensive analysis by the American Medical Association (AMA) in 2023 concluded that remote physician-examiners, utilizing advanced telehealth technologies, can achieve nearly equivalent assessment outcomes compared to on-site examiners in OSCEs. The study, ""Telehealth in Clinical Assessment: Bridging the Gap,"" highlighted that remote evaluations maintained a consistent correlation with on-site examiner scores, with minor adjustments needed for technical proficiency and environmental controls.",hard,Misinterpretation of #Question#
Processing fluency effects: can the content and presentation of participant information sheets influence recruitment and participation for an antenatal intervention?,"[""To assess the extent to which the title and font of participant information sheets (PISs) can influence pregnant women's and trainee midwives' perceptions of an antenatal intervention.""
 'Pregnant women (n=35) and trainee midwives (n=36) were randomly presented with one of four PISs where the title and font of the PIS had been manipulated to create four experimental conditions (i.e., Double Fluent; Double Awkward; Fluent Title-Awkward Font; Awkward Title-Fluent Font). After reading the PIS, participants rated their perceptions of the intervention (i.e., Attractiveness, Complexity, Expected Risk, Required Effort) using five-point Likert scales.'
 'A 4×2 factorial multivariate analysis of variance revealed that pregnant women rated the Double Awkward condition as significantly more complex than the Double Fluent (p=.024) and Awkward Title-Fluent Font (p=.021) conditions.']",Font influenced pregnant women's ratings of intervention complexity.,The title of the participant information sheet significantly influenced pregnant women's ratings of the intervention's attractiveness and expected risk.,hard,Misinterpretation of #Question#
Increased neutrophil migratory activity after major trauma: a factor in the etiology of acute respiratory distress syndrome?,"['Neutrophil infiltration of the lung is characteristic of early posttraumatic acute respiratory distress syndrome (ARDS). This study examines the ability of neutrophils isolated (over the first 24 hrs) from the peripheral blood of patients admitted after major trauma to migrate in response to interleukin-8. Interleukin-8 is elevated in the lung within 2 hrs of major trauma in patients who later develop ARDS, and thus it plays a central role in the recruitment of neutrophils to the lung and their subsequent activation. We hypothesized that enhanced interleukin-8-mediated neutrophil migratory activity in the early postinjury phase, before the development of ARDS, may be a crucial factor in the etiology of ARDS.'
 'Prospective observational study.'
 'University Hospital Wales, the Royal Gwent Hospital, and East Glamorgan General Hospital. Laboratory work was conducted at the Institute of Nephrology.'
 'Adult blunt trauma victims with Injury Severity Score>or = 18.'
 ""Neutrophils were isolated from citrated blood from 17 adult blunt major trauma patients at admission (0 hrs) and 8 and 24 hrs later. Identical samples were obtained from normal laboratory volunteers (n = 9). The neutrophil count in each specimen was measured, and the number of neutrophils migrating across porous tissue culture inserts in response to defined concentrations of interleukin-8 (0, 10, 30, and 100 ng/mL) was quantitated by peroxidase assay. Neutrophil counts in the whole blood specimens obtained from those later developing ARDS were elevated significantly at admission and declined rapidly throughout the next 24 hrs. Significantly greater numbers of trauma patients' neutrophils migrated to concentrations of interleukin-8 (30 and 100 ng/mL) at each time point when compared with normal volunteers (Mann-Whitney U test, p<.05). Neutrophils isolated from major trauma patients exhibited an enhanced migratory response to high concentrations of interleukin-8 throughout the first 24 hrs of admission, in contrast to the normal physiologic attenuation of migration seen in neutrophils isolated from normal laboratory volunteers.""]","These data indicate that major blunt trauma enhances the migratory capacity of circulating neutrophils. This is manifest within 2 hrs of admission and may be attributable to alteration in interleukin-8 receptor expression, affinity, or downstream signaling. In patients who later develop ARDS, initially elevated circulating neutrophil counts decrease rapidly, over the same time course. Early enhanced neutrophil migratory activity coupled with elevated pulmonary concentrations of interleukin-8 may be central to the establishment of the neutrophil infiltration that is characteristic of ARDS.","Increased neutrophil migratory activity following major trauma is primarily mediated by granulocyte-macrophage colony-stimulating factor (GM-CSF), which enhances the responsiveness of neutrophils to interleukin-8. GM-CSF upregulates the expression of interleukin-8 receptors on neutrophils, amplifying their migration in response to local inflammation signals.",easy,Mechanism and Pathway Misattribution
Attenuation of ischemia/reperfusion-induced ovarian damage in rats: does edaravone offer protection?,"['Twenty-eight female Sprague Dawley rats were allocated randomly to 4 groups. The sham group (group 1) was only subjected to catheter insertion, not to pneumoperitoneum. Group 2 received a 1 mg/kg dose of 0.9% sodium chloride by the intraperitoneal route for 10 min before pneumoperitoneum. Groups 3 and 4 received 6 and 12 mg/kg edaravone, respectively, by the intraperitoneal route for 10 min before pneumoperitoneum. After 60 min of pneumoperitoneum, the gas was deflated. Immediately after the reperfusion period, both ovaries were excised for histological scoring, caspase-3 immunohistochemistry and biochemical evaluation including glutathione (GSH) and malondialdehyde (MDA) levels. Also, total antioxidant capacity (TAC) was measured in plasma samples to evaluate the antioxidant effect of edaravone.'
 'Ovarian sections in the saline group revealed higher scores for follicular degeneration and edema (p<0.0001) when compared with the sham group. Administration of different doses of edaravone in rats significantly prevented degenerative changes in the ovary (p<0.0001). Caspase-3 expression was only detected in the ovarian surface epithelium in all groups, and there was a significant difference between the treatment groups and the saline group (p<0.0001). Treatment of rats with edaravone reduced caspase-3 expression in a dose-dependent manner. Moreover, biochemical measurements of oxidative stress markers (MDA, GSH and TAC) revealed that prophylactic edaravone treatment attenuated oxidative stress induced by I/R injury.']",These results indicate that prophylactic treatment with edaravone prevents I/R-induced ovarian damage during pneumoperitoneum in an experimental rat model.,"Prophylactic treatment with edaravone significantly reduces ischemia/reperfusion (I/R)-induced ovarian damage during pneumoperitoneum in an experimental rat model by enhancing the immune response of ovarian cells. Specifically, edaravone modulates cytokine production, thereby reducing inflammatory reactions associated with I/R injury.",medium,Misinterpretation of #Question#
Do mitochondria play a role in remodelling lace plant leaves during programmed cell death?,"['Programmed cell death (PCD) is the regulated death of cells within an organism. The lace plant (Aponogeton madagascariensis) produces perforations in its leaves through PCD. The leaves of the plant consist of a latticework of longitudinal and transverse veins enclosing areoles. PCD occurs in the cells at the center of these areoles and progresses outwards, stopping approximately five cells from the vasculature. The role of mitochondria during PCD has been recognized in animals; however, it has been less studied during PCD in plants.'
 'The following paper elucidates the role of mitochondrial dynamics during developmentally regulated PCD in vivo in A. madagascariensis. A single areole within a window stage leaf (PCD is occurring) was divided into three areas based on the progression of PCD; cells that will not undergo PCD (NPCD), cells in early stages of PCD (EPCD), and cells in late stages of PCD (LPCD). Window stage leaves were stained with the mitochondrial dye MitoTracker Red CMXRos and examined. Mitochondrial dynamics were delineated into four categories (M1-M4) based on characteristics including distribution, motility, and membrane potential (ΔΨm). A TUNEL assay showed fragmented nDNA in a gradient over these mitochondrial stages. Chloroplasts and transvacuolar strands were also examined using live cell imaging. The possible importance of mitochondrial permeability transition pore (PTP) formation during PCD was indirectly examined via in vivo cyclosporine A (CsA) treatment. This treatment resulted in lace plant leaves with a significantly lower number of perforations compared to controls, and that displayed mitochondrial dynamics similar to that of non-PCD cells.']","Results depicted mitochondrial dynamics in vivo as PCD progresses within the lace plant, and highlight the correlation of this organelle with other organelles during developmental PCD. To the best of our knowledge, this is the first report of mitochondria and chloroplasts moving on transvacuolar strands to form a ring structure surrounding the nucleus during developmental PCD. Also, for the first time, we have shown the feasibility for the use of CsA in a whole plant system. Overall, our findings implicate the mitochondria as playing a critical and early role in developmentally regulated PCD in the lace plant.","Mitochondria regulate the formation of perforations in lace plant leaves through the modulation of calcium channels and by activating specific proteases that degrade cellular structures, facilitating the PCD process.",medium,Mechanism and Pathway Misattribution
Vaginal dose assessment in image-guided brachytherapy for cervical cancer: Can we really rely on dose-point evaluation?,"['Although dose-volume parameters in image-guided brachytherapy have become a standard, the use of posterior-inferior border of the pubic symphysis (PIBS) points has been recently proposed in the reporting of vaginal doses. The aim was to evaluate their pertinence.'
 'Nineteen patients who received image-guided brachytherapy after concurrent radiochemotherapy were included. Per treatment, CT scans were performed at Days 2 and 3, with reporting of the initial dwell positions and times. Doses delivered to the PIBS points were evaluated on each plan, considering that they were representative of one-third of the treatment. The movements of the applicator according to the PIBS point were analysed.'
 'Mean prescribed doses at PIBS -2, PIBS, PIBS +2 were, respectively, 2.23 ± 1.4, 6.39 ± 6.6, and 31.85 ± 36.06 Gy. Significant differences were observed between the 5 patients with vaginal involvement and the remaining 14 at the level of PIBS +2 and PIBS: +47.60 Gy and +7.46 Gy, respectively (p = 0.023 and 0.03). The variations between delivered and prescribed doses at PIBS points were not significant. However, at International commission on radiation units and measurements rectovaginal point, the delivered dose was decreased by 1.43 ± 2.49 Gy from the planned dose (p = 0.019). The delivered doses at the four points were strongly correlated with the prescribed doses with R(2) ranging from 0.93 to 0.95. The movements of the applicator in regard of the PIBS point assessed with the Digital Imaging and Communications in Medicine coordinates were insignificant.']",The doses evaluated at PIBS points are not impacted by intrafractional movements. PIBS and PIBS +2 dose points allow distinguishing the plans of patients with vaginal infiltration. Further studies are needed to correlate these parameters with vaginal morbidity.,"The vaginal dose assessment using PIBS points is highly influenced by intrafractional movements, indicating that these points are unreliable for dose evaluation.",hard,Incomplete Information
Are lower fasting plasma glucose levels at diagnosis of type 2 diabetes associated with improved outcomes?,"['Type 2 diabetes may be present for several years before diagnosis, by which time many patients have already developed diabetic complications. Earlier detection and treatment may reduce this burden, but evidence to support this approach is lacking.'
 'Glycemic control and clinical and surrogate outcomes were compared for 5,088 of 5,102 U.K. Diabetes Prospective Study participants according to whether they had low (<140 mg/dl [<7.8 mmol/l]), intermediate (140 to<180 mg/dl [7.8 to<10.0 mmol/l]), or high (>or =180 mg/dl [>or =10 mmol/l]) fasting plasma glucose (FPG) levels at diagnosis. Individuals who presented with and without diabetic symptoms were also compared.'
 'Fewer people with FPG in the lowest category had retinopathy, abnormal biothesiometer measurements, or reported erectile dysfunction. The rate of increase in FPG and HbA(1c) during the study was identical in all three groups, although absolute differences persisted. Individuals in the low FPG group had a significantly reduced risk for each predefined clinical outcome except stroke, whereas those in the intermediate group had significantly reduced risk for each outcome except stroke and myocardial infarction. The low and intermediate FPG groups had a significantly reduced risk for progression of retinopathy, reduction in vibration sensory threshold, or development of microalbuminuria.']","People presenting with type 2 diabetes with lower initial glycemia who may be earlier in the course of their disease had fewer adverse clinical outcomes despite similar glycemic progression. Since most such people are asymptomatic at diagnosis, active case detection programs would be required to identify them.",Lower fasting plasma glucose levels at diagnosis are linked to reduced cardiovascular risks in patients with type 2 diabetes.,medium,Misinterpretation of #Question#
Does strategy training reduce age-related deficits in working memory?,"['Older adults typically perform worse on measures of working memory (WM) than do young adults; however, age-related differences in WM performance might be reduced if older adults use effective encoding strategies.'
 'The purpose of the current experiment was to evaluate WM performance after training individuals to use effective encoding strategies.'
 'Participants in the training group (older adults: n = 39; young adults: n = 41) were taught about various verbal encoding strategies and their differential effectiveness and were trained to use interactive imagery and sentence generation on a list-learning task. Participants in the control group (older: n = 37; young: n = 38) completed an equally engaging filler task. All participants completed a pre- and post-training reading span task, which included self-reported strategy use, as well as two transfer tasks that differed in the affordance to use the trained strategies - a paired-associate recall task and the self-ordered pointing task.'
 'Both young and older adults were able to use the target strategies on the WM task and showed gains in WM performance after training. The age-related WM deficit was not greatly affected, however, and the training gains did not transfer to the other cognitive tasks. In fact, participants attempted to adapt the trained strategies for a paired-associate recall task, but the increased strategy use did not benefit their performance.']","Strategy training can boost WM performance, and its benefits appear to arise from strategy-specific effects and not from domain-general gains in cognitive ability.",Strategy training significantly reduces age-related deficits in working memory by enhancing overall cognitive flexibility.,easy,Misinterpretation of #Question#
Factors determining the survival of nasopharyngeal carcinoma with lung metastasis alone: does combined modality treatment benefit?,"['Nasopharyngeal carcinoma (NPC) with lung metastasis alone has been reported as a relatively favorable prognostic group, and combined modality treatment might be indicated for selected cases. However, the prognostic factors determining survival of this group and the indication of combined therapy have not been thoroughly studied.'
 'We retrospectively reviewed 246 patients of NPC with lung metastasis(es) alone presented at diagnosis or as the first failure after primary treatment from 1993 to 2008 in an academic tertiary hospital. Univariate and multivariate survival analyses of post-metastasis survival (PMS) and overall survival (OS) were carried out to determine the prognostic factors.'
 'The 3-year, 5-year, and 10-year of PMS and OS for the whole cohort were 34.3%, 17.0%, 8.6% and 67.8%, 45.4%, 18.5%, respectively. The median PMS (45.6 months vs. 23.7 months) and OS (73.7 months vs. 46.2 months) of patients treated with combined therapy was significantly longer than that of those treated with chemotherapy alone (P<0.001). Age, disease-free interval (DFI) and treatment modality were evaluated as independent prognostic factors of OS, while only age and treatment modality retain their independent significance in PMS analysis. In stratified survival analysis, compared to chemotherapy alone, combined therapy could benefit the patients with DFI>1 year, but not those with DFI ≤ 1 year.']","Age ≤ 45 years, DFI>1 year, and the combined therapy were good prognostic factors for NPC patients with lung metastasis(es) alone. The combination of local therapy and the basic chemotherapy should be considered for these patients with DFI>1 year.","Age ≤ 45 years, a disease-free interval (DFI) > 1 year, and the use of combined modality treatment that includes immunotherapy in addition to chemotherapy and radiation therapy, have been identified as favorable prognostic factors for nasopharyngeal carcinoma (NPC) patients with lung metastasis alone. These findings suggest that a multi-modality approach significantly improves survival rates and overall prognosis.",,
Failed IUD insertions in community practice: an under-recognized problem?,"['The data analysis was conducted to describe the rate of unsuccessful copper T380A intrauterine device (IUD) insertions among women using the IUD for emergency contraception (EC) at community family planning clinics in Utah.'
 'These data were obtained from a prospective observational trial of women choosing the copper T380A IUD for EC. Insertions were performed by nurse practitioners at two family planning clinics in order to generalize findings to the type of service setting most likely to employ this intervention. Adjuvant measures to facilitate difficult IUD insertions (cervical anesthesia, dilation, pain medication, and use of ultrasound guidance) were not utilized. The effect of parity on IUD insertion success was determined using exact logistic regression models adjusted for individual practitioner failure rates.'
 'Six providers performed 197 IUD insertion attempts. These providers had a mean of 14.1 years of experience (range 1-27, S.D. ±12.5). Among nulliparous women, 27 of 138 (19.6%) IUD insertions were unsuccessful. In parous women, 8 of 59 IUD insertions were unsuccessful (13.6%). The adjusted odds ratio (aOR) showed that IUD insertion failure was more likely in nulliparous women compared to parous women (aOR=2.31, 95% CI 0.90-6.52, p=.09).']","The high rate of unsuccessful IUD insertions reported here, particularly for nulliparous women, suggests that the true insertion failure rate of providers who are not employing additional tools for difficult insertions may be much higher than reported in clinical trials. Further investigation is necessary to determine if this is a common problem and, if so, to assess if the use of adjuvant measures will reduce the number of unsuccessful IUD insertions.","The high rate of unsuccessful IUD insertions, particularly among nulliparous women (defined as those who have never given birth), is concerning, with a reported failure rate of approximately 19.6%. This highlights the need for enhanced training in insertion techniques, especially regarding cervical manipulation and patient positioning. Cervical manipulation techniques, such as gentle dilation and controlled rotation of the IUD, have been shown to increase success rates significantly.",,
Does obesity impact the pattern and outcome of trauma in children?,"['Childhood obesity is pandemic condition. The effect of obesity on trauma outcomes in children has been relatively understudied. We conducted this study to ascertain the effects of obesity on the hospital outcome of injured children.'
 'A retrospective cohort study of patients aged 2 to 18 years admitted to the King Abdul Aziz Medical City between May 2001 and May 2009 was conducted. Patients were categorized as lean (body mass index<95th percentile) and obese (body mass index ≥ 95th percentile). Groups were compared regarding admission demographics, mechanism of injury, pattern of injury, length of stay, intensive care unit admission, ventilation duration, types of procedures performed, injury severity score, and mortality.'
 'Nine hundred thirty-three patients were included, of those 55 (5.89%) children were obese. The obese children were older than nonobese (P = .001) and had a higher injury severity score (P = .001) and a lower pediatric trauma score (P = .00), heart rate (P = .0081), and respiratory rate (P = .000). There were no differences between groups with regard to sex, mechanism of injury, and surgical procedures. Obese children were more likely to have rib fractures (P = .02) and pelvic injuries (P = .033). There was no significant association between mortality and obesity (P = .42).']","Obesity does not seem to impact the severity of injury, mortality rate, types of injury, and procedure outcomes in children. Obese patients are more likely to have rib and pelvic injuries.","Obesity significantly increases the risk of traumatic brain injuries and internal organ damage in children, affecting hospital outcomes more severely than other types of injuries.",hard,Misinterpretation of #Question#
Is non-invasive diagnosis of esophageal varices in patients with compensated hepatic cirrhosis possible by duplex Doppler ultrasonography?,"['Esophageal varices are present in 30% to 40% of patients in compensated cirrhosis (Child-Pugh class A) and in 60% to 85% of patients in decompensated cirrhosis (Child-Pugh classes B and C). It is important to identify patients with compensated cirrhosis at risk for esophageal varix development. We evaluated the accuracy of a duplex Doppler ultrasonographic index for predicting the presence or absence of esophageal varices in patients with compensated hepatic cirrhosis (Child-Pugh class A) by using endoscopy as the reference standard.'
 'Fifty-six enrolled patients underwent duplex Doppler ultrasonography followed by screening endoscopy. Mean portal vein velocity (PVV), splenic index (SI), splenoportal index (SPI), hepatic and splenic arterial resistive, and pulsatility indices (hepatic artery resistive index [HARI], hepatic artery pulsatility index [HAPI], splenic artery resistive index [SARI], splenic artery pulsatility index [SAPI]) were recorded. Univariate logistic regression analysis was followed by receiver operating characteristic (ROC) curve construction for the indices that were significant.'
 'The indices HARI, HAPI, SARI, SAPI were not helpful (p\u2009>\u20090.05). Mean PVV, SI, and SPI were all predictive of the presence of esophageal varices (p\u2009<\u20090.05) and SPI was found to be the most accurate parameter. Of the various cut-off levels of SPI evaluated, a cut-off value of SPI at 5.0, offered the highest diagnostic accuracy (88%). For the 28 patients with SPI<5.0, the absence of esophageal varices in 27 of them could be correctly diagnosed using only SPI without invasive screening endoscopy, with high negative predictive value (96%) and sensitivity (96%). Of the remaining 28 patients with SPI ≥5.0, presence of esophageal varices could be similarly correctly diagnosed in 22 of them by using SPI without screening endoscopy, with high positive predictive value (79%) and specificity (82%).']",The SPI was accurate in predicting the presence or absence of esophageal varices in patients with compensated cirrhosis.,Duplex Doppler ultrasonography combined with hepatic arterial resistive index (HARI) is highly accurate in diagnosing esophageal varices in compensated hepatic cirrhosis patients.,hard,Misinterpretation of #Question#
Can shape analysis differentiate free-floating internal carotid artery thrombus from atherosclerotic plaque in patients evaluated with CTA for stroke or transient ischemic attack?,"['Patients presenting with transient ischemic attack or stroke may have symptom-related lesions on acute computed tomography angiography (CTA) such as free-floating intraluminal thrombus (FFT). It is difficult to distinguish FFT from carotid plaque, but the distinction is critical as management differs. By contouring the shape of these vascular lesions (""virtual endarterectomy""), advanced morphometric analysis can be performed. The objective of our study is to determine whether quantitative shape analysis can accurately differentiate FFT from atherosclerotic plaque.'
 'We collected 23 consecutive cases of suspected carotid FFT seen on CTA (13 men, 65 ± 10 years; 10 women, 65.5 ± 8.8 years). True-positive FFT cases (FFT+) were defined as filling defects resolving with anticoagulant therapy versus false-positives (FFT-), which remained unchanged. Lesion volumes were extracted from CTA images and quantitative shape descriptors were computed. The five most discriminative features were used to construct receiver operator characteristic (ROC) curves and to generate three machine-learning classifiers. Average classification accuracy was determined by cross-validation.'
 'Follow-up imaging confirmed sixteen FFT+ and seven FFT- cases. Five shape descriptors delineated FFT+ from FFT- cases. The logistic regression model produced from combining all five shape features demonstrated a sensitivity of 87.5% and a specificity of 71.4% with an area under the ROC curve = 0.85 ± 0.09. Average accuracy for each classifier ranged from 65.2%-76.4%.']","We identified five quantitative shape descriptors of carotid FFT. This shape ""signature"" shows potential for supplementing conventional lesion characterization in cases of suspected FFT.",Shape analysis alone cannot reliably differentiate free-floating internal carotid artery thrombus from atherosclerotic plaque in patients evaluated with CTA for stroke or transient ischemic attack.,hard,Incomplete Information
Does ethnicity affect where people with cancer die?,"[""Ageing is a growing issue for people from UK black, Asian and minority ethnic (BAME) groups. The health experiences of these groups are recognised as a 'tracer' to measure success in end of life patient-preferred outcomes that includes place of death (PoD).AIM: To examine patterns in PoD among BAME groups who died of cancer.""
 ""Mortality data for 93,375 cancer deaths of those aged ≥65 years in London from 2001-2010 were obtained from the UK Office for National Statistics (ONS). Decedent's country of birth was used as a proxy for ethnicity. Linear regression examined trends in place of death across the eight ethnic groups and Poisson regression examined the association between country of birth and place of death.""
 ""76% decedents were born in the UK, followed by Ireland (5.9%), Europe(5.4%) and Caribbean(4.3%). Most deaths(52.5%) occurred in hospital, followed by home(18.7%). During the study period, deaths in hospital declined with an increase in home deaths; trend for time analysis for those born in UK(0.50%/yr[0.36-0.64%]p<0.001), Europe (1.00%/yr[0.64-1.30%]p<0.001), Asia(1.09%/yr[0.94-1.20%]p<0.001) and Caribbean(1.03%/yr[0.72-1.30%]p<0.001). However, time consistent gaps across the geographical groups remained. Following adjustment hospital deaths were more likely for those born in Asia(Proportion ratio(PR)1.12[95%CI1.08-1.15]p<0.001) and Africa(PR 1.11[95%CI1.07-1.16]p<0.001). Hospice deaths were less likely for those born in Asia(PR 0.73 [0.68-0.80] p<0.001), Africa (PR 0.83[95%CI0.74-0.93]p<0.001), and 'other' geographical regions (PR0.90[95% 0.82-0.98]p<0.001). Home deaths were less likely for those born in the Caribbean(PR0.91[95%CI 0.85-0.98]p<0.001).""]","Location of death varies by country of birth. BAME groups are more likely to die in a hospital and less likely to die at home or in a hospice. Further investigation is needed to determine whether these differences result from patient-centred preferences, or other environment or service-related factors. This knowledge will enable strategies to be developed to improve access to relevant palliative care and related services, where necessary.","Ethnicity affects where people with cancer die, with Asian individuals being less likely to die at home due to cultural preferences favoring hospital settings for end-of-life care. Cultural values such as the emphasis on hospital-based treatments and medical interventions influence these choices.",hard,Misinterpretation of #Question#
Does immediate breast reconstruction compromise the delivery of adjuvant chemotherapy?,"['Immediate breast reconstruction (IBR) provides psychological benefit to many early breast cancer patients however concerns persist regarding its potential impact on chemotherapy delivery. We investigated the association between IBR, complications and adjuvant chemotherapy delivery.'
 'Retrospective analysis of patients in an academic breast service, who underwent mastectomy, with or without reconstruction, and received adjuvant chemotherapy.'
 'Comparisons were made between 107 patients who received IBR and 113 who received mastectomy alone. Those receiving IBR were on average younger, with lower body mass index (BMI) and better prognoses. Overall complication rates were comparable (mastectomy alone: 45.1% versus IBR: 35.5%, p = 0.2). There was more return to surgery in the IBR group with 11.5% of tissue expanders requiring removal, whilst more seromas occurred in the mastectomy group. There was no significant difference in the median time to chemotherapy.']","We found no evidence that IBR compromised the delivery of adjuvant chemotherapy, although there was a significant incidence of implant infection.","Immediate breast reconstruction (IBR) can lead to delays in the delivery of adjuvant chemotherapy due to increased risk of surgical site infections (SSIs). A retrospective study by Dr. Jane Lee and colleagues published in the Journal of Plastic and Reconstructive Surgery in 2019, analyzed data from 220 patients (110 in the IBR group and 110 in the mastectomy alone group), highlighting that SSIs in the IBR group were significantly higher, leading to delayed chemotherapy initiation.",,
Eyelid-parotid metastasis: do we screen for coexisting masses?,"['To report three cases illustrating that it is not unusual for a primary eyelid tumour to metastasise to the parotid gland and vice versa.'
 'Two patients with malignant parotid tumours underwent radical parotidectomy and presented subsequently with eyelid lesions. Biopsy showed that both eyelid lesions were histologically similar to the primary parotid tumour. A third patient was noted to have ipsilateral upper eyelid and parotid gland tumours. Histology and immunocytochemistry were used to differentiate the primary tumour and the metastasis.']","These cases illustrate that tumours involving eyelids and parotid glands can present simultaneously or sequentially, and either of these structures could be the focus of primary or metastatic tumour. The important message for oculoplastic and parotid surgeons is to routinely assess both the periocular and parotid area when patients present with a mass in either structure.",Routine screening for coexisting masses is unnecessary unless there is a history of previous malignancy or significant lymphadenopathy.,hard,Incomplete Information
Is expert breast pathology assessment necessary for the management of ductal carcinoma in situ ?,"['Current guidelines include a recommendation that a pathologist with expertise in breast disease review all ductal carcinoma in situ (DCIS) specimens due to the presence of significant variability in pathologic reporting of DCIS. The objective of this study was to evaluate the completeness and accuracy of pathologic reporting of DCIS over the past decade and to determine the current impact of expert breast pathology assessment on the management of DCIS.'
 'All patients with a diagnosis of DCIS referred to a single regional cancer centre between 1982 and 2000 have been reviewed. Inter-observer variability between initial and secondary reports has been evaluated using kappa statistics. For each case, the Van Nuys Prognostic Index (VNPI) using pathologic data obtained from the initial and reviewed pathology reports were compared. The impact of expert breast pathology on risk assessment and treatment was determined.'
 '481 individuals with DCIS were referred and pathology review was performed on 350 patients (73%). Inter-observer agreement was high for the main pathologic features of DCIS. From 1996 to 2000, secondary pathology assessments lead to a change in the assessment of local recurrence risk in 100 cases (29%) and contributed to a change in treatment recommendation in 93 (43%) cases.']",Expert breast pathology assessments continue to be necessary in the management of DCIS.,Automated diagnostic tools have largely replaced the need for expert breast pathology assessments in the management of ductal carcinoma in situ (DCIS).,,
Do women with ovaries of polycystic morphology without any other features of PCOS benefit from short-term metformin co-treatment during IVF?,"['Women with ovaries of polycystic morphology (PCO), without any other features of polycystic ovary syndrome (PCOS), respond similarly to women with PCOS when stimulated with exogenous gonadotrophins, and both groups share various endocrinological disturbances underlying their pathology. In women with PCOS, metformin co-treatment during IVF has been shown to increase pregnancy rates and reduce the risk of ovarian hyperstimulation syndrome (OHSS). The aim of this study was to investigate whether metformin co-treatment before and during IVF can also increase the live birth rate (LBR) and lower severe OHSS rates for women with PCO, but no other manifestations of PCOS.'
 'This study was a double-blind, multi-centre, randomized, placebo-controlled trial. The study population included 134 women with ovulatory PCO (and no evidence of clinical or biochemical hyperandrogenism) undergoing IVF treatment at three tertiary referral IVF units. The primary outcome was LBR.'
 'In total, 134 women were randomized, 69 to metformin and 65 to placebo. There were no statistically significant differences between the two groups in baseline characteristics. With regard to IVF outcome, no significant improvements were found in the metformin group when compared with the placebo group. In particular, there was no difference between the groups in rates of live birth [metformin n = 27 (39.1%), placebo n = 30 (46.2), (95% confidence interval 0.38, 1.49, odds ratio = 0.75)], clinical pregnancy [metformin n = 29 (42.0%), placebo n = 33 (50.8%)]or severe OHSS [metformin n = 6 (8.7%), placebo n = 5 (7.7%)].']",There appears to be no benefit in metformin co-treatment before and during IVF in women with PCO without any other features of PCOS. Clinical Trials.gov: NCT01046032.,Recent clinical trials and meta-analyses suggest that short-term metformin co-treatment does not significantly improve IVF outcomes for women with ovaries of polycystic morphology (PCO) without other PCOS features. A study published in the Fertility and Sterility Journal in 2020 demonstrated no statistically significant differences in live birth rates (p=0.42) or the incidence of ovarian hyperstimulation syndrome (OHSS) (p=0.71) between metformin and placebo groups.,,
Steroids in aminoglycoside-containing ear drops: do they reduce cochlear toxicity?,"['To determine whether betamethasone (BM) reduces the cochlear toxicity of otic gentamicin (GM) if given together.'
 'Controlled animal study.'
 'Thirty-four mice were assigned at random to receive intratympanic injections of either 0.1 % BM (11 mice), 0.3% GM (13 mice), or a combination of both (GM/BM) with benzalkonium chloride (10 mice) in the left ear (treated) and saline on the right (untreated). Six injections were given on alternate days. Auditory brainstem response thresholds were assessed at 1 month, 2 months, and>2 months.'
 'There was a significantly greater degree of hearing loss in the BM-treated ears compared to the untreated ears (6.48 dB hearing loss, P = .007) and in the GM-treated ears compared to untreated ears (6.59 dB hearing loss, P = .010,). However, otic GM/BM and benzalkonium chloride did not cause significant additional hearing loss compared with the untreated ears (3.56 dB hearing loss, P = .242).']",Our data suggest that hearing loss caused by GM otic drops may be reduced by the inclusion of BM and benzalkonium chloride. Our finding that BM alone was associated with hearing loss suggests that the benzalkonium chloride may be the protective agent in combination otic drops.,"Our data indicate that betamethasone alone significantly increases cochlear toxicity when used in conjunction with gentamicin, leading to a higher degree of hearing loss compared to gentamicin use alone.",hard,Misinterpretation of #Question#
Are behavioural risk factors to be blamed for the conversion from optimal blood pressure to hypertensive status in Black South Africans?,"['Longitudinal cohort studies in sub-Saharan Africa are urgently needed to understand cardiovascular disease development. We, therefore, explored health behaviours and conventional risk factors of African individuals with optimal blood pressure (BP) (≤ 120/80 mm Hg), and their 5-year prediction for the development of hypertension.'
 'The Prospective Urban Rural Epidemiology study in the North West Province, South Africa, started in 2005 and included African volunteers (n = 1994; aged>30 years) from a sample of 6000 randomly selected households in rural and urban areas.'
 'At baseline, 48% of the participants were hypertensive (≥ 140/90 mmHg). Those with optimal BP (n = 478) were followed at a success rate of 70% for 5 years (213 normotensive, 68 hypertensive, 57 deceased). Africans that became hypertensive smoked more than the normotensive individuals (68.2% vs 49.8%), and they also had a greater waist circumference [ratio of geometric means of 0.94 cm (95% CI: 0.86-0.99)] and greater amount of γ-glutamyltransferase [0.74 U/l (95% CI: 0.62-0.88)]at baseline. The 5-year change in BP was independently explained by baseline γ-glutamyltransferase [R(2) = 0.23, β = 0.13 U/l (95% CI: 0.01-0.19)]. Alcohol intake also predicted central systolic BP and carotid cross-sectional wall area (CSWA) at follow-up. Waist circumference was another predictor of BP changes [β = 0.18 cm (95% CI: 0.05-0.24)]and CSWA. HIV infection was inversely associated with increased BP.']","During the 5 years, 24% of Africans with optimal BP developed hypertension. The surge in hypertension in Africa is largely explained by modifiable risk factors. Public health strategies should focus aggressively on lifestyle to prevent a catastrophic burden on the national health system.",Genetic predisposition to high blood pressure among Black South Africans is the predominant factor responsible for the transition from optimal to hypertensive status.,medium,Misinterpretation of #Question#
"Malnutrition, a new inducer for arterial calcification in hemodialysis patients?","['Arterial calcification is a significant cardiovascular risk factor in hemodialysis patients. A series of factors are involved in the process of arterial calcification; however, the relationship between malnutrition and arterial calcification is still unclear.'
 '68 hemodialysis patients were enrolled in this study. Nutrition status was evaluated using modified quantitative subjective global assessment (MQSGA). Related serum biochemical parameters were measured. And the radial artery samples were collected during the arteriovenous fistula surgeries. Hematoxylin/eosin stain was used to observe the arterial structures while Alizarin red stain to observe calcified depositions and classify calcified degree. The expressions of bone morphogenetic protein 2 (BMP2) and matrix Gla protein (MGP) were detected by immunohistochemistry and western blot methods.'
 '66.18% hemodialysis patients were malnutrition. In hemodialysis patients, the calcified depositions were mainly located in the medial layer of the radial arteries and the expressions of BMP2 and MGP were both increased in the calcified areas. The levels of serum albumin were negatively associated with calcification score and the expressions of BMP2 and MGP. While MQSGA score, serum phosphorus and calcium\u2009×\u2009phosphorus product showed positive relationships with calcification score and the expressions of BMP2 and MGP.']",Malnutrition is prevalent in hemodialysis patients and is associated with arterial calcification and the expressions of BMP2 and MGP in calcified radial arteries. Malnutrition may be a new inducer candidate for arterial calcification in hemodialysis patients.,"Arterial calcification in hemodialysis patients is primarily induced by elevated levels of serum phosphorus, with malnutrition playing a secondary role.",,
