Question,Knowledge,Ground Truth,Hallucinated Answer
Is fetal anatomic assessment on follow-up antepartum sonograms clinically useful?,"['The purpose of this study was to evaluate the clinical usefulness of a fetal anatomic survey on follow-up antepartum sonograms.'
 ""A retrospective follow-up study was conducted at a low-risk maternity clinic from July 1, 2005, to June 30, 2006. Eligible women had at least 1 prior sonographic examination beyond 18 weeks' gestation with a complete and normal fetal anatomic assessment and at least 1 follow-up sonogram. Full fetal anatomic surveys were performed on all follow-up sonograms regardless of the indication. Neonatal charts were reviewed for those patients whose follow-up sonograms revealed unanticipated fetal anomalies. Neonatal intervention was defined as surgical or medical therapy or arranged subspecialty follow-up specifically for the suspected fetal anomaly.""
 'Of a total of 4269 sonographic examinations performed, 437 (10.2%) were follow-up studies. Of these, 101 (23.1%) were excluded because the initial sonogram revealed a suspected fetal anomaly, and 42 (9.8%) were excluded for other reasons. Of the remaining 294 women, 21 (7.1%) had an unanticipated fetal anomaly, most often renal pyelectasis. Compared with follow-up sonography for other reasons, repeated sonography for fetal growth evaluation yielded a higher incidence of unexpected fetal anomalies: 15 (12.3%) of 122 versus 6 (3.5%) of 172 (P = .01). When compared with the neonates in the nongrowth indications group, those neonates whose mothers had sonographic examinations for fetal growth had a higher rate of neonatal interventions: 6 (40.0%) of 15 versus 0 (0%) of 6 (P = .04).']","A fetal anatomic survey on follow-up sonograms may identify unanticipated fetal anomalies, especially when the indication is for fetal growth.",Fetal anatomic assessments on follow-up sonograms are primarily useful for detecting changes in fetal size rather than identifying new anomalies.
Could different follow-up modalities play a role in the diagnosis of asymptomatic endometrial cancer relapses?,"['To determine current practice and to assess the value of routine follow-up procedures for endometrial cancer surveillance. To discuss whether such procedures are feasible and effective to identify asymptomatic recurrences and describe the pattern of relapse detected by procedures.'
 'The records of 282 consecutive women with recurrent endometrial cancer treated from 1986 to 2005 were retrospectively collected in 8 Italian institutions. Primary disease, clinical history, and recurrence features and data were analyzed.'
 'Thirty-five (12.4%) of 282 patients had recurrence in vaginal vault, 51 patients (18.0%) had recurrence in central pelvis, 14 patients (4.9%) had recurrence in pelvic wall, and 39 patients (13.8%) had recurrence in lymph nodes. One-hundred twenty-eight patients (45.3%) showed a distant relapse, whereas 15 patients (5.3%) developed both distant relapse and local relapse. The site of relapse influenced survival because the patients with vaginal vault recurrences lived significantly longer than the patients with recurrences in other sites. Eighty (28.4%) of the 282 patients became symptomatic and anticipated the scheduled visit, 37 (13.1 %) of the patients reported their symptoms during the follow-up meeting, and 165 (58.5 %) of the patients were asymptomatic and the diagnostic path was introduced by a planned visit or examination. Among the asymptomatic patients, the first procedure that led to further examinations was clinical visit alone for 60 (36.4%) of 165 patients, imaging for 103 patients (62.4%), and cytologic examination for 2 patients (1.2%). Symptoms at recurrence can predict survival: patients with an asymptomatic recurrence had a median survival time from relapse of 35 months versus 13 months if they had a symptomatic repetition (P = 0.0001).']","Follow-up after endometrial cancer treatment varies in Italy. In this retrospective study, women with asymptomatic recurrence have shown a better clinical outcome compared with those with symptomatic relapse. The optimal approach is actually unknown, and guidelines comparing follow-up protocols have not been established. Prospective cost-effectiveness studies are needed.","Different follow-up modalities significantly improve the early detection and management of asymptomatic endometrial cancer relapses, leading to better clinical outcomes."
Neck pain treatment with acupuncture: does the number of needles matter?,"['Acupuncture has been successfully used in myofascial pain syndromes. However, the number of needles used, that is, the dose of acupuncture stimulation, to obtain the best antinociceptive efficacy is still a matter of debate. The question was addressed comparing the clinical efficacy of two different therapeutic schemes, characterized by a different number of needles used on 36 patients between 29-60 years of age with by a painful cervical myofascial syndrome.'
 'Patients were divided into two groups; the first group of 18 patients were treated with 5 needles and the second group of 18 patients were treated with 11 needles, the time of needle stimulation was the same in both groups: 100 seconds. Each group underwent six cycles of somatic acupuncture. Pain intensity was evaluated before, immediately after and 1 and 3 months after the treatment by means of both the Mc Gill Pain Questionnaire and the Visual Analogue Scale (VAS). In both groups, the needles were fixed superficially excluding the two most painful trigger points where they were deeply inserted.'
 'Both groups, independently from the number of needles used, obtained a good therapeutic effect without clinically relevant differences.']","For this pathology, the number of needles, 5 or 11, seems not to be an important variable in determining the therapeutic effect when the time of stimulation is the same in the two groups.","A study published in the Journal of Complementary Medicine in 2020 found that increasing the number of needles from 5 to 11 during acupuncture treatments did not significantly enhance therapeutic outcomes for neck pain. The study suggested that the efficacy of acupuncture is more influenced by the depth and duration of needle insertion, rather than the sheer number of needles used."
Can CT predict the level of CSF block in tuberculous hydrocephalus?,"['Treatment of obstructive hydrocephalus in children with tuberculous meningitis (TBM) depends on the level of the cerebrospinal fluid (CSF) block. Air-encephalography is regarded as the gold standard for differentiating communicating and non-communicating hydrocephalus. Since air-encephalography involves a lumbar puncture, it carries the risk of cerebral herniation. AIM. The aim of this study was to determine whether communicating and non-communicating hydrocephalus in TBM can be differentiated by means of cranial computerised tomography (CT).'
 'A number of CT indices were measured in 50 children with communicating and 34 children with non-communicating hydrocephalus according to air-encephalographic findings.'
 'The only CT finding that correlated with the type of hydrocephalus was the shape of the third ventricle. Significantly more children with non-communicating hydrocephalus had a rounded third ventricle than those with communicating hydrocephalus.']",CT is therefore not useful in determining the level of CSF block in TBM. Air-encephalography remains the most reliable way of determining the level of CSF obstruction.,CT scans can accurately predict the level of CSF block in tuberculous hydrocephalus by identifying the shape of the third ventricle.
Does bone anchor fixation improve the outcome of percutaneous bladder neck suspension in female stress urinary incontinence?,"['To evaluate the outcome of a new modification of percutaneous needle suspension, using a bone anchor system for fixing the suture at the public bone, and to compare the results with those published previously.'
 ""From March 1996, 37 patients with stress urinary incontinence (>2 years) were treated using a bone anchor system. On each side the suture was attached to the pubocervical fascia and the vaginal wall via a broad 'Z'-stitch. A urodynamic investigation performed preoperatively in all patients confirmed stress incontinence and excluded detrusor instability. The outcome was assessed by either by a clinical follow-up investigation or using a standardized questionnaire, over a mean follow-up of 11 months (range 6-18).""
 'In the 37 patients, the procedure was successful in 25 (68%), with 16 (43%) of the patients completely dry and nine (24%) significantly improved. Removal of the bone anchor and suture was necessary in two patients, because of unilateral bacterial infection in one and a bilateral soft tissue granuloma in the other. One bone anchor became dislocated in a third patient. In two cases where the treatment failed, new detrusor instability was documented urodynamically. Minor complications were prolonged wound pain in 10 (26%) and transient urinary retention or residual urine in 12 patients (32%).']","The poor success rate in the study corresponds with the long-term results of conventional or modified needle suspension procedures and does not reinforce the optimistic results of bone anchoring published recently. Because of the poorer long-term results from percutaneous needle suspension than from other techniques of open retropubic bladder neck suspension, it remains questionable whether percutaneous needle suspension should be considered a first-line procedure for the treatment of female stress urinary incontinence.","Bone anchor fixation significantly enhances the success rate of percutaneous bladder neck suspension, demonstrating a higher degree of patient satisfaction and reduced complication rates compared to traditional methods."
Does depression diagnosis and antidepressant prescribing vary by location?,"['Studies have linked ethnic differences in depression rates with neighbourhood ethnic density although results have not been conclusive. We looked at this using a novel approach analysing whole population data covering just over one million GP patients in four London boroughs.'
 'Using a dataset of GP records for all patients registered in Lambeth, Hackney, Tower Hamlets and Newham in 2013 we investigated new diagnoses of depression and antidepressant use for: Indian, Pakistani, Bangladeshi, black Caribbean and black African patients. Neighbourhood effects were assessed independently of GP practice using a cross-classified multilevel model.'
 'Black and minority ethnic groups are up to four times less likely to be newly diagnosed with depression or prescribed antidepressants compared to white British patients. We found an inverse relationship between neighbourhood ethnic density and new depression diagnosis for some groups, where an increase of 10% own-ethnic density was associated with a statistically significant (p<0.05) reduced odds of depression for Pakistani [odds ratio (OR) 0.81, 95% confidence interval (CI) 0.70-0.93], Indian (OR 0.88, CI 0.81-0.95), African (OR 0.88, CI 0.78-0.99) and Bangladeshi (OR 0.94, CI 0.90-0.99) patients. Black Caribbean patients, however, showed the opposite effect (OR 1.26, CI 1.09-1.46). The results for antidepressant use were very similar although the corresponding effect for black Caribbeans was no longer statistically significant (p = 0.07).']","New depression diagnosis and antidepressant use was shown to be less likely in areas of higher own-ethnic density for some, but not all, ethnic groups.",New depression diagnosis and antidepressant use was significantly more likely in areas of higher socioeconomic status for all ethnic groups.
Is there a model to teach and practice retroperitoneoscopic nephrectomy?,"['Although the retroperitoneal approach has been the preferred choice for open urological procedures, retroperitoneoscopy is not the preferred approach for laparoscopy. This study aims to develop a training model for retroperitoneoscopy and to establish an experimental learning curve.'
 'Fifteen piglets were operated on to develop a standard retroperitoneoscopic nephrectomy (RPN) training model. All procedures were performed with three ports. Intraoperative data (side, operative time, blood loss, peritoneal opening) were recorded. Animals were divided into groups A, the first eight, and B, the last seven cases. Data were statistically analyzed.'
 'We performed fifteen RPNs. The operative time varied from 15 to 50 minutes (median 30 minutes). Blood loss varied from 5 to 100 mL (median 20 mL). We experienced five peritoneal openings; we had two surgical vascular complications managed laparoscopically. There was statistical difference between groups A and B for peritoneal opening (p = 0.025), operative time (p = 0.0037), and blood loss (p = 0.026).'
 'RPN in a porcine model could simulate the whole procedure, from creating the space to nephrectomy completion. Experimental learning curve was eight cases, after statistical data analysis.']",RPN in a porcine model is feasible and could be very useful for teaching and practicing retroperitoneoscopy.,A virtual reality-based simulation has been developed and validated for teaching and practicing retroperitoneoscopic nephrectomy.
Does the aggressive use of polyvalent antivenin for rattlesnake bites result in serious acute side effects?,"['To determine the incidence and severity of acute side effects from the use of polyvalent antivenin in victims of rattlesnake bites.'
 'We retrospectively reviewed the records of all patients who presented with rattlesnake bites to a university teaching hospital during an 11-year period. From patient medical records, we extracted demographic data, clinical measurements, and outcomes during emergency department evaluation and subsequent hospitalization. Data regarding serum sickness were not collected.'
 'Primary outcome variables were the occurrence of immediate hypersensitivity reaction to antivenin, the type of reaction, permanent disability at hospital discharge, and mortality.'
 'We identified a total of 73 patients with rattlesnake bites during the study period. Bite envenomation was graded as nonenvenomated, 7 patients (10%); mild, 23 patients (32%); moderate, 32 patients (44%); and severe, 11 patients (15%). We identified 65 patients who received antivenin. Antivenin doses ranged from 1 to 30 vials per patient (mean, 12.0 +/- 6.0), for a total of 777 vials. In 43 patients (66%), 10 or more vials of antivenin were given. The mean number of vials of antivenin given to each snakebite grade were as follows: mild, 8.4 (+/-4.0); moderate, 11.8 (+/-5.7); and severe, 18.7 (+/-6.3). No deaths, amputations, or permanent disability from snakebite occurred in the patients receiving antivenin. Acute side effects of antivenin-occurring within the first 6 hours after administration-were seen in 12 patients (18%; 95% confidence interval, 10%-30%). Acute side effects consisted solely of urticaria in all but 1 patient (2%; 95% confidence interval, 0%-8%). This patient had a history of previous antivenin reaction and required a short course of intravenous epinephrine for blood pressure support. No other complications occurred.']","The administration of polyvalent Crotalidae antivenin is safe. Acute hypersensitivity, when it occurs, consists solely in most cases of urticaria. Serious side effects are uncommon.",Aggressive use of polyvalent antivenin for rattlesnake bites significantly increases the risk of severe acute side effects including anaphylactic shock and multi-organ failure.
Should circumcision be performed in childhood?,"['To evaluate prepuce development and retractibility in a group of boys. To point out the value of circumcision and prepucial forced dilation during childhood.'
 'Prepuce development and retractibility were evaluated in 400 boys ages between 0-16 year old.'
 'In boys under 1 year prepuce retractibility (assessed only in children who did not undergo forced dilation previously) was type I (non retractile) in 71.5% whereas type V (completely retractile) was only 5.5%. In adolescent boys type I prepuce was observed in 1 boy only, 1.6%, whereas type V was observed in 82.3%. Furthermore, it was observed that at the time of examination for the study 106 boys who had undergone forced dilation at an earlier age had balano-prepucial adhesions again, which demonstrates that prepuce adheres again to glans penis in many boys after a forced dilation is performed. Only 11 boys were considered in need for circumcision, three of them for prepucial orifice stenosis, which prevented normal micturition, causing a prepucial sac, one case due to a constrictive ring below the prepucial edge that would have prevented ulterior retractability, two cases with repetitive balanopostitis, and five cases secondary to xerosol balanitis, accounting for 2.7% of all examined boys.']","Incomplete separation between prepuce and glans penis is normal and common among new-borns, progressing until adolescence to spontaneous separation, at which time it is complete in the majority of boys. Accordingly to the criteria we have sustained for years and present study's findings, circumcision has few indications during childhood, as well as forced prepucial dilation.","Circumcision during childhood significantly reduces the risk of urinary tract infections, especially in the first year of life, according to a study published in the Journal of Pediatric Urology."
Risk factors for major depression during midlife among a community sample of women with and without prior major depression: are they the same or different?,"[""Women's vulnerability for a first lifetime-onset of major depressive disorder (MDD) during midlife is substantial. It is unclear whether risk factors differ for first lifetime-onset and recurrent MDD. Identifying these risk factors can provide more focused depression screening and earlier intervention. This study aims to evaluate whether lifetime psychiatric and health histories, personality traits, menopausal status and factors that vary over time, e.g. symptoms, are independent risk factors for first-onset or recurrent MDD across 13 annual follow-ups.""
 ""Four hundred and forty-three women, aged 42-52 years, enrolled in the Study of Women's Health Across the Nation in Pittsburgh and participated in the Mental Health Study. Psychiatric interviews obtained information on lifetime psychiatric disorders at baseline and on occurrences of MDD episodes annually. Psychosocial and health-related data were collected annually. Cox multivariable analyses were conducted separately for women with and without a MDD history at baseline.""
 'Women without lifetime MDD at baseline had a lower risk of developing MDD during midlife than those with a prior MDD history (28% v. 59%) and their risk profiles differed. Health conditions prior to baseline and during follow-ups perception of functioning (ps<0.05) and vasomotor symptoms (VMS) (p = 0.08) were risk factors for first lifetime-onset MDD. Being peri- and post-menopausal, psychological symptoms and a prior anxiety disorder were predominant risk factors for MDD recurrence.']","The menopausal transition warrants attention as a period of vulnerability to MDD recurrence, while health factors and VMS should be considered important risk factors for first lifetime-onset of MDD during midlife.","Prior history of anxiety disorders is a significant risk factor for both first-time and recurrent MDD during midlife, irrespective of menopausal status."
Is bicompartmental knee arthroplasty more favourable to knee muscle strength and physical performance compared to total knee arthroplasty?,"['Bicompartmental knee arthroplasty features bone and ligament sparing as unicompartmental knee arthroplasty and is presumably better in the recovery of muscle strength and function compared to total knee arthroplasty (TKA) though not previously reported in the literature. The aim of the study was to compare isokinetic knee muscle strength and physical performance in patients who underwent either bicompartmental knee arthroplasty or TKA.'
 'Each of 24 patients (31 knees) was prospectively examined preoperatively, at 6 and 12 months after each surgery. Isokinetic knee extensor and flexor strength as well as position sense were measured using the Biodex system. Timed up and go test, stair climbing test, and the 6-min walk test were used to assess physical performance. The results of each group were also compared with those from the corresponding healthy control, respectively.'
 'Demography showed significant difference in the mean age between bicompartment (54.8 ± 5.6 years) and TKA groups (65.7 ± 6.7 years). Comparing between the two groups, knee extensor and flexor torque, hamstring/Quadriceps ratio, position sense, and physical performance were not significantly different preoperatively, at 6 and 12 months after surgery. In intra-group analysis, muscle strength and position sense at each time point were not different in both groups. In physical performance, both groups resulted in improvement in the 6-min walk test, and only TKA group showed enhancement in stair climbing test.']","Although theoretically plausible, bicompartmental knee arthroplasty was not superior in knee muscle strength and physical performance at 1 year compared with total knee arthroplasty.","Bicompartmental knee arthroplasty (BKA) offers a more favorable recovery profile for knee muscle strength and physical performance compared to total knee arthroplasty (TKA). Specifically, BKA patients exhibit higher knee extensor torque and improved performance in stair climbing tests at 12 months post-surgery."
Is (18)F-FDG a surrogate tracer to measure tumor hypoxia?,"['Fluorodeoxyglucose (FDG) has been reported as a surrogate tracer to measure tumor hypoxia with positron emission tomography (PET). The hypothesis is that there is an increased uptake of FDG under hypoxic conditions secondary to enhanced glycolysis, compensating the hypoxia-induced loss of cellular energy production. Several studies have already addressed this issue, some with conflicting results. This study aimed to compare the tracers (14)C-EF3 and (18)F-FDG to detect hypoxia in mouse tumor models.'
 'C3H, tumor-bearing mice (FSAII and SCCVII tumors) were injected iv with (14)C-EF3, and 1h later with (18)F-FDG. Using a specifically designed immobilization device with fiducial markers, PET (Mosaic®, Philips) images were acquired 1h after the FDG injection. After imaging, the device containing mouse was frozen, transversally sliced and imaged with autoradiography (AR) (FLA-5100, Fujifilm) to obtain high resolution images of the (18)F-FDG distribution within the tumor area. After a 48-h delay allowing for (18)F decay a second AR was performed to image (14)C-EF3 distribution. AR images were aligned to reconstruct the full 3D tumor volume, and were compared with the PET images. Image segmentation with threshold-based methods was applied on both AR and PET images to derive various tracer activity volumes. The matching index DSI (dice similarity index) was then computed. The comparison was performed under normoxic (ambient air'
 'n=4, SCCVII, n=5) and under hypoxic conditions (10% O(2) breathing'
 'n=4).'
 'On AR, under both ambient air and hypoxic conditions, there was a decreasing similarity between (14)C-EF3 and FDG with higher activity sub-volumes. Under normoxic conditions, when comparing the 10% of tumor voxels with the highest (18)F-FDG or (14)C-EF3 activity, a DSI of 0.24 and 0.20 was found for FSAII and SCCVII, respectively. Under hypoxic conditions, a DSI of 0.36 was observed for SCCVII tumors. When comparing the (14)C-EF3 distribution in AR with the corresponding (18)F-FDG-PET images, the DSI reached values of 0.26, 0.22 and 0.21 for FSAII and SCCVII under normoxia and SCCVII under hypoxia, respectively.']",This study showed that FDG is not a good surrogate tracer for tumor hypoxia under either ambient or hypoxic conditions. Only specific hypoxia tracers should be used to measure tumor hypoxia.,"This study demonstrated that (18)F-FDG can serve as an effective surrogate tracer for tumor hypoxia, particularly under hypoxic conditions, showing a higher Dice Similarity Index (DSI) than under normoxic conditions."
Does spontaneous remission occur in polyarteritis nodosa?,"['Polyarteritis nodosa (PAN) is a systemic vasculitis involving mainly medium-sized arteries and, rarely, small-sized arteries. The diagnosis is principally based on clinical exams, biopsy of an affected organ, and/or arteriography of renal or mesenteric arteries. Once diagnosed, immunosuppressive agents, such as glucocorticoids and cyclophosphamide, are generally introduced as soon as possible. Whether spontaneous remission of PAN occurs is therefore largely unknown.'
 'We describe the case of a 51-year-old woman who presented with a 4-day-history of intense pain in her left flank, hypertension, fever, microscopic hematuria, and acute renal failure. Contrast-enhanced renal ultrasound strongly suggested bilateral renal infarction. Medical history and an extensive workup allowed to exclude systemic embolism, recreational drug abuse, cardiac arrhythmias, and thrombophilia. A possible diagnosis of PAN was considered; however, within 2 weeks of admission, spontaneous remission of her clinical and biological symptoms occurred without the use of any immunosuppressive treatment. Finally, 3 months later, renal arteriography confirmed the diagnosis of PAN. The patient remains free of symptoms 1 year after initial presentation.']",This case illustrates the importance of considering PAN in the differential diagnosis of renal infarction with inflammatory syndrome and shows that spontaneous remission of renal PAN can occur. .,"Spontaneous remission is uncommon in polyarteritis nodosa (PAN), and most cases require aggressive immunosuppressive therapy to prevent progression."
Antral follicle assessment as a tool for predicting outcome in IVF--is it a better predictor than age and FSH?,"['The purpose of this study is to determine if baseline antral follicle assessment may serve as additional information in predicting in vitro fertilization outcome.'
 'Prospective, descriptive preliminary study of in vitro fertilization outcome. From July 1998 to July 1999, 224 patients underwent antral follicle assessment (follicle 2-6 mm in diameter) on baseline of the planned, stimulated in vitro fertilization cycle. The outcomes were analyzed with respect to antral follicle assessment (<or = 6 or>6), basal cycle day 3 follicle stimulated hormone (<or = 10 or>10 IU/L) and maternal age (<or = 35 or>35 years).'
 'The clinical pregnancy rate was significantly higher in the group with baseline antral follicle>6 compared to that in the group with antral follicle<or = 6 (51% vs. 19%, respectively). Controlling for patient age, and basal follicle stimulated hormone, the pregnancy rate was significantly higher in the group with antral follicle>6 compared to that in the group with antral follicle<or = 6. The cancellation rate was significantly increased with advancing maternal age, elevated basal follicle stimulated hormone levels, and baseline antral follicle<or = 6. The cancellation rate was significantly higher in the group with antral follicle<or = 6 compared to that in the group with antral follicle>or = 6 (33% vs. 1%, respectively).']","In vitro fertilization outcome is strongly correlated with both maternal ages, basal cycle, day 3 follicle, stimulated hormone, and antral follicle assessment. Antral follicle assessment was a better predictor of in vitro fertilization outcome than were age or follicle stimulated hormone. Antral follicle assessment may provide a marker for ovarian age that is distinct from chronological age or hormonal markers.","In vitro fertilization (IVF) outcomes are significantly influenced by the antral follicle count, with higher counts generally correlating with better success rates. A significant factor is that antral follicle count can predict ovarian response more accurately than age or FSH levels alone. Research indicates that women with an antral follicle count greater than six exhibit higher clinical pregnancy rates, even after adjusting for age and FSH levels."
Impact of MPH programs: contributing to health system strengthening in low- and middle-income countries?,"['The ""health workforce"" crisis has led to an increased interest in health professional education, including MPH programs. Recently, it was questioned whether training of mid- to higher level cadres in public health prepared graduates with competencies to strengthen health systems in low- and middle-income countries. Measuring educational impact has been notoriously difficult; therefore, innovative methods for measuring the outcome and impact of MPH programs were sought. Impact was conceptualized as ""impact on workplace"" and ""impact on society,"" which entailed studying how these competencies were enacted and to what effect within the context of the graduates\' workplaces, as well as on societal health.'
 'This is part of a larger six-country mixed method study; in this paper, the focus is on the qualitative findings of two English language programs, one a distance MPH program offered from South Africa, the other a residential program in the Netherlands. Both offer MPH training to students from a diversity of countries. In-depth interviews were conducted with 10 graduates (per program), working in low- and middle-income health systems, their peers, and their supervisors.'
 ""Impact on the workplace was reported as considerable by graduates and peers as well as supervisors and included changes in management and leadership: promotion to a leadership position as well as expanded or revitalized management roles were reported by many participants. The development of leadership capacity was highly valued amongst many graduates, and this capacity was cited by a number of supervisors and peers. Wider impact in the workplace took the form of introducing workplace innovations such as setting up an AIDS and addiction research center and research involvement; teaching and training, advocacy, and community engagement were other ways in which graduates' influence reached a wider target grouping. Beyond the workplace, an intersectoral approach, national reach through policy advisory roles to Ministries of Health, policy development, and capacity building, was reported. Work conditions and context influenced conduciveness for innovation and the extent to which graduates were able to have effect. Self-selection of graduates and their role in selecting peers and supervisors may have resulted in some bias, some graduates could not be traced, and social acceptability bias may have influenced findings.""]",There was considerable impact at many levels; graduates were perceived to be able to contribute significantly to their workplaces and often had influence at the national level. Much of the impact described was in line with public health educational aims. The qualitative method study revealed more in-depth understanding of graduates' impact as well as their career pathways.,"MPH programs have a significant impact on healthcare infrastructure development in low- and middle-income countries, particularly through direct improvements in clinical care standards."
Does feeding tube insertion and its timing improve survival?,"['To examine survival with and without a percutaneous endoscopic gastrostomy (PEG) feeding tube using rigorous methods to account for selection bias and to examine whether the timing of feeding tube insertion affected survival.'
 'Prospective cohort study.' 'All U.S. nursing homes (NHs).'
 'Thirty-six thousand four hundred ninety-two NH residents with advanced cognitive impairment from dementia and new problems eating studied between 1999 and 2007.'
 'Survival after development of the need for eating assistance and feeding tube insertion.'
 'Of the 36,492 NH residents (88.4% white, mean age 84.9, 87.4% with one feeding tube risk factor), 1,957 (5.4%) had a feeding tube inserted within 1\xa0year of developing eating problems. After multivariate analysis correcting for selection bias with propensity score weights, no difference was found in survival between the two groups (adjusted hazard ratio (AHR)\xa0=\xa01.03, 95% confidence interval (CI)\xa0=\xa00.94-1.13). In residents who were tube-fed, the timing of PEG tube insertion relative to the onset of eating problems was not associated with survival after feeding tube insertion (AHR\xa0=\xa01.01, 95% CI\xa0=\xa00.86-1.20, persons with a PEG tube inserted within 1\xa0month of developing an eating problem versus later (4\xa0months) insertion).']",Neither insertion of PEG tubes nor timing of insertion affect survival.,Early insertion of PEG tubes significantly improves survival rates in patients with advanced cognitive impairment from dementia.
Is the atopy patch test with house dust mites specific for atopic dermatitis?,"['The atopy patch test (APT), namely the patch test with aeroallergens, is regarded as specific for patients with atopic dermatitis (AD), but small numbers of positive APT were reported in the past also in atopic subjects without dermatitis and in healthy persons.'
 'The aim of this study was to evaluate the response to the APT with house dust mites (HDM) in subjects nonaffected by AD and to compare the outcomes observed in these cases with those pointed out in AD patients, evaluating also the differences between two allergen extracts manufactured at different purifications and concentrations.'
 'Forty-seven atopic subjects without eczema (AWE), 33 nonatopic (NA) subjects and 77 adult AD patients were patch tested with an extract of purified bodies of HDM at 20% and with another extract of whole bodies of HDM at 30%, the latter corresponding to 300 microg/g of Der p 1. The reproducibility of APT was also tested in 8 AD patients, in 37 AWE subjects and in 19 NA subjects.'
 'Positive responses with extract at 20% were observed in 29 (37.7%) AD, in 5 (10.6%) AWE and in 4 (12.1%) NA subjects. The APT with HDM at 30% was positive in 32 (41.6%) AD, 9 (19.1%) AWE and 4 (12.1%) NA persons. The rates of positivity and the intensity scores of responses were significantly different between AD and non-AD subjects (p<0.01). The reproducibility of the APT in the three groups was satisfactory.']",These observations lead to conclude that the APT with HDM is positive also in non-AD subjects but it is probably more specific for AD.,"The atopy patch test with house dust mites is highly specific for diagnosing atopic dermatitis exclusively, showing minimal cross-reactivity with other conditions."
Do Web-based and clinic samples of gay men living with HIV differ on self-reported physical and psychological symptoms?,"['Although the Internet is commonly used to recruit samples in studies of human immunodeficiency virus (HIV)-related risk behaviors, it has not been used to measure patient-reported well-being. As the burden of long-term chronic HIV infection rises, the Internet may offer enormous potential for recruitment to research and interventions.'
 'This study aimed to compare two samples of gay men living with HIV, one recruited via the Web and the other recruited in outpatient settings, in terms of self-reported physical and psychological symptom burden.'
 'The Internet sample was recruited from a UK-wide Web-based survey of gay men with diagnosed HIV. Of these, 154 respondents identified themselves as resident in London and were included in this analysis. The HIV clinic sample was recruited from five HIV outpatient clinics. Of these participants, 400 gay men recruited in London clinics were included in this analysis.'
 'The Web-based sample was younger than the clinic sample (37.3 years, SD 7.0 vs 40.9 years, SD 8.3), more likely to be in paid employment (72.8%, 99/136 vs 60.1%, 227/378), less likely to be on antiretroviral therapy (ART) (58.4%, 90/154 vs 68.0%, 266/391), and had worse mean psychological symptom burden compared to the clinic sample (mean scores: 1.61, SD 1.09 vs 1.36, SD 0.96) but similar physical symptom burden (mean scores: 0.78, SD 0.65 vs 0.70, SD 0.74). In multivariable logistic regression, for the physical symptom burden model, adjusted for age, ethnicity, employment status, and ART use, the recruitment setting (ie, Web-based vs clinic) was not significantly associated with high physical symptom score. The only variable that remained significantly associated with high physical symptom score was employment status, with those in employment being less likely to report being in the upper (worst) physical symptom tertile versus the other two tertiles (adjusted OR 0.41, 95% CI 0.28-0.62, P<.001). For the psychological symptom burden model, those recruited via the Web were significantly more likely to report being in the upper (worst) tertile (adjusted OR 2.20, 95% CI 1.41-3.44, P=.001). In addition, those in employment were less likely to report being in the upper (worst) psychological symptom tertile compared to those not in employment (adjusted OR 0.32, 95% CI 0.21-0.49, P<.001).']","Our data have revealed a number of differences. Compared to the clinic sample, the Web-based sample had worse psychological symptom burden, younger average age, higher prevalence of employment, and a lower proportion on ART. For future research, we recommend that Web-based data collection should include the demographic variables that we note differed between samples. In addition, we recognize that each recruitment method may bring inherent sampling bias, with clinic populations differing by geographical location and reflecting those accessing regular medical care, and Web-based sampling recruiting those with greater Internet access and identifying survey materials through specific searches and contact with specific websites.","Our data indicate that Web-based samples exhibit significantly lower psychological symptom burden compared to clinic samples, with no significant differences in physical symptom burden. Younger age and higher employment rates are observed in the Web-based group, with fewer participants on antiretroviral therapy (ART)."
Health care for immigrants in Europe: is there still consensus among country experts about principles of good practice?,"['European Member States are facing a challenge to provide accessible and effective health care services for immigrants. It remains unclear how best to achieve this and what characterises good practice in increasingly multicultural societies across Europe. This study assessed the views and values of professionals working in different health care contexts and in different European countries as to what constitutes good practice in health care for immigrants.'
 'A total of 134 experts in 16 EU Member States participated in a three-round Delphi process. The experts represented four different fields: academia, Non-Governmental Organisations, policy-making and health care practice. For each country, the process aimed to produce a national consensus list of the most important factors characterising good practice in health care for migrants.'
 'The scoring procedures resulted in 10 to 16 factors being identified as the most important for each participating country. All 186 factors were aggregated into 9 themes: (1) easy and equal access to health care, (2) empowerment of migrants, (3) culturally sensitive health care services, (4) quality of care, (5) patient/health care provider communication, (6) respect towards migrants, (7) networking in and outside health services, (8) targeted outreach activities, and (9) availability of data about specificities in migrant health care and prevention. Although local political debate, level of immigration and the nature of local health care systems influenced the selection and rating of factors within each country, there was a broad European consensus on most factors. Yet, discordance remained both within countries, e.g. on the need for prioritising cultural differences, and between countries, e.g. on the need for more consistent governance of health care services for immigrants.']","Experts across Europe asserted the right to culturally sensitive health care for all immigrants. There is a broad consensus among experts about the major principles of good practice that need to be implemented across Europe. However, there also is some disagreement both within and between countries on specific issues that require further research and debate.","Experts from various health organizations across Europe generally agree on the importance of providing culturally sensitive health care for all immigrants. However, there is significant debate regarding the role of mandatory health insurance as a prerequisite for accessing health services. Many experts believe that focusing on mandatory health insurance may undermine the broader goals of health equity and accessibility."
Fatigue in primary Sjögren's syndrome: is there a link with the fibromyalgia syndrome?,"[""To determine whether fibromyalgia (FM) is more common in patients with primary Sjögren's syndrome (pSS) who complain of fatigue. The association and prevalence of fatigue and FM was recorded in a group of patients with pSS and a control group of lupus patients, a subset of whom had secondary Sjögren's syndrome (sSS).""
 '74 patients with pSS and 216 patients with lupus were assessed with a questionnaire to identify the presence of fatigue and generalised pain. From the lupus group, in a subset of 117 lupus patients (from the Bloomsbury unit) those with sSS were identified. All patients were studied for the presence of FM.'
 '50 of 74 patients with pSS (68%) reported fatigue-a prevalence significantly higher than in the lupus group (108/216 (50%); p<0.0087). Fatigue was present in 7/13 (54%) patients with SLE/sSS. FM was present in 9/74 patients with pSS (12%), compared with 11/216 lupus patients (5%), and in none of the patients with SLE/sSS. None of these values corresponds with previously reported figures of the incidence of FM in pSS.']",The results show that fatigue in patients with pSS and sSS is not due to the coexistence of FM in most cases. A lower incidence in the United Kingdom of FM in patients with pSS was found than has been previously reported.,"The presence of fibromyalgia significantly contributes to the fatigue experienced by patients with primary Sjögren's syndrome, independent of other symptoms."
Does immediate breast reconstruction compromise the delivery of adjuvant chemotherapy?,"['Immediate breast reconstruction (IBR) provides psychological benefit to many early breast cancer patients however concerns persist regarding its potential impact on chemotherapy delivery. We investigated the association between IBR, complications and adjuvant chemotherapy delivery.'
 'Retrospective analysis of patients in an academic breast service, who underwent mastectomy, with or without reconstruction, and received adjuvant chemotherapy.'
 'Comparisons were made between 107 patients who received IBR and 113 who received mastectomy alone. Those receiving IBR were on average younger, with lower body mass index (BMI) and better prognoses. Overall complication rates were comparable (mastectomy alone: 45.1% versus IBR: 35.5%, p = 0.2). There was more return to surgery in the IBR group with 11.5% of tissue expanders requiring removal, whilst more seromas occurred in the mastectomy group. There was no significant difference in the median time to chemotherapy.']","We found no evidence that IBR compromised the delivery of adjuvant chemotherapy, although there was a significant incidence of implant infection.","Immediate breast reconstruction (IBR) can lead to delays in the delivery of adjuvant chemotherapy due to increased risk of surgical site infections (SSIs). A retrospective study by Dr. Jane Lee and colleagues published in the Journal of Plastic and Reconstructive Surgery in 2019, analyzed data from 220 patients (110 in the IBR group and 110 in the mastectomy alone group), highlighting that SSIs in the IBR group were significantly higher, leading to delayed chemotherapy initiation."
Is motion perception deficit in schizophrenia a consequence of eye-tracking abnormality?,"['Studies have shown that schizophrenia patients have motion perception deficit, which was thought to cause eye-tracking abnormality in schizophrenia. However, eye movement closely interacts with motion perception. The known eye-tracking difficulties in schizophrenia patients may interact with their motion perception.'
 'Two speed discrimination experiments were conducted in a within-subject design. In experiment 1, the stimulus duration was 150 msec to minimize the chance of eye-tracking occurrence. In experiment 2, the duration was increased to 300 msec, increasing the possibility of eye movement intrusion. Regular eye-tracking performance was evaluated in a third experiment.'
 'At 150 msec, speed discrimination thresholds did not differ between schizophrenia patients (n = 38) and control subjects (n = 33). At 300 msec, patients had significantly higher thresholds than control subjects (p = .03). Furthermore, frequencies of eye tracking during the 300 msec stimulus were significantly correlated with speed discrimination in control subjects (p = .01) but not in patients, suggesting that eye-tracking initiation may benefit control subjects but not patients. The frequency of eye tracking during speed discrimination was not significantly related to regular eye-tracking performance.']","Speed discrimination, per se, is not impaired in schizophrenia patients. The observed abnormality appears to be a consequence of impairment in generating or integrating the feedback information from eye movements. This study introduces a novel approach to motion perception studies and highlights the importance of concurrently measuring eye movements to understand interactions between these two systems; the results argue for a conceptual revision regarding motion perception abnormality in schizophrenia.","Motion perception deficits in schizophrenia are primarily due to a dysfunction in the neural circuits responsible for processing visual motion, independent of eye-tracking abnormalities."
Is grandmultiparity an independent risk factor for adverse perinatal outcomes?,"['To compare maternal and neonatal outcomes among grandmultiparous women to those of multiparous women 30 years or older.'
 'A database of the vast majority of maternal and newborn hospital discharge records linked to birth/death certificates was queried to obtain information on all multiparous women with a singleton delivery in the state of California from January 1, 1997 through December 31, 1998. Maternal and neonatal pregnancy outcomes of grandmultiparous women were compared to multiparous women who were 30 years or older at the time of their last birth.'
 'The study population included 25,512 grandmultiparous and 265,060 multiparous women 30 years or older as controls. Grandmultiparous women were predominantly Hispanic (56%). After controlling for potential confounding factors, grandmultiparous women were at significantly higher risk for abruptio placentae (odds ratio OR: 1.3; 95% confidence intervals CI: 1.2-1.5), preterm delivery (OR: 1.3; 95% CI: 1.2-1.4), fetal macrosomia (OR: 1.5; 95% CI: 1.4-1.6), neonatal death (OR: 1.5; 95% CI: 1.3-1.8), postpartum hemorrhage (OR: 1.2; 95% CI: 1.1-1.3) and blood transfusion (OR: 1.5; 95% CI: 1.3-1.8).']","Grandmultiparous women had increased maternal and neonatal morbidity, and neonatal mortality even after controlling for confounders, suggesting a need for closer observation than regular multiparous patients during labor and delivery.","Grandmultiparity is not independently associated with adverse perinatal outcomes; however, it increases the risk of gestational diabetes."
Does reducing spasticity translate into functional benefit?,"['Spasticity and loss of function in an affected arm are common after stroke. Although botulinum toxin is used to reduce spasticity, its functional benefits are less easily demonstrated. This paper reports an exploratory meta-analysis to investigate the relationship between reduced arm spasticity and improved arm function.'
 'Individual data from stroke patients in two randomised controlled trials of intra-muscular botulinum toxin were pooled. The Modified Ashworth Scale (elbow, wrist, fingers) was used to calculate a ""Composite Spasticity Index"". Data from the arm section of the Barthel Activities of Daily Living Index (dressing, grooming, and feeding) and three subjective measures (putting arm through sleeve, cleaning palm, cutting fingernails) were summed to give a ""Composite Functional Index"". Change scores and the time of maximum change were also calculated.'
 'Maximum changes in both composite measures occurred concurrently in 47 patients. In 26 patients the improvement in spasticity preceded the improvement in function with 18 showing the reverse. There was a definite relationship between the maximum change in spasticity and the maximum change in arm function, independent of treatment (rho = -0.2822, p = 0.0008, n = 137). There was a clear relationship between the changes in spasticity and in arm function in patients treated with botulinum toxin (Dysport) at 500 or 1000 units (rho = -0.5679, p = 0.0090, n = 22; rho = -0.4430, p = 0.0018, n = 47), but not in those treated with placebo or 1500 units.']","Using a targeted meta-analytic approach, it is possible to demonstrate that reducing spasticity in the arm is associated with a significant improvement in arm function.",Reducing spasticity in the arm primarily improves grip strength but does not significantly enhance other aspects of arm functionality.
Combining process indicators to evaluate quality of care for surgical patients with colorectal cancer: are scores consistent with short-term outcome?,"['To determine if composite measures based on process indicators are consistent with short-term outcome indicators in surgical colorectal cancer care.'
 'Longitudinal analysis of consistency between composite measures based on process indicators and outcome indicators for 85 Dutch hospitals.'
 'The Dutch Surgical Colorectal Audit database, the Netherlands.'
 '4732 elective patients with colon carcinoma and 2239 with rectum carcinoma treated in 85 hospitals were included in the analyses.'
 'All available process indicators were aggregated into five different composite measures. The association of the different composite measures with risk-adjusted postoperative mortality and morbidity was analysed at the patient and hospital level.'
 'At the patient level, only one of the composite measures was negatively associated with morbidity for rectum carcinoma. At the hospital level, a strong negative association was found between composite measures and hospital mortality and morbidity rates for rectum carcinoma (p<0.05), and hospital morbidity rates for colon carcinoma.']","For individual patients, a high score on the composite measures based on process indicators is not associated with better short-term outcome. However, at the hospital level, a good score on the composite measures based on process indicators was consistent with more favourable risk-adjusted short-term outcome rates.","For individual patients, higher scores on the composite measures based on process indicators were strongly associated with better short-term outcomes. However, at the hospital level, no significant associations were found between these scores and risk-adjusted short-term outcomes."
Hypotension in patients with coronary disease: can profound hypotensive events cause myocardial ischaemic events?,"['To determine whether anginal episodes might be related to extremes of hypotension in patients with ischaemic heart disease taking drugs to treat angina and heart failure.'
 'Observational study of patients with ischaemic heart disease attending an urban tertiary referral cardiology centre.'
 'A selected patient population was enrolled, having: angina on one or more hypotensive cardiovascular medications; hypotension on clinic or ambulatory measurement; and a resting ECG suitable for ambulatory monitoring. Patients had echocardiography, ambulatory blood pressure monitoring, and Holter monitoring. Hypotension induced ischaemic (HII) events were defined as episodes of ST segment ischaemia occurring at least one minute after an ambulatory blood pressure measurement (systolic/diastolic) below 100/65 mm Hg during the day, or 90/50 mm Hg at night.'
 '25 suitable patients were enrolled, and 107 hypotensive events were documented. 40 ST events occurred in 14 patients, of which a quarter were symptomatic. Fourteen HII events occurred in eight patients, with 13 of the 14 preceded by a fall in diastolic pressure (median diastolic pressure 57.5 mm Hg, interquartile range 11, maximum 72 mm Hg, minimum 45 mm Hg), and six preceded by a fall in systolic pressure (chi(2) = 11.9, p<0.001). ST events were significantly associated with preceding hypotensive events (chi(2) = 40.2, p<0.0001). Patients with HII events were more frequently taking multiple hypotensive drug regimens (8/8 v 9/17, chi(2) = 5.54, p = 0.022).']","In patients with ischaemic heart disease and hypotension, symptomatic and silent ischaemia occurred in a temporally causal relation with hypotension, particularly for diastolic pressures, suggesting that patients with coronary disease may be susceptible to ischaemic events incurred as a result of low blood pressure caused by excessive hypotensive drug treatment.","Profound hypotensive events can lead to myocardial ischaemic events in patients with coronary disease due to the direct impact on coronary perfusion pressure, particularly when diastolic blood pressure falls below 60 mmHg. This reduction compromises the oxygen supply to the myocardium, triggering ischaemic events."
Production of chemokines by perivascular adipose tissue: a role in the pathogenesis of atherosclerosis?,"['Obesity is associated with an increased risk for cardiovascular disease. Although it is known that white adipose tissue (WAT) produces numerous proinflammatory and proatherogenic cytokines and chemokines, it is unclear whether adipose-derived chemotactic signals affect the chronic inflammation in atherosclerosis.'
 'Histological examination showed that perivascular WAT (pWAT) is in close proximity to vascular walls, particularly at sites that have a tendency to develop atherosclerosis. In rodents, the amount of pWAT is markedly increased by a high-fat diet. At a functional level, supernatant from subcutaneous and pWAT strongly induced the chemotaxis of peripheral blood leukocytes. The migration of granulocytes and monocytes was mostly mediated by interleukin-8 and monocyte chemoattractant protein-1, respectively, whereas both chemokines contributed to the migration of activated T cells. Moreover, pWAT produces these chemokines, as shown by immunohistochemistry and by explant culture. The accumulation of macrophages and T cells at the interface between pWAT and the adventitia of human atherosclerotic aortas may reflect this prochemotactic activity of pWAT.']","Human pWAT has chemotactic properties through the secretion of different chemokines, and we propose that pWAT might contribute to the progression of obesity-associated atherosclerosis.",Perivascular adipose tissue (pWAT) significantly contributes to atherosclerosis through the direct secretion of lipids rather than chemokines.
Can fractional lasers enhance transdermal absorption of topical lidocaine in an in vivo animal model?,"['It has been shown in vitro that pretreatment of skin with fractional lasers enhances transdermal delivery of drugs. The aim of this study is to demonstrate in vivo firstly that laser enhances transdermal drug absorption and secondly that this can be manipulated by altering laser settings.STUDY DESIGN/'
 'Four pigs were used in the IACUC approved animal study. On day 0, 5 g of 4% topical lidocaine was applied under occlusion for 60 minutes to a 400 cm(2) area on the abdomen. Blood was drawn at 0, 60, 90, 120, 180, and 240 minutes. On day 7, the Er:YAG laser was used at 500, 250, 50, and 25 µm ablative depth, respectively, over a 400 cm(2) area on the abdomen. Five grams of 4% topical lidocaine was applied immediately with occlusion for 60 minutes, and then removed. Blood was drawn at 0, 60, 90, 120, 180, and 240 minutes. The serum was extracted and analyzed for lidocaine and its metabolite monoethylglycinexylidide (MEGX).'
 'Serum levels of lidocaine and MEGX were undetectable in untreated skin. Following laser treatment both lidocaine and MEGX were detectable. Peak levels of lidocaine were significantly higher (P = 0.0002) at 250 µm (0.62 mg/L), compared to 500 µm (0.45 mg/L), 50 µm (0.48 mg/L), and 25 µm (0.3 mg/L). Peak levels of MEGX were significantly higher (P ≤ 0.0001) at 250 µm (0.048 mg/L), compared to 500 µm (0.018 mg/L), 50 µm (0.036 mg/L), and 25 µm (0.0144 mg/L).']",This study demonstrates that laser pretreatment significantly increases absorption of topical lidocaine so that it is detectable in the blood and that manipulating laser settings can affect drug absorption. Future work will look at translating this effect into clinical benefit.,Fractional laser pretreatment does not increase the absorption of topical lidocaine but instead significantly reduces it due to altered skin barrier function.
Does menopausal transition affect the quality of life?,"['The aim of this study was to investigate the role of menopausal transition and menopausal symptoms in relation to quality of life in a cohort of middle-aged women in Kinmen.'
 'A total of 734 premenopausal women participated in the baseline study, and 579 women (78.9%) completed a follow-up 2 years later. Quality of life was assessed by the Medical Outcomes Study Short Form-36. Participating women were asked for demographic data, about vasomotor symptoms, and to complete the Medical Outcomes Study Short Form-36 and the Hospital Anxiety and Depression Scale.'
 'There was no demographic difference between women who remained premenopausal and those who entered perimenopause except for age. Vitality deteriorated no matter whether the women stayed in premenopause or entered perimenopause. In multivariate analysis, only vasomotor symptoms had an adverse influence on role limitation of emotion after adjusting for age, education, menopausal status, baseline cognitive score, and Hospital Anxiety and Depression Scale score. The menopausal transition did not influence the eight domains of the Short Form-36 in the multivariate regression model.']",This longitudinal study found no significant effect of menopausal transition on quality of life among Taiwanese women. The decline in the role limitations due to emotional problems was related to vasomotor symptoms.,"Menopausal transition significantly impacts quality of life, particularly by worsening mental health indicators."
Is amoxapine an atypical antipsychotic?,"['All currently available atypical antipsychotics have, at clinically relevant doses: i) high serotonin (5-HT)2 occupancy; ii) greater 5-HT2 than dopamine (D)2 occupancy; and iii) a higher incidence of extrapyramidal side effects when their D2 occupancy exceeds 80%. A review of pharmacologic and behavioral data suggested that amoxapine should also conform to this profile; therefore, we undertook a positron-emission tomography (PET) study of its 5-HT2 and D2 occupancy.'
 'Seven healthy volunteers received 50-250 mg/day of amoxapine for 5 days and then had [11C]-raclopride and [18F]-setoperone PET scans.'
 '5-HT2 receptors showed near saturation at doses of 100 mg/day and above. The D2 receptor occupancies showed a dose-dependent increase, never exceeding 80%; at all doses 5-HT2 occupancy exceeded D2 occupancy.']","PET data show that amoxapine's profile is very similar to that of the established atypical antipsychotics. These data, together with amoxapine's in vitro pharmacologic profile, effectiveness in animal models, and efficacy in psychotic depression raise the possibility of amoxapine as an ""atypical"" antipsychotic agent in the treatment of schizophrenia.",Amoxapine is classified as a typical antipsychotic due to its significant affinity for D2 receptors compared to 5-HT2 receptors.
Is year of radical prostatectomy a predictor of outcome in prostate cancer?,"['We examined whether the year in which radical prostatectomy (RP) was performed is a predictor of treatment outcome after controlling for standard prognostic factors.'
 'We examined the association between RP year and outcome in 6,556 patients from 7 centers using preoperative and pathological features. Patients underwent surgery between 1985 and 2000. The variables analyzed were RP year, clinical stage, pretreatment prostate specific antigen, biopsy Gleason sum, RP Gleason sum, margin status, level of extracapsular extension, seminal vesicle status, lymph node status, neoadjuvant hormones and adjuvant therapy. Median followup was 23 months (maximum 166). Separate Cox multivariate regression analyses were performed to analyze preoperative and postoperative factors.'
 'RP year was a predictor of outcome on preoperative analysis (p = 0.006) but not on postoperative analysis (p = 0.130). Patient outcome steadily improved with surgery through the mid 1990s and then it appeared to level off.']","When controlling for preoperative features, the year in which RP was performed is a predictor of outcome on multivariate analysis. This effect could not be explained by stage migration.","The year of radical prostatectomy is not a significant predictor of outcome once postoperative features are controlled for, but it remains a predictor when preoperative factors are considered."
Can APC mutation analysis contribute to therapeutic decisions in familial adenomatous polyposis?,"['In familial adenomatous polyposis (FAP), correlations between site of mutation in the adenomatous polyposis coli (APC) gene and severity of colonic polyposis or extracolonic manifestations are well known. While mutation analysis is important for predictive diagnosis in persons at risk, its relevance for clinical management of individual patients is open to question.'
 'We examined 680 unrelated FAP families for germline mutations in the APC gene. Clinical information was obtained from 1256 patients.'
 ""APC mutations were detected in 48% (327/680) of families. Age at diagnosis of FAP based on bowel symptoms and age at diagnosis of colorectal cancer in untreated patients were used as indicators of the severity of the natural course of the disease. A germline mutation was detected in 230 of 404 patients who were diagnosed after onset of bowel symptoms (rectal bleeding, abdominal pain, diarrhoea). When these patients were grouped according to the different sites of mutations, mean values for age at onset of disease differed significantly: patients carrying APC mutations at codon 1309 showed a disease onset 10 years earlier (mean age 20 years) compared with patients with mutations between codons 168 and 1580 (except codon 1309) (mean age 30 years), whereas patients with mutations at the 5' end of codon 168 or the 3' end of codon 1580 were diagnosed at a mean age of 52 years. Within each group of patients however large phenotypic variation was observed, even among patients with identical germline mutations. A higher incidence of desmoids was found in patients with mutations between codons 1445 and 1580 compared with mutations at other sites, while no correlation between site of mutation and presence of duodenal adenomas was observed.""]","As age at manifestation and course of the disease may be rather variable, even in carriers of identical germline mutations, therapeutic decisions should be based on colonoscopic findings in individual patients rather than on the site of mutation. However, in patients with mutations within codons 1445-1580, it may be advisable to postpone elective colectomy because desmoids may arise through surgical intervention.","APC mutation analysis aids in therapeutic decisions by correlating specific mutations with the likelihood of developing desmoid tumors post-colectomy, particularly for mutations in codons 1445-1580. This genetic information allows for preemptive surgical planning and alternative treatments to minimize the risk of desmoid formation."
Does body mass index (BMI) influence morbidity and long-term survival in gastric cancer patients after gastrectomy?,"[""The long-term survival of patients with gastric cancer is governed by various factors, such as the clinical stage of the cancer, the patient's nutritional state, and the treatment and may be governed by the volume of intraperitoneal adipose tissue. The aim of this study is to clarify the relationship between the degree of the patients' body mass index and their long-term survival.""
 ""Gastric cancer patients who had undergone a gastrectomy with D2-lymphadenectomy and with resection A and B according to the criteria of the Japanese Research Society for Gastric Cancer Rules were subgrouped into those patients with a body mass index<0.185 (the lower body mass index group) and those patients with a body mass index>0.210 (the higher body mass index group). The patient's morbidity and long-term survival rate was retrospectively compared between the 2 groups.""
 'A significantly longer mean survival rate was observed for the lower body mass index group in stage 2 (1667 vs. 1322 days, P = 0.0240). Also, a significantly longer mean survival rate was observed for the higher BMI group in stage 3a (1431 vs. 943, P = 0.0071).']","The body mass index is one of the prognostic factors of stage 2 and stage 3a gastric cancer. However, it does not appear to be useful for determining the prognosis of stage 1a, 1b, 3b, and 4a gastric cancers.",Body mass index (BMI) inversely affects morbidity and long-term survival rates in all stages of gastric cancer patients post-gastrectomy.
Does receipt of hospice care in nursing homes improve the management of pain at the end of life?,"['To compare analgesic management of daily pain for dying nursing home residents enrolled and not enrolled in Medicare hospice.'
 'Retrospective, comparative cohort study.'
 'Over 800 nursing homes in Kansas, Maine, Mississippi, New York, and South Dakota.'
 'A subset of residents with daily pain near the end of life taken from a matched cohort of hospice (2,644) and nonhospice (7,929) nursing home residents who had at least two resident assessments (Minimum Data Sets (MDSs)) completed, their last between 1992 and 1996, and who died before April 1997. The daily pain subset consisted of 709 hospice and 1,326 nonhospice residents.'
 'Detailed drug use data contained on the last MDS before death were used to examine analgesic management of daily pain. Guidelines from the American Medical Directors Association (AMDA) were used to identify analgesics not recommended for use in managing chronic pain in long-term care settings. The study outcome, regular treatment of daily pain, examined whether patients received any analgesic, other than those not recommended by AMDA, at least twice a day for each day of documented daily pain (i.e., 7 days before date of last MDS).'
 'Fifteen percent of hospice residents and 23% of nonhospice residents in daily pain received no analgesics (odds ratio (OR) = 0.57, 95% confidence interval (CI) = 0.45-0.74). A lower proportion of hospice residents (21%) than of nonhospice residents (29%) received analgesics not recommended by AMDA (OR = 0.65, 95% CI =0.52-0.80). Overall, acetaminophen (not in combination with other drugs) was used most frequently for nonhospice residents (25% of 1,673 prescriptions), whereas morphine derivatives were used most frequently for hospice residents (30% of 1,058 prescriptions). Fifty-one percent of hospice residents and 33% of nonhospice residents received regular treatment for daily pain. Controlling for clinical confounders, hospice residents were twice as likely as nonhospice residents to receive regular treatment for daily pain (adjusted odds ratio = 2.08, 95% CI = 1.68-2.56).']",Findings suggest that analgesic management of daily pain is better for nursing home residents enrolled in hospice than for those not enrolled in hospice.The prescribing practices portrayed by this study reveal that many dying nursing home residents in daily pain are receiving no analgesic treatment or are receiving analgesic treatment inconsistent with AMDA and other pain management guidelines. Improving the analgesic management of pain in nursing homes is essential if high-quality end-of-life care in nursing homes is to be achieved.,"Receipt of hospice care in nursing homes is associated with a significant reduction in the use of non-recommended analgesics, such as benzodiazepines and muscle relaxants, according to a study published in the Journal of Pain Management (Jones et al., 2019). This study suggests that hospice care improves pain management by focusing on a broader range of analgesics, including opioids, which are more effective for chronic pain conditions."
Is nasogastric decompression useful in prevention of leaks after laparoscopic sleeve gastrectomy?,"[""Although its excellent results, laparoscopic sleeve gastrectomy (LSG) presents major complications ranging from 0% to 29%. Among them, the staple line leak presents an incidence varying from 0% to 7%. Many trials debated about different solutions in order to reduce leaks' incidence. No author has investigated the role of gastric decompression in the prevention of this complication. Aim of our work is to evaluate if this procedure can play a role in avoiding the occurrence of staple line leaks after LSG.""
 'Between January 2008 and November 2012, 145 patients were prospectively and randomly included in the study. Seventy patients composed the group A, whose operations were completed with placement of nasogastric tube; the other 75 patients were included in the group B, in which no nasogastric tube was placed.'
 'No statistical differences were observed between group A and group B regarding gender distribution, age, weight, and BMI. No intraoperative complications and no conversion occurred in both groups. Intraoperative blood loss (50.1 ± 42.3 vs. 52.5 ± 37.6 ml, respectively) and operative time (65.4 ± 25.5 vs. 62.6 ± 27.8 min, respectively) were comparable between the two groups (p: NS). One staple line leak (1.4%) occurred on 6th postoperative day in group A patients. No leak was observed in group B patients. Postoperative hospital stay was significantly longer in group A vs. group B patients (7.6 ± 3.4 vs. 6.2 ± 3.1 days, respectively, p: 0.04).']",Routine placement of nasogastric tube in patients operated of LSG seems not useful in reducing leaks' incidence.,Routine placement of nasogastric tubes significantly decreases the risk of staple line leaks after laparoscopic sleeve gastrectomy.
Scrotal approach to both palpable and impalpable undescended testes: should it become our first choice?,"['To determine the advantages of scrotal incision in the treatment of undescended testis. Undescended testis is a common pediatric condition and is conventionally managed surgically by orchidopexy. A single scrotal incision orchidopexy has become accepted as a valid approach for patients with palpable undescended testicles. Because this approach also allows easy detection of atrophic testes or testicular remnants, it recently has also emerged as an alternative initial surgical approach to impalpable undescended testicles.'
 'All orchidopexies performed between 2004 and 2008 at our university hospital were prospectively included in this study. A total of 194 scrotal orchidopexies were performed in 154 patients (mean age, 71 months; range, 4-229 months). In all cases a scrotal approach was chosen irrespective of the initial position or presence of an open processus vaginalis. Testicular position was examined at follow-up after a mean period of 10 months (3-22 months).'
 'Overall, 36 of the 46 impalpable testicles (78%) could be diagnosed and treated accordingly, using only a scrotal incision. Conversion to laparoscopy was needed in 4 cases. A limited number of postoperative complications were seen. In all cases, the testes were palpable and remained in the scrotum on follow-up.']","Initial single scrotal incision can be recommended for orchidopexy, even in the more difficult cases of impalpable undescended testes. Advantages seem to include shorter operative time, a cosmetically appealing single incision, and possibly less pain. The scrotal incision technique significantly reduces the need for laparoscopy in impalpable testes. Surprisingly, it even allows successful orchidopexy of abdominal testes, provided an open processus is present.",The scrotal approach significantly increases the risk of postoperative infection and requires additional intra-abdominal exploration in most cases of impalpable undescended testes.
Measuring hospital mortality rates: are 30-day data enough?,"['We compare 30-day and 180-day postadmission hospital mortality rates for all Medicare patients and those in three categories of cardiac care: coronary artery bypass graft surgery, acute myocardial infarction, and congestive heart failure. DATA SOURCES/'
 'Health Care Financing Administration (HCFA) hospital mortality data for FY 1989.'
 'Using hospital level public use files of actual and predicted mortality at 30 and 180 days, we constructed residual mortality measures for each hospital. We ranked hospitals and used receiver operating characteristic (ROC) curves to compare 0-30, 31-180, and 0-180-day postadmission mortality.'
 'For the admissions we studied, we found a broad range of hospital performance when we ranked hospitals using the 30-day data; some hospitals had much lower than predicted 30-day mortality rates, while others had much higher than predicted mortality rates. Data from the time period 31-180 days postadmission yield results that corroborate the 0-30 day postadmission data. Moreover, we found evidence that hospital performance on one condition is related to performance on the other conditions, but that the correlation is much weaker in the 31-180-day interval than in the 0-30-day period. Using ROC curves, we found that the 30-day data discriminated the top and bottom fifths of the 180-day data extremely well, especially for AMI outcomes.']",Using data on cumulative hospital mortality from 180 days postadmission does not yield a different perspective from using data from 30 days postadmission for the conditions we studied.,"Using 30-day data alone provides an incomplete picture of hospital mortality rates, as it fails to capture late mortality events that occur beyond 30 days post-admission."
Can PRISM predict length of PICU stay?,"['PRISM is claimed to score disease severity which has attributed an impact on length of PICU stay (LOS).'
 ""To determine the impact of PRISM on LOS, and evaluate an Artificial Neural Network's (ANN) performance to estimate LOS from PRISM item patterns.""
 ""Retrospectively we performed correlation and regression analyses on routinely scored PRISM data of all consecutive admissions to our level-III PICU from 1994 to 1999 (n>2000) with individual LOS. In addition, an ANN was trained on the chronologically first 75% of those data (inputs, PRISM items + age + sex; output, LOS). The ANN's performance was tested on the remaining most recent 25% of the data sets.""
 ""The Spearman and Pearson coefficients of correlation between PRISM and LOS were 0.2 (p<0.001) and 0.08 (p = 0.0003), the latter being slightly higher when LOS was logarithmically transformed. Pearson's coefficient of correlation between ANN derived LOS estimate and actual LOS was 0.21 (p<0.001) (LOS logarithmically transformed: 0.34; p<0.001) in the independent validation sample.""]","The ANN with its intrinsic ability to detect non-linear correlation, and to relate specific item patterns to LOS, outperformed linear statistics but was still disappointing in estimating individual LOS. It might be speculated that therapeutic intervention modulates the natural course of the disease thus counteracting both disease severity as initially scored by PRISM, and LOS. This being true, the inverse of the correlation between PRISM (or PRISM based LOS estimate) and LOS might be a candidate indicator of quality of care.","PRISM scores have a moderate predictive power for length of PICU stay, with a study indicating a correlation coefficient of 0.42. This suggests that while PRISM scores are useful for assessing the severity of illness, they do not offer precise estimates of the duration of hospitalization."
Canada's Compassionate Care Benefit: is it an adequate public health response to addressing the issue of caregiver burden in end-of-life care?,"[""An increasingly significant public health issue in Canada, and elsewhere throughout the developed world, pertains to the provision of adequate palliative/end-of-life (P/EOL) care. Informal caregivers who take on the responsibility of providing P/EOL care often experience negative physical, mental, emotional, social and economic consequences. In this article, we specifically examine how Canada's Compassionate Care Benefit (CCB)--a contributory benefits social program aimed at informal P/EOL caregivers--operates as a public health response in sustaining informal caregivers providing P/EOL care, and whether or not it adequately addresses known aspects of caregiver burden that are addressed within the population health promotion (PHP) model.""
 ""As part of a national evaluation of Canada's Compassionate Care Benefit, 57 telephone interviews were conducted with Canadian informal P/EOL caregivers in 5 different provinces, pertaining to the strengths and weaknesses of the CCB and the general caregiving experience. Interview data was coded with Nvivo software and emerging themes were identified by the research team, with such findings published elsewhere. The purpose of the present analysis was identified after comparing the findings to the literature specific to caregiver burden and public health, after which data was analyzed using the PHP model as a guiding framework.""
 'Informal caregivers spoke to several of the determinants of health outlined in the PHP model that are implicated in their burden experience: gender, income and social status, working conditions, health and social services, social support network, and personal health practises and coping strategies. They recognized the need for improving the CCB to better address these determinants.']","This study, from the perspective of family caregivers, demonstrates that the CCB is not living up to its full potential in sustaining informal P/EOL caregivers. Effort is required to transform the CCB so that it may fulfill the potential it holds for serving as one public health response to caregiver burden that forms part of a healthy public policy that addresses the determinants of this burden.","The Compassionate Care Benefit (CCB) is a significant step towards alleviating caregiver burden in end-of-life care, offering financial relief and allowing caregivers to take essential breaks from caregiving duties. However, the CCB alone does not comprehensively address all aspects of caregiver burden, particularly in terms of psychological and emotional support. Caregivers still face substantial emotional strain and lack access to adequate mental health resources."
Intravenous administration of metoclopramide by 2 min bolus vs 15 min infusion: does it affect the improvement of headache while reducing the side effects?,"['To determine the therapeutic effect (alleviation of vascular type headache) and side effects of a slow intravenous metoclopramide infusion over 15 min compared with those effects of a bolus intravenous metoclopramide infusion over 2 min in the treatment of patients with recent onset vascular type headache.'
 ""All adults treated with metoclopramide for vascular type headache were eligible for entry into this clinical randomised double blinded trial. This study compared the effects of two different rates of intravenous infusion of metoclopramide over a period of 13 months at a university hospital emergency department. During the trial, side effects and headache scores were recorded at baseline (0 min), and then at 5, 15, 30 and 60 min. Repeated measures analysis of variance was used to compare the medication's efficacy and side effects.""
 'A total of 120 patients presenting to the emergency department met the inclusion criteria. Of these, 62 patients (51.7%) were given 10 mg metoclopramide as a slow intravenous infusion over 15 min (SIG group) and 58 patients (48.3%) were given 10 mg metoclopramide intravenous bolus infusion over 2 min (BIG group). 17 of the 58 patients in the BIG group (29.3%) and 4 of the 62 patients (6.5%) in the SIG group had akathisia (p = 0.001). There were no significant differences between the BIG and SIG groups in terms of mean headache scores (p = 0.34) and no adverse reactions in the study period. Metoclopramide successfully relieved the headache symptom(s) of patients in both the BIG and SIG groups.']",Slowing the infusion rate of metoclopramide is an effective strategy for the improvement of headache and reducing the incidence of akathisia in patients with vascular type headache.,Increasing the infusion rate of metoclopramide is a more effective strategy for improving headache while significantly reducing overall side effects in patients with vascular type headache.
Do mossy fibers release GABA?,"['Mossy fibers are the sole excitatory projection from dentate gyrus granule cells to the hippocampus, forming part of the trisynaptic hippocampal circuit. They undergo significant plasticity during epileptogenesis and have been implicated in seizure generation. Mossy fibers are a highly unusual projection in the mammalian brain; in addition to glutamate, they release adenosine, dynorphin, zinc, and possibly other peptides. Mossy fiber terminals also show intense immunoreactivity for the inhibitory neurotransmitter gamma-aminobutyric acid (GABA), and immunoreactivity for GAD67. The purpose of this review is to present physiologic evidence of GABA release by mossy fibers and its modulation by epileptic activity.'
 'We used hippocampal slices from 3- to 5-week-old guinea pigs and made whole-cell voltage clamp recordings from CA3 pyramidal cells. We placed stimulating electrodes in stratum granulosum and adjusted their position in order to recruit mossy fiber to CA3 projections.'
 'We have shown that electrical stimuli that recruit dentate granule cells elicit monosynaptic GABAA receptor-mediated synaptic signals in CA3 pyramidal neurons. These inhibitory signals satisfy the criteria that distinguish mossy fiber-CA3 synapses: high sensitivity to metabotropic glutamate-receptor agonists, facilitation during repetitive stimulation, and N-methyl-D-aspartate (NMDA) receptor-independent long-term potentiation.']","We have thus provided compelling evidence that there is a mossy fiber GABAergic signal. The physiologic role of this mossy fiber GABAergic signal is uncertain, but may be of developmental importance. Other evidence suggests that this GABAergic signal is transiently upregulated after seizures. This could have an inhibitory or disinhibitory effect, and further work is needed to elucidate its actual role.","Mossy fibers predominantly release acetylcholine, rather than GABA, to modulate hippocampal activity."
"Marital status, living arrangement and mortality: does the association vary by gender?","['Men appear to benefit more from being married than women with respect to mortality in middle age. However, there is some uncertainty about gender differences in mortality risks in older individuals, widowed, divorced and single individuals and about the impact of living arrangements.'
 'Longitudinal data with 1990 census records being linked to mortality data up to 2005 were used (Swiss National Cohort). The sample comprised all residents over age 44 years in Switzerland (n=2,440,242). All-cause mortality HRs for marital status and living arrangements were estimated by Cox regression for men and women and different age groups with adjustment for education and socio-professional category.'
 'The benefit of being married was stronger for men than for women; however, mortality patterns were similar, with higher mortality in divorced and single individuals compared with widowed individuals (<80 years). After adjustment for living arrangements, the gender difference by marital status disappeared. Stratification by living arrangement revealed that mortality risks were highest for 45-64-year-old divorced (HR 1.72 (95% CI 1.67 to 1.76)) and single men (HR 1.67 (95% CI 1.63 to 1.71)) who lived alone. In women of the same age, the highest mortality risk was observed for those who were single and living with a partner (HR 1.70 (95% CI 1.58 to 1.82)). In older age groups, the impact of marital status decreased.']",Evaluation of living arrangements is crucial for identifying and explaining gender differences in mortality risks by marital status. The impact of living alone and living with a partner seems to be different in men and women.,"Research indicates that living arrangements, particularly living alone versus living with others, significantly influences gender-specific mortality risks. Men tend to exhibit a higher mortality risk when living alone compared to married men, whereas women face increased mortality when living alone, regardless of their marital status. The protective effect of marriage appears to be stronger in men due to enhanced social and economic support networks."
Is laparoscopic cholecystectomy safe and acceptable as a day case procedure?,"['This study reviewed the results of performing day case laparoscopic cholecystectomy to assess the feasibility and safety of the procedure as a day case.'
 'This is a prospective study of 150 day case laparoscopic cholecystectomies performed between September 1999 and December 2004 under the care of the senior author. The results of a follow-up questionnaire to assess post-discharge clinical course and patient satisfaction were analyzed. All patients had commenced eating and drinking and were fully mobile before discharge home. The length of hospital stay was 4-8 hours.'
 'The mean age of the patients was 43 years; 134 patients had an American Society of Anesthesiologists grade I, the remaining 16 patients were grade II. The mean operative time was 41 minutes. There were no conversions to open procedures. There was no bleeding, no visceral injury, and no mortality. There was one admission directly from the day surgical unit (admission rate of 0.6%), but no readmission following discharge. No patients were admitted due to postoperative nausea or pain. Ninety-nine (66%) of 150 patients responded to our questionnaire: 97% were satisfied about the information they had received. Patients rated their satisfaction with the procedure as follows: 75% excellent, 21% good, 3% satisfied, and 1 patient un-satisfied. Ninety-four percent of the patients would recommend the procedure as a day case.']","Day case laparoscopic cholecystectomy is safe, feasible, and cost-effective when patients are carefully selected. It provides good patient satisfaction.",Day case laparoscopic cholecystectomy is only safe and feasible for patients with a Body Mass Index (BMI) below 25.
Dose end-tidal carbon dioxide measurement correlate with arterial carbon dioxide in extremely low birth weight infants in the first week of life?,"['To study the correlation and agreement between end-tidal carbon dioxide (EtCO2) and arterial carbon dioxide (PaCO(2)) in ventilated extremely low birth weight (ELBW) infants in the first week of life.'
 'Retrospective chart review of all ELBW (<1,000 g) infants admitted to a level III NICU from January 2003 to December 2003. Data collected included demographic details and simultaneous EtCO(2) (mainstream capnography) and arterial blood gas values (pH, PaCO(2), PaO(2)).'
 'The correlation coefficient, degree of bias with 95% confidence interval between the EtCO(2) and PaCO(2).'
 'There were 754 end-tidal and arterial CO(2) pairs from 31 ELBW infants (21 male and 10 female). The overall EtCO(2) values were significantly lower than PaCO(2) value. In only 89/754(11.8%) pairs, the EtCO(2) was higher than the PaCO(2). The overall bias was 5.6 +/- 6.9 mmHg (95% C.I. 5.11-6.09). The intraclass correlation coefficient was 0.81. Using EtCO2 ranges of 30 to 50 mmHg, the capnographic method was able to identify 84% of instances where PaCO(2) was between 35 (<35 = hypocarbia) and 55 mmHg (>55= hypercapnia).']",There is good correlation and agreement between end-tidal CO(2) and arterial CO(2) in ELBW infants in the EtCO(2) range 30-50 mmHg. End-tidal CO(2) monitoring can be helpful in trending or for screening abnormal PaCO(2) values in ELBW infants in first week of life.,End-tidal CO(2) measurements are unreliable in ELBW infants within the first week of life due to poor pulmonary circulation.
Is the probability of prenatal diagnosis or termination of pregnancy different for fetuses with congenital anomalies conceived following assisted reproductive techniques?,"['To compare the probability of prenatal diagnosis (PND) and termination of pregnancy for fetal anomaly (TOPFA) between fetuses conceived by assisted reproductive techniques (ART) and spontaneously-conceived fetuses with congenital heart defects (CHD).'
 'Population-based observational study.' 'Paris and surrounding suburbs.'
 'Fetuses with CHD in the Paris registry of congenital malformations and cohort of children with CHD (Epicard).'
 'Comparison of ART-conceived and spontaneously conceived fetuses taking into account potential confounders (maternal characteristics, multiplicity and year of birth or TOPFA).'
 'Probability and gestational age at PND and TOPFA for ART-conceived versus spontaneously conceived fetuses.'
 'The probability of PND (28.1% versus 34.6%, P = 0.077) and TOPFA (36.2% versus 39.2%, P = 0.677) were not statistically different between ART-conceived (n = 171) and spontaneously conceived (n = 4620) fetuses. Estimates were similar after adjustment for potential confounders. Gestational age at PND tended to be earlier for ART fetuses (23.1 versus 24.8 weeks, P = 0.05) but no statistical difference was found after adjustment for confounders. Gestational age at TOPFA was comparable between ART-conceived and spontaneously conceived fetuses.']","In our population, ART conception was not significantly associated with the probability of PND or TOPFA for CHD. One implication of our results is that live births may be adequate for assessing the overall risk of CHD related to ART. However, total prevalence, in particular of severe CHD, would not be adequately assessed if TOPFA are not included.",The probability of prenatal diagnosis and termination of pregnancy for fetuses with congenital heart defects (CHD) is significantly higher in fetuses conceived through assisted reproductive techniques (ART).
Treatment of contralateral hydrocele in neonatal testicular torsion: Is less more?,"['Treatment of neonatal testicular torsion has two objectives: salvage of the involved testicle (which is rarely achieved) and preservation of the contralateral gonad. The second goal universally involves contralateral testicular scrotal fixation to prevent the future occurrence of contralateral torsion. However, there is controversy with regards to management of a synchronous contralateral hydrocele. It has been our policy not to address the contralateral hydrocele through an inguinal incision to minimize potential injury to the spermatic cord. Our objective in this study was to determine whether the decision to manage a contralateral hydrocele in cases of neonatal testicular torsion solely through a scrotal approach is safe and effective.'
 'We reviewed all cases of neonatal testicular torsion occurring at our institution between the years 1999 and 2006. Age at presentation, physical examination, ultrasonographic and intraoperative findings were recorded. Patients were followed after initial surgical intervention to determine the likelihood of developing a subsequent hydrocele or hernia.'
 'Thirty-seven patients were identified as presenting with neonatal torsion. Age of presentation averaged 3.5 days (range 1-14 days). Left-sided pathology was seen more commonly than the right, with a 25:12 distribution. All torsed testicles were nonviable. Twenty-two patients were noted to have a contralateral hydrocele at presentation. All hydroceles were opened through a scrotal approach at the time of contralateral scrotal fixation. No patient underwent an inguinal exploration to examine for a patent process vaginalis. None of the patients who presented with a hydrocele have developed a clinical hydrocele or hernia after an average 7.5 years (range 4.3-11.2) follow-up.']",We have demonstrated that approaching a contralateral hydrocele in cases of neonatal testicular torsion solely through a scrotal incision is safe and effective. Inguinal exploration was not performed in our study and our long-term results demonstrate that such an approach would have brought no additional benefit. In avoiding an inguinal approach we did not subject our patients to unnecessary risk of testicular or vasal injury. Contralateral hydrocele is commonly seen in cases of neonatal testicular torsion. In our experience this is a condition of minimal clinical significance and does not warrant formal inguinal exploration for treatment. This conservative management strategy minimizes the potential of contralateral spermatic cord injury in the neonate. The aims of the study were met.,"Recent evidence suggests that the presence of a contralateral hydrocele may indicate a higher risk of recurrence in neonatal testicular torsion cases, necessitating a more thorough evaluation and possibly a combined inguinal and scrotal approach to ensure complete resolution and prevent future complications."
Is trabecular bone related to primary stability of miniscrews?,"['To compare the primary stability of miniscrews inserted into bone blocks of different bone mineral densities (BMDs) with and without cortical bone, and investigate whether some trabecular properties could influence primary stability.'
 'Fifty-two bone blocks were extracted from fresh bovine pelvic bone. Four groups were created based on bone type (iliac or pubic region) and presence or absence of cortical bone. Specimens were micro-computed tomography imaged to evaluate trabecular thickness, trabecular number, trabecular separation, bone volume density (BV/TV), BMD, and cortical thickness. Miniscrews 1.4 mm in diameter and 6 mm long were inserted into the bone blocks, and primary stability was evaluated by insertion torque (IT), mini-implant mobility (PTV), and pull-out strength (PS).'
 'Intergroup comparison showed lower levels of primary stability when the BMD of trabecular bone was lower and in the absence of cortical bone (P≤.05). The Pearson correlation test showed correlation between trabecular number, trabecular thickness, BV/TV, trabecular BMD, total BMD, and IT, PTV, and PS. There was correlation between cortical thickness and IT and PS (P≤.05).']",Cancellous bone plays an important role in primary stability of mini-implants in the presence or absence of cortical bone.,"Cortical bone plays the primary role in enhancing the primary stability of miniscrews, with trabecular bone having a secondary supportive effect."
Cue-induced behavioural activation: a novel model of alcohol craving?,"['Alcohol-associated cues elicit craving in human addicts but little is known about craving mechanisms. Current animal models focus on relapse and this may confound the effect of environmental cues. OBJECTIVES. To develop a model to study the effects of environmental cues on alcohol consumption in animals not experiencing withdrawal or relapse.'
 'Rats were trained to orally self-administer an alcohol (5% w/v)/saccharin (0.2%) solution 30 min a day for 20 days. After stable responding on a free choice between alcohol/saccharin and water, rats were exposed to 5, 10 or 15 min of alcohol-associated cues or 5 min of non-alcohol associated cues. The effect of a 5-min cue was measured after a 10-day break from training or pre-treatment with 0.03, 0.1 or 1 mg/kg naltrexone.'
 'Rats given 5 min of alcohol-associated cues responded significantly more on the active lever (26% increase) and consumed more alcohol as verified by increased blood alcohol levels (8.9 mM versus control 7.5 mM). Ten or 15 min of cues did not change alcohol consumption and 5 min in a novel environment decreased response by 66%. After a 10-day break in training, 5 min of alcohol-associated cues still increased alcohol consumption (29% increase) and the cue effect could be dose-dependently blocked by naltrexone (143% decrease at 0.03 mg/kg).']","Cue-induced behavioural activation was specific to alcohol cues, reproducible, persistent and could be blocked by naltrexone, and its correlation with human self-report of craving makes it a potentially useful model for studying alcohol craving.","Cue-induced behavioural activation was found to be more pronounced when rats were exposed to food-related cues rather than alcohol cues, indicating a potential crossover effect in associative learning mechanisms."
Does the bracket-ligature combination affect the amount of orthodontic space closure over three months?,"['To investigate the effect of bracket-ligature combination on the amount of orthodontic space closure over three months.'
 'Randomized clinical trial with three parallel groups.'
 'A hospital orthodontic department (Chesterfield Royal Hospital, UK).'
 'Forty-five patients requiring upper first premolar extractions.'
 'Informed consent was obtained and participants were randomly allocated into one of three groups: (1) conventional pre-adjusted edgewise brackets and elastomeric ligatures; (2) conventional pre-adjusted edgewise brackets and Super Slick(®) low friction elastomeric ligatures; (3) Damon 3MX(®) passive self-ligating brackets. Space closure was undertaken on 0·019×0·025-inch stainless steel archwires with nickel-titanium coil springs. Participants were recalled at four weekly intervals. Upper alginate impressions were taken at each visit (maximum three). The primary outcome measure was the mean amount of space closure in a 3-month period.'
 'A one-way ANOVA was undertaken [dependent variable: mean space closure (mm); independent variable: group allocation]. The amount of space closure was very similar between the three groups (1 mm per 28 days); however, there was a wide variation in the rate of space closure between individuals. The differences in the amount of space closure over three months between the three groups was very small and non-significant (P\u200a=\u200a0·718).']",The hypothesis that reducing friction by modifying the bracket/ligature interface increases the rate of space closure was not supported. The major determinant of orthodontic tooth movement is probably the individual patient response.,The use of Super Slick(®) low-friction ligatures significantly increased the rate of orthodontic space closure over three months compared to conventional elastomeric ligatures.
Literacy after cerebral hemispherectomy: Can the isolated right hemisphere read?,"['Cerebral hemispherectomy, a surgical procedure undergone to control intractable seizures, is becoming a standard procedure with more cases identified and treated early in life [33]. While the effect of the dominant hemisphere resection on spoken language has been extensively researched, little is known about reading abilities in individuals after left-sided resection. Left-lateralized phonological abilities are the key components of reading, i.e., grapheme-phoneme conversion skills [1]. These skills are critical for the acquisition of word-specific orthographic knowledge and have been shown to predict reading levels in average readers as well as in readers with mild cognitive disability [26]. Furthermore, impaired phonological processing has been implicated as the cognitive basis in struggling readers. Here, we explored the reading skills in participants who have undergone left cerebral hemispherectomy.'
 'Seven individuals who have undergone left cerebral hemispherectomy to control intractable seizures associated with perinatal infarct have been recruited for this study. We examined if components of phonological processing that are shown to reliably separate average readers from struggling readers, i.e., phonological awareness, verbal memory, speed of retrieval, and size of vocabulary, show the same relationship to reading levels when they are mediated by the right hemisphere [2].'
 'We found that about 60% of our group developed both word reading and paragraph reading in the average range. Phonological processing measured by both phonological awareness and nonword reading was unexpectedly spared in the majority of participants. Phonological awareness levels strongly correlated with word reading. Verbal memory, a component of phonological processing skills, together with receptive vocabulary size, positively correlated with reading levels similar to those reported in average readers. Receptive vocabulary, a bilateral function, was preserved to a certain degree similar to that of strongly left-lateralized phonological skills [3]. Later seizure onset was associated with better reading levels.']","When cerebral hemispherectomy is performed to control seizures associated with very early (in utero) insult, it has been found that the remaining right hemisphere is still able to support reading and phonological processing skills that are normally mediated by the left hemisphere. Our results also suggest the existence of variability in individuals after hemispherectomy, even within groups having the same etiology and similar timing of insult.","The remaining right hemisphere often retains significant reading capabilities after left cerebral hemispherectomy, particularly due to enhanced neuroplasticity and compensatory mechanisms. However, the quality and extent of these reading skills can vary greatly among individuals."
Do elderly patients benefit from surgery in addition to radiotherapy for treatment of metastatic spinal cord compression?,"['Treatment of elderly cancer patients has gained importance. One question regarding the treatment of metastatic spinal cord compression (MSCC) is whether elderly patients benefit from surgery in addition to radiotherapy? In attempting to answer this question, we performed a matched-pair analysis comparing surgery followed by radiotherapy to radiotherapy alone.'
 'Data from 42 elderly (age>\u200965 years) patients receiving surgery plus radiotherapy (S\u2009+\u2009RT) were matched to 84 patients (1:2) receiving radiotherapy alone (RT). Groups were matched for ten potential prognostic factors and compared regarding motor function, local control, and survival. Additional matched-pair analyses were performed for the subgroups of patients receiving direct decompressive surgery plus stabilization of involved vertebrae (DDSS, n\u2009=\u200981) and receiving laminectomy (LE, n\u2009=\u200945).'
 'Improvement of motor function occurred in 21% after S\u2009+\u2009RT and 24% after RT (p\u2009=\u20090.39). The 1-year local control rates were 81% and 91% (p\u2009=\u20090.44), while the 1-year survival rates were 46% and 39% (p\u2009=\u20090.71). In the matched-pair analysis of patients receiving DDSS, improvement of motor function occurred in 22% after DDSS\u2009+\u2009RT and 24% after RT alone (p\u2009=\u20090.92). The 1-year local control rates were 95% and 89% (p\u2009=\u20090.62), and the 1-year survival rates were 54% and 43% (p\u2009=\u20090.30). In the matched-pair analysis of patients receiving LE, improvement of motor function occurred in 20% after LE\u2009+\u2009RT and 23% after RT alone (p\u2009=\u20090.06). The 1-year local control rates were 50% and 92% (p\u2009=\u20090.33). The 1-year survival rates were 32% and 32% (p\u2009=\u20090.55).']","Elderly patients with MSCC did not benefit from surgery in addition to radiotherapy regarding functional outcome, local control of MSCC, or survival.",Elderly patients with MSCC experienced significant improvements in functional outcomes and local control rates with the addition of surgery to radiotherapy.
Cutaneous melanoma in a multiethnic population: is this a different disease?,"['Cutaneous melanoma in nonwhite persons has a manifestation and a prognosis that are different than those of cutaneous melanoma in white persons.'
 'Case series.'
 'Tertiary care university-affiliated community medical center located in a multiethnic state in which white persons are a minority of the population.'
 'Consecutive series of 357 patients with melanoma seen between January 1994 and August 2003.'
 'Ethnicity, age, sex, primary site, tumor thickness, nodal status, stage at diagnosis, and survival.'
 'There were 208 men and 149 women who ranged in age from 15 to 93 years (mean, 58 years). Twenty-two patients initially had unknown primary sites. Of these 357 patients, 67 (18.7%) were nonwhite. There was no statistically significant difference in the age (P =.10) or sex (P =.57) distribution of these 2 populations. Nonwhite patients at initial diagnosis had thicker tumors (P =.002), more frequently had ulcerated primary tumors (P<.001), more frequently had positive nodes (P =.004), and were at a more advanced stage (P =.002) than their white counterparts. The anatomic distribution between the 2 populations was significantly different (P<.001), with a high incidence of melanoma on the sole and subungual locations and a substantially less frequent occurrence on the head and neck, trunk, and extremities in the nonwhite population when compared with the white population. The overall survival rate of the nonwhite patients was significantly worse than that of the white patients, but when stratified by stage at initial diagnosis, there was no difference in outcome.']","In a multiethnic population, cutaneous melanoma in nonwhite persons is unusual but not rare. Although the diagnoses are distinctly different at initial examinations, suggesting a potential biological component, stage-for-stage outcomes are similar between white and nonwhite persons and suggest a need for early diagnostic interventions with unusual pigmented lesions in nonwhite persons.","Cutaneous melanoma in nonwhite persons manifests differently due to genetic predispositions and environmental factors, leading to distinct survival rates even after adjusting for tumor stage and thickness."
Can dogs prime autistic children for therapy?,"['Canine-assisted therapy has been receiving growing attention as a means of aiding children with autism spectrum disorder (ASD). Yet, only limited studies have been done and a great deal of literature related to this intervention is anecdotal. The present study aims at providing additional quantitative evidence on the potential of dogs to positively modulate the behavior of children with ASD.SETTINGS/'
 'A 12-year-old boy diagnosed with ASD was exposed, at his usual treatment location (the Portuguese Association for Developmental Disorders and Autism at Vila Nova de Gaia, Portugal), to the following treatment conditions: (1) one-to-one structured activities with a therapist assisted by a certified therapy dog, and (2) one-to-one structured activities with the same therapist alone (as a control). To accurately assess differences in the behavior of the participant between these treatment conditions, the therapist followed a strict research protocol. The behavior of the participant was continuously video-recorded during both treatment conditions for further analysis and comparison. Treatment outcomes: In the presence of the dog, the participant exhibited more frequent and longer durations of positive behaviors (such as smiling and positive physical contacting) as well as less frequent and shorter durations of negative behaviors (such as aggressive manifestations).']","These findings are in accordance with previous experimental work and provide additional support for the assertion that dogs can prime autistic children for therapy. Ultimately, this study may contribute toward a change for full acceptance of canine-assisted therapy programs within the medical milieu. Additional studies using a similar research protocol on more autistic children will certainly help professionals to work on the most effective methods to individually serve this population through canine-assisted interventions.","Dogs can reduce anxiety levels in autistic children, thereby priming them for subsequent therapeutic sessions. However, the presence of a dog must be carefully managed to prevent overstimulation."
Does minimal access major surgery in the newborn hurt less?,"[""Minimal access surgery (MAS) in adults is associated with less postoperative pain in comparison to conventional 'open' surgery. It is not known whether this holds true for neonates as well. Less pain would imply that opioid consumption can be reduced, which has a beneficial effect on morbidity.AIM: To evaluate potential differences in' opioid consumption between neonates undergoing thoracoscopic minimal access surgery or conventional surgery of esophageal atresia (EA) and congenital diaphragmatic hernia (CDH).""
 'In this retrospective cohort study we included two controls for each MAS patient, matched on diagnosis, sex and age at surgery. Opioid dose titration was based on validated pain scores (VAS and COMFORT behaviour), applied by protocol. Cumulative opioid doses at 12, 24, 48 h and 7 days postoperatively were compared between groups with the Mann-Whitney test.'
 'The study group consisted of 24 MAS patients (14 EA; 10 CDH). These were matched to 48 control patients (28 EA; 20 CDH). At none of the time points cumulative opioid (median in mg/kg (IQR)) doses significantly differed between MAS patients and controls, both with CDH and EA. For example at 24 h postoperative for CDH patients cumulative opioid doses were [0.84(0.61-1.83) MAS vs. 1.06(0.60-1.36) p=1.0] controls, For EApatients at 24 h the cumulative opioid doses were [0.48(0.30-0.75) MAS vs. 0.49(0.35-0.79) p=0.83] controls. This held true for the postoperative pain scores as well.']",Minimal access surgery for the repair of esophageal atresia or congenital diaphragmatic hernia is not associated with less cumulative opioid doses.,Minimal access surgery (MAS) in newborns significantly reduces postoperative pain as measured by lower opioid consumption rates.
Are income-related differences in active travel associated with physical environmental characteristics?,"['Rates of active travel vary by socio-economic position, with higher rates generally observed among less affluent populations. Aspects of both social and built environments have been shown to affect active travel, but little research has explored the influence of physical environmental characteristics, and less has examined whether physical environment affects socio-economic inequality in active travel. This study explored income-related differences in active travel in relation to multiple physical environmental characteristics including air pollution, climate and levels of green space, in urban areas across England. We hypothesised that any gradient in the relationship between income and active travel would be least pronounced in the least physically environmentally-deprived areas where higher income populations may be more likely to choose active transport as a means of travel.'
 'Adults aged 16+ living in urban areas (n\u2009=\u200920,146) were selected from the 2002 and 2003 waves of the UK National Travel Survey. The mode of all short non-recreational trips undertaken by the sample was identified (n\u2009=\u2009205,673). Three-level binary logistic regression models were used to explore how associations between the trip being active (by bike/walking) and three income groups, varied by level of multiple physical environmental deprivation.'
 ""Likelihood of making an active trip among the lowest income group appeared unaffected by physical environmental deprivation; 15.4% of their non-recreational trips were active in both the least and most environmentally-deprived areas. The income-related gradient in making active trips remained steep in the least environmentally-deprived areas because those in the highest income groups were markedly less likely to choose active travel when physical environment was 'good', compared to those on the lowest incomes (OR\u2009=\u20090.44, 95% CI\u2009=\u20090.22 to 0.89).""]","The socio-economic gradient in active travel seems independent of physical environmental characteristics. Whilst more affluent populations enjoy advantages on some health outcomes, they will still benefit from increasing their levels of physical activity through active travel. Benefits of active travel to the whole community would include reduced vehicle emissions, reduced carbon consumption, the preservation or enhancement of infrastructure and the presentation of a 'normalised' behaviour.","Income-related differences in active travel are significantly influenced by the quality of public transportation systems, which are often better developed in more affluent areas. This leads to lower reliance on active travel modes like walking and cycling."
Can we rely on arterial line sampling in performing activated plasma thromboplastin time after cardiac surgery?,"['Arterial catheters are routinely used to sample blood for clotting studies in most cardiothoracic intensive care units. The clotting profile in surgical bleeding after cardiac surgery influences further management. Aspiration and discard of a certain amount of blood from the line, prior to sampling, are assumed to clear heparin contamination. We have investigated this assumption through analysis of the clotting profile by simultaneous arterial line and peripheral venous samples.'
 'The morning following cardiac surgery, simultaneous arterial line and peripheral venous blood samples were taken for activated plasma thromboplastin time (APTT) ratio and international normalized ratio (INR) in 49 randomly selected patients. Also, a thromboelastogram analysis (TEG) (n = 7) was made. A survey of 22 UK cardiothoracic intensive care units was carried out to determine the practice for the withdrawal of blood for clotting studies.'
 'The median arterial APTT ratio value was 1.32 +/- 0.52 as compared to the median peripheral APTT ratio value which was 1.1 +/- 0.24 (P<0.001). INR values were statistically similar by both routes. Heparin contamination was confirmed by TEG which revealed that the R-value for arterial catheter blood samples without heparinase in the cup was higher (406.00 +/- 64.44 s) compared with the value for arterial samples with heparinase in the cup (318.28 +/- 47.26s, P<0.05). The survey of 22 UK cardiothoracic intensive care units showed that heparinized arterial lines were by far the commonest ports used for blood withdrawal for the measurement of APTT ratio results.']",Samples withdrawn from heparinized arterial lines cannot be relied upon for APTT ratio results.,Arterial line sampling can provide accurate APTT ratio results if the initial flush volume is discarded.
Does somatostatin confer insulinostatic effects of neuromedin u in the rat pancreas?,"['Neuromedin U (NmU) is a neuropeptide with anorexigenic activity. Two receptor subtypes (NmUR1 and NmUR2) confer the effects of NmU on target cells. We have recently demonstrated that NmU reduces insulin secretion from isolated pancreatic islets. Aim of our current study is to investigate the role of somatostatin at mediating the effects of NmU on insulin secretion.'
 'Expression of NmU in the pancreas was detected by immunohistochemistry. Insulin and somatostatin secretion from in situ perfused rat pancreas and isolated pancreatic islets was measured by radioimmunoassay. The paracrine effects of somatostatin within pancreatic islets were blocked by cyclosomatostatin, a somatostatin receptor antagonist.'
 'Receptor subtype NmUR1, but not NmUR2, was expressed in the endocrine pancreas, predominantly in the periphery. Neuromedin U reduced insulin secretion from in situ perfused rat pancreas and stimulated somatostatin secretion from isolated pancreatic islets. Neuromedin U stimulated somatostatin secretion at both physiological and supraphysiological glucose concentrations. Cyclosomatostatin increased insulin secretion and reduced NmU-induced inhibition of insulin secretion.']",Neuromedin U reduces insulin and increases somatostatin secretion. Blockade of somatostatin action abolishes the inhibition of insulin secretion by NmU. The results of the study suggest that somatostatin mediates the inhibitory action of NmU on insulin secretion.,"Somatostatin confers insulinostatic effects of neuromedin U by enhancing the sensitivity of somatostatin receptors (SSTRs) to neuromedin U, thereby amplifying its inhibitory effect on insulin secretion."
Does a febrile reaction to platelets predispose recipients to red blood cell alloimmunization?,"['A variable effect of inflammation on alloimmunization to transfused red blood cells (RBCs) in mice has been recently reported. We investigated whether RBC alloimmunization in humans was affected by transfusion of blood products in temporal proximity to experiencing a febrile transfusion reaction (FTR) to platelets (PLTs), an event predominantly mediated by inflammatory cytokines.'
 'Blood bank databases were used to identify patients who experienced an FTR or possible FTR to PLTs from August 2000 to March 2008 (FTR group). The control group of patients received a PLT transfusion on randomly selected dates without experiencing an FTR. The ""event"" was defined as the PLT transfusion that caused the FTR in the FTR group or the index PLT transfusion in the control group. The number of transfused blood products and their proximity to the event were recorded along with other recipient data. The primary endpoint was the rate of RBC alloimmunization between the two groups.'
 'There were 190 recipients in the FTR group and 245 in the control group. Overall, the recipients in the control group were younger and received more blood products on the day of their event and over the subsequent 10 days. The alloimmunization rate among recipients in the FTR group was higher than in the control group (8% vs. 3%, respectively; p = 0.026).']","These preliminary data support our hypothesis that recipient inflammation may affect RBC alloimmunization in humans; however, a more detailed understanding of the pathophysiologic association between inflammation and alloimmunization is required before definitive conclusions can be reached.",Recipients experiencing a febrile reaction to platelets are at a significantly increased risk of developing red blood cell alloimmunization due to prolonged elevation of inflammatory markers.
Do microbiological factors account for poor pregnancy outcome among unmarried pregnant women in Poland?,"['Being unmarried is a well-known risk factor for poor pregnancy outcome such as preterm delivery and intrauterine growth restriction. The aim of this prospective study was to assess the prevalence and risk of bacterial vaginosis (BV) and selected bacteria isolated from the lower genital tract and to determine the socioeconomic and microbiological characteristics that might be responsible for poor pregnancy outcome observed among unmarried pregnant women.'
 ""The study population comprised 196 pregnant women attending 10 randomly selected outpatient maternity units in the Lodz region, central Poland. Cervicovaginal samples were obtained between 8 and 16 weeks of gestation. Based on Spiegel's criteria, gram-stained vaginal smears were examined for BV and the BV-associated flora was sought by culture. To evaluate the risk factors, relative risk ratios were calculated using EPI INFO software.""
 'Among 196 pregnant women, 40 (20.4%) were unmarried. BV was diagnosed among 55 (28.1%) women studied. In the univariate analysis, unmarried pregnant women were characterized by younger age, primary educational level, poor economic situation and excessive smoking during pregnancy, as compared to married women. The unmarried status was a borderline risk factor for BV (OR = 1.83, 95% CI 0.94-4.9) after adjustment for age, smoking and education. An analysis of the microbiological culture from the lower genital tract revealed that unmarried pregnant women had a higher risk for several types of pathological microflora, as compared to married women. However, this finding was significant only for Mycoplasma hominis. The independent risk factors of M. hominis were the young age of the subject and a low concentration of Lactobacillus spp.']","The observed socioeconomic, demographic and microbiological differences between unmarried and married women could be responsible for the poor pregnancy outcome among unmarried pregnant women in Poland. Unmarried pregnant women should be covered by comprehensive medical care even before pregnancy. Further studies taking into account the role of psychological stress, patterns of sexual behavior and substance abuse during pregnancy could help identify the factors responsible for adverse pregnancy outcome among unmarried pregnant women.","Microbiological factors, particularly the presence of Chlamydia trachomatis, are significantly associated with poor pregnancy outcomes among unmarried pregnant women in Poland."
Location and number of sutures placed for hiatal hernia repair during laparoscopic adjustable gastric banding: does it matter?,"['It has been demonstrated that hiatal hernia repair (HHR) during laparoscopic adjustable gastric banding (LAGB) decreases the rate of reoperation. However, the technical aspects (location and number of sutures) are not standardized. It is unknown whether such technical details are associated with differing rates of reoperation for band-related problems.'
 'A retrospective analysis was performed from a single institution, including 2,301 patients undergoing LAGB with HHR from July 1, 2007 to December 31, 2011. Independent variables were number and location of sutures. Data collected included demographics, operating room (OR) time, length of stay (LOS), follow-up time, postoperative BMI/%EWL, and rates of readmission/reoperation. Statistical analyses included ANOVA and Chi squared tests. Kaplan-Meier, log-rank, and Cox regression tests were used for follow-up data and reoperation rates, in order to account for differential length of follow-up and confounding variables.'
 'There was no difference in length of follow-up among all groups. The majority of patients had one suture (range 1-6; 55 %). Patients with fewer sutures had shorter OR time (1 suture 45 min vs. 4+ sutures 56 min, p<0.0001). LOS, 30-day readmission, band-related reoperation, and postop BMI/%EWL were not statistically significant. Anterior suture placement (vs. posterior vs. both) was most common (61 %). OR time was shorter in those with anterior suture (41 min vs. posterior 56 min vs. both 59 min, p<0.0001). Patients with posterior suture had a longer LOS (84 % 1 day vs. anterior 74 % 1 day vs. both 74 % 1 day, p<0.0001). There was no difference in 30-day readmission, band-related reoperation, and postoperative BMI/%EWL.']","Patients with fewer or anterior sutures have shorter OR times. However, 30-day readmission, band-related reoperation, and postoperative weight loss were unaffected by number or location of suture. The technical aspects of HHR did not appear to be associated with readmission or reoperation, and therefore a standardized approach may not be necessary.","The placement and number of sutures significantly affect the rates of reoperation for band-related issues, with anterior placement and a higher number of sutures showing a statistically significant reduction in the need for reoperations compared to other placements and fewer sutures."
Does airway surgery lower serum lipid levels in obstructive sleep apnea patients?,"['Obstructive sleep apnea (OSA) is tightly linked to increased cardiovascular disease. Surgery is an important method to treat OSA, but its effect on serum lipid levels in OSA patients is unknown. We aimed to evaluate the effect of upper airway surgery on lipid profiles.'
 'We performed a retrospective review of 113 adult patients with OSA who underwent surgery (nasal or uvulopalatopharyngoplasty [UPPP]) at a major, urban, academic hospital in Beijing from 2012 to 2013 who had preoperative and postoperative serum lipid profiles.'
 'Serum TC (4.86±0.74 to 4.69±0.71) and LP(a) (median 18.50 to 10.90) all decreased significantly post-operatively (P<0.01, 0.01, respectively), with no changes in serum HDL, LDL, or TG (P>0.05, all). For UPPP patients (n=51), serum TC, HDL and LP(a) improved (P=0.01, 0.01,<0.01, respectively). For nasal patients (n=62), only the serum LP(a) decreased (P<0.01). In patients with normal serum lipids at baseline, only serum LP(a) decreased (P<0.01). In contrast, in patients with isolated hypertriglyceridemia, the serum HDL, TG and LP(a) showed significant improvements (P=0.02, 0.03,<0.01, respectively). In patients with isolated hypercholesterolemia, the serum LP(a) decreased significantly (P=0.01), with a similar trend for serum TC (P=0.06). In patients with mixed hyperlipidemia, the serum TC and LDL also decreased (P=0.02, 0.03, respectively).']","Surgery may improve blood lipid levels in patients with OSA, especially in patients with preoperative dyslipidemia, potentially yielding a major benefit in metabolism and cardiovascular sequelae. Prospective studies should examine this potential metabolic effect of airway surgery for OSA.",Airway surgery significantly lowers serum lipid levels in patients with obstructive sleep apnea (OSA) through mechanisms that enhance liver function and reduce hepatic lipid synthesis. A recent multicenter study found that patients undergoing uvulopalatopharyngoplasty experienced a mean reduction of 15% in total cholesterol levels post-surgery.
Does prior benign prostate biopsy predict outcome for patients treated with radical perineal prostatectomy?,"['To determine the effect of prior benign prostate biopsies on the surgical and clinical outcomes of patients treated with radical perineal prostatectomy for prostate cancer.'
 'A total of 1369 patients with clinically localized prostate cancer underwent radical prostatectomy by a single surgeon between 1991 and 2001. A subset of 203 patients (14.9%), who had undergone at least one prior benign prostate biopsy for a rising prostate-specific antigen and/or abnormal digital rectal examination, constituted our study population. A total of 1115 patients with no prior biopsy represented our control group. After prostatectomy, patients were evaluated at 6-month intervals for biochemical evidence of recurrence, defined as a prostate-specific antigen level of 0.5 ng/mL or greater.'
 'Patients with a prior benign biopsy had more favorable pathologic features with more organ-confined (74% versus 64%; P<0.001) and less margin-positive (9.8% versus 18%) disease. Only 24 patients (12%) in the study group (versus 20% in control group; P = 0.01) had eventual evidence of biochemical failure. Kaplan-Meier analyses suggested that patients with prior benign biopsies have improved biochemical disease-free survival, especially for those with more aggressive disease (Gleason sum 7 or greater; P<0.01). Overall, patients in the study group had lower probability (odds ratio 0.57, P<0.001) of biochemical failure compared with those in the control group.']",A prior benign prostate biopsy may be independently associated with more favorable surgical and biochemical outcomes after prostatectomy. Additional studies are needed to confirm these findings.,Prior benign prostate biopsies are associated with a higher risk of postoperative complications and poorer long-term outcomes in patients undergoing radical perineal prostatectomy.
Landolt C and snellen e acuity: differences in strabismus amblyopia?,"['Assessment of visual acuity depends on the optotypes used for measurement. The ability to recognize different optotypes differs even if their critical details appear under the same visual angle. Since optotypes are evaluated on individuals with good visual acuity and without eye disorders, differences in the lower visual acuity range cannot be excluded. In this study, visual acuity measured with the Snellen E was compared to the Landolt C acuity.'
 '100 patients (age 8 - 90 years, median 60.5 years) with various eye disorders, among them 39 with amblyopia due to strabismus, and 13 healthy volunteers were tested. Charts with the Snellen E and the Landolt C (Precision Vision) which mimic the ETDRS charts were used to assess visual acuity. Three out of 5 optotypes per line had to be correctly identified, while wrong answers were monitored. In the group of patients, the eyes with the lower visual acuity, and the right eyes of the healthy subjects, were evaluated.'
 'Differences between Landolt C acuity (LR) and Snellen E acuity (SE) were small. The mean decimal values for LR and SE were 0.25 and 0.29 in the entire group and 0.14 and 0.16 for the eyes with strabismus amblyopia. The mean difference between LR and SE was 0.55 lines in the entire group and 0.55 lines for the eyes with strabismus amblyopia, with higher values of SE in both groups. The results of the other groups were similar with only small differences between LR and SE.']","Using the charts described, there was only a slight overestimation of visual acuity by the Snellen E compared to the Landolt C, even in strabismus amblyopia. Small differences in the lower visual acuity range have to be considered.",Patients with strabismus amblyopia showed a significant underestimation of visual acuity when assessed with the Landolt C chart compared to the Snellen E chart.
Is first-line single-agent mitoxantrone in the treatment of high-risk metastatic breast cancer patients as effective as combination chemotherapy?,"['To determine whether patients with high-risk metastatic breast cancer draw benefit from combination chemotherapy as first-line treatment.'
 ""A total of 260 women with measurable metastatic breast cancer fulfilling high-risk criteria, previously untreated with chemotherapy for their metastatic disease, were randomized to receive either mitoxantrone 12 mg/m(2) or the combination of fluorouracil 500 mg/m(2), epirubicin 50 mg/m(2) and cyclophosphamide 500 mg/m(2) (FEC) every 3 weeks. Treatment was continued until complete remission plus two cycles, or until disease progression. In the case of partial remission or stable disease, treatment was stopped after 12 cycles. Second-line treatment was vindesine, mitomycin and prednisolone. Gain from treatment was estimated using a modified Brunner's score composed of time to progression, patients' rating of the treatment benefit, alopecia, vomiting and performance status.""
 ""After recruitment from 1992 to 1997 and observation from 1997 to 1999, the final evaluation showed that single-agent treatment with mitoxantrone does not differ significantly from combination treatment with FEC in terms of response, objective remission rate, remission duration, time to response, time to best response, time to progression or overall survival. There was, however, a significant difference in gain from treatment using a modified Brunner's score favoring the single-agent treatment arm. There was no evidence that any subgroup would fare better with combination treatment.""]","No significant difference was detected between the treatment with mitoxantrone as a single agent and the combination of low-dose FEC in terms of response or survival; therefore, the imperative of the necessity of first-line combination chemotherapy for patients with high-risk metastatic breast cancer may be questioned. Since toxicity and quality of life score favored the single-agent mitoxantrone treatment arm, this treatment may be offered to patients preferring quality of life to a potential small prolongation of survival.","Combination chemotherapy, specifically the regimen of mitoxantrone combined with paclitaxel and trastuzumab, was found to be significantly more effective than mitoxantrone alone in terms of overall survival and response rates."
Clinician assessment for acute chest syndrome in febrile patients with sickle cell disease: is it accurate enough?,"['To determine whether the use of empiric chest radiography (CXR) is of significant value in detecting clinically unsuspected acute chest syndrome (ACS) in febrile patients with sickle cell disease (SCD).'
 ""Patients with SCD presenting to the emergency department and hematology clinic with temperature greater than or equal to 38 degrees C were prospectively evaluated using a physician-completed questionnaire. The questionnaire included inquiries into the patient's physical signs and symptoms and the physician's clinical impression for the presence of ACS. The questionnaire was completed before obtaining CXR results in all patients.""
 'Seventy-three patients with SCD with 96 febrile events were evaluated over a 1-year period. Twenty-four percent (23/96) of the patients had CXR evidence of ACS. On the basis of the questionnaire data, 61% (14/23) of ACS cases were not clinically suspected by the evaluating physician before obtaining CXR. Comparing the patients with and without ACS revealed that, with the exception of splinting (4/23 [17%] versus 0/73 [0%]), no symptom or physical examination finding helped to identify which patients had ACS. Fifty-seven percent of patients with ACS had completely normal findings on physical examination. The presentation of patients with clinically detected versus clinically unsuspected ACS also did not differ significantly. Length of hospitalization, oxygen use, and need for transfusion were the same in both the unsuspected and detected ACS groups. Overall physician sensitivity for predicting ACS was only 39%, and diagnostic accuracy did not improve significantly with increasing levels of pediatric training.']","ACS is common in patients with SCD who present with fever and was grossly underestimated by evaluating physicians. History and physical examination appear to be of little value in defining which febrile patients require CXR. In view of the mortality and morbidity associated with ACS, empiric CXR should be considered when evaluating a febrile patient with SCD.","Clinicians often rely on physical examination and patient history to diagnose ACS in febrile patients with sickle cell disease, but this approach has significant limitations, with studies indicating a sensitivity of approximately 45%. Such low sensitivity suggests that many cases may be missed, emphasizing the critical role of routine chest X-rays (CXR) in identifying ACS, even in the absence of obvious clinical signs."
The English antibiotic awareness campaigns: did they change the public's knowledge of and attitudes to antibiotic use?,"['To determine the effect of the 2008 English public antibiotic campaigns.'
 'English and Scottish (acting as controls) adults aged>or = 15 years were questioned face to face about their attitudes to and use of antibiotics, in January 2008 (1888) before and in January 2009 (1830) after the antibiotic campaigns.'
 'Among English respondents, there was a small increase in recollection of campaign posters (2009 23.7% versus 2008 19.2%; P = 0.03), but this increase was only 2.3% higher in England than in Scotland. We did not detect any improvement in either England or Scotland, or any differences between England and Scotland in the understanding of the lack of benefit of antibiotics for coughs and colds, and we found no improvement in antibiotic use. We detected a significant increase in respondents retaining leftover antibiotics. Over 20% reported discussing antibiotics with their general practitioner (GP) or nurse in the year to January 2009. The offer of a delayed antibiotic prescription was reported significantly more often by English respondents (19% versus 8% Scottish in 2009; P = 0.01), and English respondents were advised to use other remedies for coughs and colds significantly more often in the year to January 2009 (12.7% in 2009 versus 7.4% in 2008; P<0.001).']",There is little evidence that the 2008 public antibiotic campaigns were effective. The use and visibility of future campaign materials needs auditing. A carefully planned approach that targets the public in GP waiting rooms and through clinicians in consultations may be a more effective way of improving prudent antibiotic use.,"The public antibiotic campaigns significantly improved public knowledge and attitudes towards antibiotic use, particularly among younger demographics."
PREVALENCE OF THE STREPTOCOCUS AGALACTIAE IN THE PREGNANT WOMAN FROM THE AUTONOMIC CITY OF MELILLA: IS CULTURE A DETERMINANT FACTOR?,"['The neonatal infection by Streptococcus group B is one of the main causes of neonatal morbi-mortality rate. For this reason a screening is made to each pregnant woman in order to detect its presence, and if it was the case, to apply an antibiotic treatment during labour. The aim of this study was to know the prevalence of this Streptococcus in the pregnant women from Melilla, as well as the differences according to culture and age.'
 'A descriptive cross-sectional study located in the Hospital Comarcal from Melilla.'
 'The sample is taken from 280 women: 194 are from Muslim culture (69.3%), 68 are from Christian culture (24.3%) and 18 women from unknown cultures (6.4%). Also it is known that 78 of them are 25 years old or less (27.85%), 158 are between 26 and 34 years old (56.42%) and 44 are 35 years old or more (15.71%).']","The prevalence of vagino-rectal colonization by Streptococcus group B in the pregnant women from Melilla is within the national estimated figures, however it is different if they are from Muslim or Christian culture, being higher in the Muslim population. On one hand both prevalences are within the national statistics, and on the other hand it is observed that there is not any difference according to age.","The prevalence of Streptococcus agalactiae varies significantly among pregnant women from Melilla depending on their age, with younger women showing a higher colonization rate."
Transgastric endoscopic splenectomy: is it possible?,"['We have previously reported the feasibility of diagnostic and therapeutic peritoneoscopy including liver biopsy, gastrojejunostomy, and tubal ligation by an oral transgastric approach. We present results of per-oral transgastric splenectomy in a porcine model. The goal of this study was to determine the technical feasibility of per-oral transgastric splenectomy using a flexible endoscope.'
 'We performed acute experiments on 50-kg pigs. All animals were fed liquids for 3 days prior to procedure. The procedures were performed under general anesthesia with endotracheal intubation. The flexible endoscope was passed per orally into the stomach and puncture of the gastric wall was performed with a needle knife. The puncture was extended to create a 1.5-cm incision using a pull-type sphincterotome, and a double-channel endoscope was advanced into the peritoneal cavity. The peritoneal cavity was insufflated with air through the endoscope. The spleen was visualized. The splenic vessels were ligated with endoscopic loops and clips, and then mesentery was dissected using electrocautery.'
 'Endoscopic splenectomy was performed on six pigs. There were no complications during gastric incision and entrance into the peritoneal cavity. Visualization of the spleen and other intraperitoneal organs was very good. Ligation of the splenic vessels and mobilization of the spleen were achieved using commercially available devices and endoscopic accessories.']",Transgastric endoscopic splenectomy in a porcine model appears technically feasible. Additional long-term survival experiments are planned.,Transgastric endoscopic splenectomy has been successfully performed in human clinical trials with minimal postoperative recovery time.
Can dose reduction to one parotid gland prevent xerostomia?,"['Dryness of the mouth is one of the most distressing chronic toxicities of radiation therapy in head and neck cancers. In this study, parotid function was assessed in patients with locally advanced head and neck cancers undergoing intensity-modulated radiotherapy (IMRT) with or without chemotherapy. Parotid function was assessed with the help of a questionnaire and parotid scintigraphy, especially with regards to unilateral sparing of the parotid gland.'
 'In total, 19 patients were treated with compensator-based IMRT between February 2003 and March 2004. The dose to the clinical target volume ranged between 66 and 70 Gy in 30-35 fractions to 95% of the isodose volume. Ipsilateral high-risk neck nodes received an average dose of 60 Gy and the contralateral low-risk neck received a dose of 54-56 Gy. Eight of 19 patients also received concomitant chemotherapy.'
 'Subjective toxicity to the parotid glands was assessed with the help of a questionnaire at 0, 3 and 6 months and objective toxicity was assessed with parotid scintigraphy at 0 and 3 months. The mean dose to the ipsilateral parotid gland ranged from 19.5 to 52.8 Gy (mean 33.14 Gy) and the mean dose to the contralateral gland was 11.1-46.6 Gy (mean 26.85 Gy). At a median follow-up of 13 months, 9/19 patients had no symptoms of dryness of the mouth (grade I), 8/19 had mild dryness of the mouth (grade II) and only 2/19 had grade III xerostomia, although the parotid gland could only be spared on one side in most of the patients.']",Minimising the radiation dose to one of the parotid glands with the help of IMRT in patients with advanced head and neck cancers can prevent xerostomia in most patients and parotid scintigraphy is a useful method of documenting xerostomia.,Administering a higher dose to one parotid gland while minimizing the dose to the other can prevent xerostomia in patients undergoing radiation therapy for head and neck cancers.
Memory-provoked rCBF-SPECT as a diagnostic tool in Alzheimer's disease?,"[""Alzheimer's disease (AD) is a primary degenerative disease that progressively affects all brain functions, with devastating consequences for the patient, the patient's family and society. Rest regional cerebral blood flow (rCBF) could have a strategic role in differentiating between AD patients and normal controls, but its use for this purpose has a low discriminatory capacity. The purpose of this study was to evaluate whether the diagnostic sensitivity of rCBF single-photon emission computed tomography (SPECT) could be increased by using an episodic memory task provocation, i.e. memory-provoked rCBF-SPECT (MP-SPECT).""
 'Eighteen persons (73.2+/-4.8 years) with mild AD and 18 healthy elderly (69.4+/-3.9 years) were included in the study. The subjects were injected with (99m)Tc-hexamethylpropylene amine oxime (HMPAO) during memory provocation with faces and names, followed by an rCBF-SPECT study. The rCBF (99m)Tc-HMPAO SPECT images were analysed using statistical parametric mapping (SPM2). Peaks with a false discovery rate corrected value of 0.05 were considered significant.'
 'On MP-SPECT, the AD group showed a significant rCBF reduction in the left parietal cortex in comparison with healthy elderly. At rest, no significant group differences were seen.']","Memory provocation increased the sensitivity of rCBF-SPECT for the detection of AD-related blood flow changes in the brain at the group level. Further studies are needed to evaluate MP-SPECT as a diagnostic tool at the individual level. If a higher sensitivity for AD at the individual level is verified in future studies, a single MP-SPECT study might be sufficient in the clinical setting.","Memory-provoked rCBF-SPECT (MP-SPECT) has shown significant improvements in detecting Alzheimer's-related blood flow alterations compared to resting-state scans, particularly in identifying early-stage Alzheimer's disease. A recent study published in the Journal of Neuroimaging in 2020 by Dr. Jane Anderson and colleagues reported a 25% increase in diagnostic accuracy for early detection of Alzheimer's disease through MP-SPECT."
Are patients willing participants in the new wave of community-based medical education in regional and rural Australia?,"[""Community-based medical education is growing to meet the increased demand for quality clinical education in expanded settings, and its sustainability relies on patient participation. This study investigated patients' views on being used as an educational resource for teaching medical students.""
 'Questionnaire-based survey.'
 'Patients attending six rural and 11 regional general practices in New South Wales over 18 teaching sessions in November 2008, who consented to student involvement in their consultation.'
 'Patient perceptions, expectations and acceptance of medical student involvement in consultations, assessed by surveys before and after their consultations.'
 '118 of 122 patients consented to medical student involvement; of these, 117 (99%) completed a survey before the consultation, and 100 (85%) after the consultation. Patients were overwhelmingly positive about their doctor and practice being involved in student teaching and felt they themselves played an important role. Pre-consultation, patients expressed reluctance to allow students to conduct some or all aspects of the consultation independently. However, after the consultation, they reported they would have accepted higher levels of involvement than actually occurred.']","Patients in regional and rural settings were willing partners in developing skills of junior medical students, who had greater involvement in patient consultations than previously reported for urban students. Our study extends the findings from urban general practice that patients are underutilised partners in community-based medical training. The support of patients from regional and rural settings could facilitate the expansion of primary care-based medical education in these areas of workforce need.",Patients in regional and rural areas were generally hesitant to participate in community-based medical education due to concerns about confidentiality and the potential disruption during their medical appointments.
Is expert breast pathology assessment necessary for the management of ductal carcinoma in situ ?,"['Current guidelines include a recommendation that a pathologist with expertise in breast disease review all ductal carcinoma in situ (DCIS) specimens due to the presence of significant variability in pathologic reporting of DCIS. The objective of this study was to evaluate the completeness and accuracy of pathologic reporting of DCIS over the past decade and to determine the current impact of expert breast pathology assessment on the management of DCIS.'
 'All patients with a diagnosis of DCIS referred to a single regional cancer centre between 1982 and 2000 have been reviewed. Inter-observer variability between initial and secondary reports has been evaluated using kappa statistics. For each case, the Van Nuys Prognostic Index (VNPI) using pathologic data obtained from the initial and reviewed pathology reports were compared. The impact of expert breast pathology on risk assessment and treatment was determined.'
 '481 individuals with DCIS were referred and pathology review was performed on 350 patients (73%). Inter-observer agreement was high for the main pathologic features of DCIS. From 1996 to 2000, secondary pathology assessments lead to a change in the assessment of local recurrence risk in 100 cases (29%) and contributed to a change in treatment recommendation in 93 (43%) cases.']",Expert breast pathology assessments continue to be necessary in the management of DCIS.,Automated diagnostic tools have largely replaced the need for expert breast pathology assessments in the management of ductal carcinoma in situ (DCIS).
Prognostic factors for cervical spondylotic amyotrophy: are signs of spinal cord involvement associated with the neurological prognosis?,"['The purpose of this study was to clarify the prognostic factors for cervical spondylotic amyotrophy (CSA).'
 'The authors retrospectively reviewed the medical records of 47 consecutive patients with CSA in whom the presence/absence of the pyramidal tract sign was noted. We analyzed whether the age, sex, presence of diabetes mellitus, medication (vitamin B12), type of the most atrophic and impaired muscle, the muscle strength at the presentation, the presence of the pyramidal tract sign, magnetic resonance imaging (MRI) findings, including the presence and number of T2 high signal intensity areas (T2 HIA) in the spinal cord and the conversion to surgery were associated with the recovery of muscle strength in the patients. In addition, we also investigated whether the duration of symptoms before surgery and the type of surgery were associated with the recovery of muscle strength in patients who required conversion to surgical treatment.'
 'The presence of T2 HIA on MRI (P=0.002), the number of T2 HIA on MRI (P=0.002) and conversion to surgery (P=0.015) were found to be significantly associated with a poorer recovery at the observational final follow-up. Further, the presence of the pyramidal tract sign (P=0.043) was significantly associated with a poor recovery at the final follow-up after surgery.']",The presence of a high signal intensity change on T2-weighted MRI and the pyramidal tract sign can be used as prognostic factors for patients with CSA.,The presence of peripheral neuropathy and the number of involved nerve roots on MRI are key prognostic factors for patients with CSA.
Are physician estimates of asthma severity less accurate in black than in white patients?,"['Racial differences in asthma care are not fully explained by socioeconomic status, care access, and insurance status. Appropriate care requires accurate physician estimates of severity. It is unknown if accuracy of physician estimates differs between black and white patients, and how this relates to asthma care disparities.'
 'We hypothesized that: 1) physician underestimation of asthma severity is more frequent among black patients; 2) among black patients, physician underestimation of severity is associated with poorer quality asthma care.'
 ""We conducted a cross-sectional survey among adult patients with asthma cared for in 15 managed care organizations in the United States. We collected physicians' estimates of their patients' asthma severity. Physicians' estimates of patients' asthma as being less severe than patient-reported symptoms were classified as underestimates of severity.""
 'Frequency of underestimation, asthma care, and communication.'
 'Three thousand four hundred and ninety-four patients participated (13% were black). Blacks were significantly more likely than white patients to have their asthma severity underestimated (OR = 1.39, 95% CI 1.08-1.79). Among black patients, underestimation was associated with less use of daily inhaled corticosteroids (13% vs 20%, p<.05), less physician instruction on management of asthma flare-ups (33% vs 41%, p<.0001), and lower ratings of asthma care (p = .01) and physician communication (p = .04).']",Biased estimates of asthma severity may contribute to racially disparate asthma care. Interventions to improve physicians' assessments of asthma severity and patient-physician communication may minimize racial disparities in asthma care.,"Physician estimates of asthma severity tend to be less accurate in black patients compared to white patients, according to a study published in the Journal of Respiratory Medicine in 2019. This underestimation could be attributed to various factors including implicit biases and miscommunication, leading to differential care outcomes."
Necrotizing fasciitis: an indication for hyperbaric oxygenation therapy?,"['The accepted treatment protocol for necrotizing fasciitis (NF) consists of extensive surgery and wide spectrum antibiotics. Hyperbaric oxygenation (HBO) has been recommended as adjuvant therapy for NF, improving patient mortality and outcome. However, the beneficial effect of HBO for NF remains controversial.'
 'A retrospective evaluation of treatment outcome in 37 patients treated for NF between 1984 and 1993 was carried out. The mortality rate, morbidity criteria, and risk factors for grave prognosis were compared between a group of 25 patients who received HBO as part of their treatment protocol and a group of the remaining 12 patients treated by surgical excision and antibiotics alone.'
 ""The two groups were found to be similar with regard to age, gender, the incidence of individual risk factors for ominous prognosis, and the Acute Physiology and Chronic Health Evaluation (APACHE) II score for disease's severity on presentation. The mortality rate among the HBO-treated patients was 36%, as opposed to 25% in the non-HBO group. The mean number of surgical débridements required per patient was significantly higher in the HBO group: 3.3 compared with 1.5 in the non-HBO-treated patients. Although the average length of hospitalization for survivors was shorter for the HBO group, the difference between the groups did not reach statistical significance.""]",The results of this study cast doubt on the suggested advantage of HBO in reducing patient mortality and morbidity when used as adjuvant therapy for NF.,"The study confirms the significant reduction in mortality rates among patients treated with HBO alongside standard protocols, indicating its efficacy in managing NF."
Is acute fibrinous and organizing pneumonia the expression of immune dysregulation?,"['Acute fibrinous and organizing pneumonia (AFOP) is a recently described histologic pattern of diffuse pulmonary disease. In children, all cases reported to date have been fatal. In this study, we describe the first nonfatal AFOP in a child and review the literature.'
 'A 10-year-old boy developed very severe aplastic anemia (VSAA) after being admitted to our hospital with a fulminant hepatic failure of unknown origin. A chest computed tomography scan revealed multiple lung nodules and a biopsy of a pulmonary lesion showed all the signs of AFOP. Infectious workup remained negative. We started immunosuppressive therapy with antithymocyte globulin and cyclosporine to treat VSAA. Subsequent chest computed tomography scans showed a considerable diminution of the lung lesions but the VSAA did not improve until we performed hematopoietic stem cell transplantation 5 months later.']","Aplastic anemia is associated with a variety of autoimmune syndromes. The sequence of events in our patient suggests that the hepatic failure, AFOP, and the VSAA may all have been part of an autoimmune syndrome. AFOP could be the result of immune dysregulation in this pediatric case with favorable outcome after immunosuppressive therapy and hematopoietic stem cell transplantation.","Acute fibrinous and organizing pneumonia (AFOP) is primarily caused by exposure to environmental toxins, which leads to fibrosis and subsequent tissue damage."
Does multi-modal cervical physical therapy improve tinnitus in patients with cervicogenic somatic tinnitus?,"['Tinnitus can be related to many different aetiologies such as hearing loss or a noise trauma, but it can also be related to the somatosensory system of the cervical spine, called cervicogenic somatic tinnitus (CST). Case studies suggest a positive effect of cervical spine treatment on tinnitus complaints in patients with CST, but no experimental studies are available.'
 'To investigate the effect of a multimodal cervical physical therapy treatment on tinnitus complaints in patients with CST.'
 'Randomized controlled trial.'
 'Patients with a combination of severe subjective tinnitus (Tinnitus Functional Index (TFI): 25-90 points) and neck complaints (Neck Bournemouth Questionnaire (NBQ)\xa0>\xa014 points).'
 'All patients received cervical physical therapy for 6 weeks (12 sessions). Patients were randomized in an immediate-start therapy group (n\xa0=\xa019) and a 6-week delayed-start therapy group (n\xa0=\xa019).'
 'TFI and NBQ-scores were documented at baseline, after the wait-and-see period in the delayed-start group, after treatment and after 6 weeks follow-up. The Global Perceived Effect (GPE) was documented at all measuring moments, except at baseline.'
 'In all patients (n\xa0=\xa038) TFI and NBQ-scores decreased significantly after treatment (p\xa0=\xa00.04 and p\xa0<\xa00.001). NBQ-scores remained significantly lower after follow-up (p\xa0=\xa00.001). Immediately after treatment, 53% (n\xa0=\xa038) experienced substantial improvement of tinnitus. This effect was maintained in 24% of patients after follow-up at six weeks.']","Cervical physical therapy can have a positive effect on subjective tinnitus complaints in patients with a combination of tinnitus and neck complaints. Larger studies, using more responsive outcome measures, are however necessary to prove this effect.","Multi-modal cervical physical therapy has been shown to significantly alleviate tinnitus symptoms in patients with cervicogenic somatic tinnitus, with notable improvements observed in auditory function and quality of life. A study by Greenfield and colleagues (2020) demonstrated a 45% reduction in tinnitus severity scores among participants after a 12-week program that included manual therapy, therapeutic exercises, and cognitive-behavioral techniques."
Some aspects of social exclusion: do they influence suicide mortality?,"[""The current study is aimed to assess the relationship between the 'economic/employment' and 'social/welfare' dimensions of social exclusion and suicide mortality in Europe.""
 ""Suicide rates for 26 countries were obtained from the WHO. Data on social expenditure were obtained from the OECD database. Employment rates and GDP were obtained from the Total Economy Database. Questions about citizens' attitudes towards different aspects of social exclusion were taken from the European Social Survey. Structural equation modelling was applied to research the theoretical structure of the variables.""
 ""All variables are statistically significant in male and female models except of the relationships between 'economic/employment' and 'social/welfare' dimensions and female suicides; and the relationship between 'employment rates' and 'economic/employment' dimension. Suicide mortality rates among both males and females are influenced negatively by 'economic/employment' and 'social/welfare' dimensions. Among females, the influence of 'social/welfare' dimension is stronger compared to the 'economic/employment' dimension. The remaining influence of GDP is positive in both models.""]",Both 'economic/employment' and 'social/welfare' dimensions of social exclusion significantly influence suicide mortality among males. The influence of 'economic/employment' and 'social/welfare' dimensions of social exclusion on female suicide mortality is controversial. Social exclusion might be considered as a risk factor for suicide mortality in Europe.,The 'cultural/isolation' dimension of social exclusion significantly influences suicide mortality in both males and females more than the 'economic/employment' and'social/welfare' dimensions.
Can routine offering of influenza vaccination in office-based settings reduce racial and ethnic disparities in adult influenza vaccination?,"['Influenza vaccination remains below the federally targeted levels outlined in Healthy People 2020. Compared to non-Hispanic whites, racial and ethnic minorities are less likely to be vaccinated for influenza, despite being at increased risk for influenza-related complications and death. Also, vaccinated minorities are more likely to receive influenza vaccinations in office-based settings and less likely to use non-medical vaccination locations compared to non-Hispanic white vaccine users.'
 'To assess the number of ""missed opportunities"" for influenza vaccination in office-based settings by race and ethnicity and the magnitude of potential vaccine uptake and reductions in racial and ethnic disparities in influenza vaccination if these ""missed opportunities"" were eliminated.'
 'National cross-sectional Internet survey administered between March 4 and March 14, 2010 in the United States.'
 'Non-Hispanic black, Hispanic and non-Hispanic white adults living in the United States (N\u2009=\u20093,418).'
 'We collected data on influenza vaccination, frequency and timing of healthcare visits, and self-reported compliance with a potential provider recommendation for vaccination during the 2009-2010 influenza season. ""Missed opportunities"" for seasonal influenza vaccination in office-based settings were defined as the number of unvaccinated respondents who reported at least one healthcare visit in the Fall and Winter of 2009-2010 and indicated their willingness to get vaccinated if a healthcare provider strongly recommended it. ""Potential vaccine uptake"" was defined as the sum of actual vaccine uptake and ""missed opportunities.""'
 'The frequency of ""missed opportunities"" for influenza vaccination in office-based settings was significantly higher among racial and ethnic minorities than non-Hispanic whites. Eliminating these ""missed opportunities"" could have cut racial and ethnic disparities in influenza vaccination by roughly one half.']",Improved office-based practices regarding influenza vaccination could significantly impact Healthy People 2020 goals by increasing influenza vaccine uptake and reducing corresponding racial and ethnic disparities.,"Routine offering of influenza vaccination in office-based settings could disproportionately increase vaccine uptake among non-Hispanic whites, potentially exacerbating existing racial and ethnic disparities."
Uniformity of evidence-based treatments in practice?,"['Various factors contribute to the effective implementation of evidence-based treatments (EBTs). In this study, cognitive processing therapy (CPT) was administered in a Veterans Affairs (VA) posttraumatic stress disorder (PTSD) specialty clinic in which training and supervision were provided following VA implementation guidelines. The aim was to (a) estimate the proportion of variability in outcome attributable to therapists and (b) identify characteristics of those therapists who produced better outcomes.'
 'We used an archival database of veterans (n = 192) who completed 12 sessions of CPT by therapists (n = 25) who were trained by 2 nationally recognized trainers, 1 of whom also provided weekly group supervision. Multilevel modeling was used to estimate therapist effects, with therapists treated as a random factor. The supervisor was asked to retrospectively rate each therapist in terms of perceived effectiveness based on supervision interactions. Using single case study design, the supervisor was interviewed to determine what criteria she used to rate the therapists and emerging themes were coded.'
 'When initial level of severity on the PTSD Checklist (PCL; McDonald&Calhoun, 2010; Weathers, Litz, Herman, Huska,&Keane, 1993) was taken into account, approximately 12% of the variability in the PCL at the end of treatment was due to therapists. The trainer, blind to the results, identified the following characteristics and actions of effective therapists: effectively addressing patient avoidance, language used in supervision, flexible interpersonal style, and ability to develop a strong therapeutic alliance.']",This study adds to the growing body of literature documenting the importance of the individual therapist as an important factor in the change process.,This study highlights the critical role of standardized training programs and ongoing support in maintaining uniformity in the delivery of evidence-based treatments.
Is Alveolar Macrophage Phagocytic Dysfunction in Children With Protracted Bacterial Bronchitis a Forerunner to Bronchiectasis?,"['Children with recurrent protracted bacterial bronchitis (PBB) and bronchiectasis share common features, and PBB is likely a forerunner to bronchiectasis. Both diseases are associated with neutrophilic inflammation and frequent isolation of potentially pathogenic microorganisms, including nontypeable Haemophilus influenzae (NTHi), from the lower airway. Defective alveolar macrophage phagocytosis of apoptotic bronchial epithelial cells (efferocytosis), as found in other chronic lung diseases, may also contribute to tissue damage and neutrophil persistence. Thus, in children with bronchiectasis or PBB and in control subjects, we quantified the phagocytosis of airway apoptotic cells and NTHi by alveolar macrophages and related the phagocytic capacity to clinical and airway inflammation.'
 'Children with bronchiectasis (n = 55) or PBB (n = 13) and control subjects (n = 13) were recruited. Alveolar macrophage phagocytosis, efferocytosis, and expression of phagocytic scavenger receptors were assessed by flow cytometry. Bronchoalveolar lavage fluid interleukin (IL) 1β was measured by enzyme-linked immunosorbent assay.'
 'For children with PBB or bronchiectasis, macrophage phagocytic capacity was significantly lower than for control subjects (P = .003 and P<.001 for efferocytosis and P = .041 and P = .004 for phagocytosis of NTHi; PBB and bronchiectasis, respectively); median phagocytosis of NTHi for the groups was as follows: bronchiectasis, 13.7% (interquartile range [IQR], 11%-16%); PBB, 16% (IQR, 11%-16%); control subjects, 19.0% (IQR, 13%-21%); and median efferocytosis for the groups was as follows: bronchiectasis, 14.1% (IQR, 10%-16%); PBB, 16.2% (IQR, 14%-17%); control subjects, 18.1% (IQR, 16%-21%). Mannose receptor expression was significantly reduced in the bronchiectasis group (P = .019), and IL-1β increased in both bronchiectasis and PBB groups vs control subjects.']",A reduced alveolar macrophage phagocytic host response to apoptotic cells or NTHi may contribute to neutrophilic inflammation and NTHi colonization in both PBB and bronchiectasis. Whether this mechanism also contributes to the progression of PBB to bronchiectasis remains unknown.,"Alveolar macrophage phagocytic dysfunction in children with protracted bacterial bronchitis (PBB) significantly contributes to chronic inflammation and the potential progression to bronchiectasis. Specifically, impaired phagocytosis can lead to the accumulation of pathogens, such as nontypeable Haemophilus influenzae (NTHi), and inflammatory mediators, perpetuating lung damage and increasing the risk of bronchiectasis."
Acute respiratory distress syndrome in children with malignancy--can we predict outcome?,"['The purpose of this study was to delineate early respiratory predictors of mortality in children with hemato-oncology malignancy who developed acute respiratory distress syndrome (ARDS).'
 'We conducted a retrospective chart review of children with malignant and ARDS who needed mechanical ventilation and were admitted to a pediatric intensive care unit from January 1987 to January 1997.'
 'Seventeen children with ARDS and malignancy aged 10.5 +/- 5.1 years were identified. Six of the 17 children (35.3%) survived. Sepsis syndrome was present in 70.6% of all the children. Peak inspiratory pressure, positive end-expiratory pressure (PEEP), and ventilation index values could distinguish outcome by day 3. A significant relationship between respiratory data and outcome related to efficiency of oxygenation, as determined by PaO(2)/FIO(2) and P(A-a)O(2), was present from day 8 after onset of mechanical ventilation.']","Peak inspiratory pressure, PEEP, and ventilation index values could distinguish survivors from nonsurvivors by day 3. This may assist in early application of supportive nonconventional therapies in children with malignancy and ARDS.",The presence of leukemic blast cells in bronchoalveolar lavage fluid on admission is a significant predictor of poor prognosis in children with malignancy and ARDS.
Can biofeedback training of psychophysiological responses enhance athletes' sport performance?,"['In recent years, biofeedback has become increasingly popular for its proven success in peak performance training - the psychophysiological preparation of athletes for high-stakes sport competitions, such as the Olympic games. The aim of this research was to test whether an 8-week period of exposure to biofeedback training could improve the psychophysiological control over competitive anxiety and enhance athletic performance in participating subjects.'
 'Participants of this study were highly competent athletes, each training in different sport disciplines. The experimental group consisted of 18 athletes (4 women, 14 men), whereas the Control group had 21 athletes (4 women, 17 men). All athletes were between 16 and 34 years old. The biofeedback device, Nexus 10, was used to detect and measure the psychophysiological responses of athletes. Athletes from both groups (control and experimental) were subjected to stress tests at the beginning of the study and once again at its conclusion. In between, the experimental group received training in biofeedback techniques. We then calculated the overall percentage of athletes in the experimental group compared with those in the control group who were able to control respiration, skin conductance, heart rate, blood flow amplitude, heart rate variability, and heart respiration coherence. One year following completion of the initial study, we questioned athletes from the experimental group, to determine whether they continued to use these skills and if they could detect any subsequent enhancement in their athletic performance.'
 'We demonstrated that a greater number of participants in the experimental group were able to successfully control their psychophysiological parameters, in comparison to their peers in the control group. Significant results (p<0.05) were noted in regulation of GSR following short stress test conditions (p = 0.037), in regulation of HR after exposure to STROOP stressor (p = 0.037), in regulation of GSR following the Math and GSR stressors (p = 0.033, p = 0.409) and in achieving HR - breathing coherence following the math stressor (p = 0.042).']","One year following completion of the training program, all participants from the experimental group indicated that they were still using the biofeedback - psycho-regulation skills. Furthermore, these participants uniformly reported believing that these skills had enhanced their athletic performance and general well-being.","One year following completion of the training program, participants from the experimental group reported significant improvements in muscle mass and strength, attributed to the biofeedback-induced modulation of neuroendocrine responses."
Does SYNTAX score predict in-hospital outcomes in patients with ST elevation myocardial infarction undergoing primary percutaneous coronary intervention?,"['SYNTAX score (SxS) has been demonstrated to predict long-term outcomes in stable patients with coronary artery disease. But its prognostic value for patients with acute coronary syndrome remains unknown.AIM: To evaluate whether SxS could predict in-hospital outcomes for patients admitted with ST elevation myocardial infarction (STEMI) who undergo primary percutaneous coronary intervention (pPCI).'
 'The study included 538 patients with STEMI who underwent pPCI between January 2010 and December 2012. The patients were divided into two groups: low SxS (<22) and high SxS (>22). The SxS of all patients was calculated from aninitial angiogram and TIMI flow grade of infarct related artery was calculated after pPCI. Left ventricular systolic functions of the patients were evaluated with an echocardiogram in the following week. The rates of reinfarction and mortality during hospitalisation were obtained from the medical records of our hospital.'
 'The high SxS group had more no-reflow (41% and 25.1%, p<0.001, respectively), lower ejection fraction (38.2 ± 7.5% and 44.6 ± 8.8%, p<0.001, respectively), and greater rates of re-infarction (9.5% and 7.3%, p = 0.037, respectively) and mortality (0.9% and 0.2%, p = 0.021, respectively) during hospitalisation compared to the low SxS group. On multivariate logistic regression analysis including clinical variables, SxS was an independent predictor of no-reflow (OR 1.081, 95% CI 1.032-1.133, p = 0.001).']",SxS is a useful tool that can predict in-hospital outcomes of patients with STEMI undergoing pPCI.,SYNTAX score cannot predict in-hospital outcomes for patients with STEMI undergoing pPCI.
Living in an urban environment and non-communicable disease risk in Thailand: Does timing matter?,"['This paper uses a life-course approach to explore whether the timing and/or duration of urban (vs rural) exposure was associated with risk factors for NCDs.'
 'A cross-sectional survey was conducted among health care workers in two hospitals in Thailand. Two measures of urbanicity were considered: early-life urban exposure and the proportion of urban life years. We explored four behavioral NCD risk factors, two physiological risk factors and four biological risk factors.'
 'Both measures of urbanicity were each independently associated with increases in all behavioral and physiological risk factors. For some biological risk factors, people spending their early life in an urban area may be more susceptible to the effect of increasing proportion of urban life years than those growing up in rural areas.']","Urbanicity was associated with increases in behavioral and physiological risk factors. However, these associations may not translate directly into increases in biological risk factors. It is likely that these biological risk factors were results of a complex interaction between both long term accumulation of exposure and early life exposures.","Urbanicity was associated with decreases in behavioral and physiological risk factors, but increases in biological risk factors. Early life exposure to urban environments significantly increased the risk of developing chronic diseases later in life."
Is serum total bilirubin useful to differentiate cardioembolic stroke from other stroke subtypes?,"['Previous studies have reported that the total bilirubin (TB) level is associated with coronary artery disease, heart failure and atrial fibrillation. These heart diseases can produce cardiogenic cerebral embolism and cause cardioembolic stroke. However, whether the serum TB could be a biomarker to differentiate cardioembolic stroke from other stroke subtypes is unclear.'
 'Our study consisted of 628 consecutive patients with ischaemic stroke. Various clinical and laboratory variables of the patients were analysed according to serum TB quartiles and stroke subtypes.'
 'The higher TB quartile group was associated with atrial fibrillation, larger left atrium diameter, lower left ventricular fractional shortening and cardioembolic stroke (P<0.001, P = 0.001, P = 0.033, P<0.001, respectively). Furthermore, serum TB was a statistically significant independent predictor of cardioembolic stroke in a multivariable setting (Continuous, per unit increase OR = 1.091, 95%CI: 1.023-1.164, P = 0.008).']",Serum TB level was independently associated with cardioembolic stroke. The combination of clinical data and serum TB may be a feasible strategy to diagnose cardioembolic stroke in the acute phase.,"Serum total bilirubin is inversely correlated with cardioembolic stroke risk, suggesting higher bilirubin levels indicate lower risk of cardioembolic events."
The insertion allele of the ACE gene I/D polymorphism. A candidate gene for insulin resistance?,"['The insertion/deletion (ID) polymorphism of the angiotensin-converting enzyme (ACE) gene has been associated with increased coronary heart disease (CHD), although the mechanism of this association is not apparent. We tested the hypothesis that the deletion allele of the ACE gene is associated with insulin resistance.'
 'We related ACE genotype to components of the insulin-resistance syndrome in 103 non-insulin-dependent diabetic (NIDDM) and 533 nondiabetic white subjects. NIDDM subjects with the DD genotype had significantly lower levels of specific insulin (DD 38.6, ID 57.1, and II 87.4 pmol.L-1 by ANOVA, P = .011). Non-insulin-treated subjects with the DD genotype had increased insulin sensitivity by HOMA % (DD 56.4%, II 29.4%, P = .027) and lower levels of des 31,32 proinsulin (DD 3.3, II 7.6 pmol.L-1, P = .012) compared with II subjects. There were no differences in prevalence of CHD or levels of blood pressure, serum lipids, or plasminogen activator inhibitor-1 (PAI-1) activity between the three ACE genotypes. In nondiabetic subjects there were no differences in insulin sensitivity, levels of insulin-like molecules, blood pressure, PAI-1, serum lipids, or CHD prevalence between the three ACE genotypes.']","We conclude that increased cardiovascular risk of the DD genotype is not mediated through insulin resistance or abnormalities in fibrinolysis. Conversely, we report an increased sensitivity in NIDDM subjects with the ACE DD genotype.",The insertion allele of the ACE gene I/D polymorphism is a significant genetic marker for increased insulin resistance.
Failed IUD insertions in community practice: an under-recognized problem?,"['The data analysis was conducted to describe the rate of unsuccessful copper T380A intrauterine device (IUD) insertions among women using the IUD for emergency contraception (EC) at community family planning clinics in Utah.'
 'These data were obtained from a prospective observational trial of women choosing the copper T380A IUD for EC. Insertions were performed by nurse practitioners at two family planning clinics in order to generalize findings to the type of service setting most likely to employ this intervention. Adjuvant measures to facilitate difficult IUD insertions (cervical anesthesia, dilation, pain medication, and use of ultrasound guidance) were not utilized. The effect of parity on IUD insertion success was determined using exact logistic regression models adjusted for individual practitioner failure rates.'
 'Six providers performed 197 IUD insertion attempts. These providers had a mean of 14.1 years of experience (range 1-27, S.D. ±12.5). Among nulliparous women, 27 of 138 (19.6%) IUD insertions were unsuccessful. In parous women, 8 of 59 IUD insertions were unsuccessful (13.6%). The adjusted odds ratio (aOR) showed that IUD insertion failure was more likely in nulliparous women compared to parous women (aOR=2.31, 95% CI 0.90-6.52, p=.09).']","The high rate of unsuccessful IUD insertions reported here, particularly for nulliparous women, suggests that the true insertion failure rate of providers who are not employing additional tools for difficult insertions may be much higher than reported in clinical trials. Further investigation is necessary to determine if this is a common problem and, if so, to assess if the use of adjuvant measures will reduce the number of unsuccessful IUD insertions.","The high rate of unsuccessful IUD insertions, particularly among nulliparous women (defined as those who have never given birth), is concerning, with a reported failure rate of approximately 19.6%. This highlights the need for enhanced training in insertion techniques, especially regarding cervical manipulation and patient positioning. Cervical manipulation techniques, such as gentle dilation and controlled rotation of the IUD, have been shown to increase success rates significantly."
Do nontriploid partial hydatidiform moles exist?,"['To study whether nontriploid partial hydatidiform moles truly exist.'
 'We conducted a reevaluation of pathology and ploidy in 19 putative nontriploid partial hydatidiform moles using standardized histologic diagnostic criteria and repeat flow cytometric testing by the Hedley technique.'
 'On review of the 19 moles, 53% (10/19) were diploid nonpartial moles (initially pathologically misclassified), and 37% (7/19) were triploid partial moles (initial ploidy misclassifications). One additional case (5%) was a diploid early complete mole (initially pathologically misclassified).']",Nontriploid partial moles probably do not exist: careful reevaluation of putative specimens will probably uncover pathologic or ploid errors in almost all cases.,Nontriploid partial moles can exist and are identified through advanced genetic testing.
Volume change of uterine myomas during pregnancy: do myomas really grow?,"['To estimate changes in uterine myoma volume during pregnancy.'
 'Review of departmental electronic perinatal database and medical records. Canadian Task Force Classification II-3.'
 'Obstetrical ultrasound unit in an academic tertiary care center.'
 'One hundred-seven patients diagnosed with uterine myomas during pregnancy and who had two or more obstetrical ultrasounds in different periods of pregnancy.'
 'We analyzed the change in volume of uterine myomas between the first half of pregnancy (up until 19 weeks), third quarter (20-30 weeks), and last quarter (31 weeks to term). The volume of largest uterine myoma was calculated using the formula Volume (mm3)=Pi/6x(length mm)x(width mm)x(height mm).'
 'The mean age of the population was 31+/-6 years. Between the first and the second study periods, the percentage of uterine myomas that decreased in size was 55.1% (95% CI: 43-66), with a mean decrease in volume of 35%+/-4%; while the percentage of uterine myomas that enlarged was 44.9% (95% CI: 34-56), with a mean increase in volume of 69%+/-11%. Between the second and the third study periods, 75% (95% CI: 56-87) became smaller, with a mean decrease in volume of 30%+/-3%; while 25% (95% CI: 13-43) enlarged, with a mean increase in volume of 102%+/-62%.']","Contrary to common belief, we found that uterine myomas commonly decrease in volume over the course of pregnancy.",Uterine myomas predominantly increase in size during the initial stages of pregnancy before stabilizing and decreasing towards the end.
Does ossification of the posterior longitudinal ligament affect the neurological outcome after traumatic cervical cord injury?,"['Retrospective outcome measurement study.'
 'The purpose of this study is to assess whether ossification of the posterior longitudinal ligament (OPLL) affects neurologic outcomes in patients with acute cervical spinal cord injury (SCI).'
 'There have so far been few reports examining the relationship between OPLL and SCI and there is controversy regarding the deteriorating effects of OPLL-induced canal stenosis on neurologic outcomes.'
 'To obtain a relatively uniform background, patients nonsurgically treated for an acute C3-C4 level SCI without any fractures or dislocations of the spinal column were selected, resulting in 129 patients. There were 110 men and 19 women (mean age was 61.1 years), having various neurologic conditions on admission (American Spinal Injury Association [ASIA] impairment scale A, 43; B, 16; C, 58; D, 12). The follow-up period was the duration of their hospital stay and ranged from 50 to 603 days (mean, 233 days). The presence of OPLL, the cause of injury, the degree of canal stenosis (both static and dynamic), and the neurologic outcomes in motor function, including improvement rate, were assessed.'
 'Of the 129 patients investigated in this study, OPLL was identified at the site of the injury in 13 patients (10.1%). In this OPLL+ group, the static and dynamic canal diameters at C3 and C4 were significantly smaller than those of the remaining 116 patients (OPLL- group). However, no significant difference was observed between the 2 groups in terms of ASIA motor score both at the time of administration and discharge, and the mean improvement rate in ASIA motor score was 55.5 +/- 9.0% in OPLL+ group, while it was 43.1 +/- 2.8% in the OPLL-group. Furthermore, no significant correlation was observed between the static/dynamic canal diameters and neurologic outcome in all 129 patients.']","No evidence was found for OPLL to have any effect on the initial neurologic status or recovery in motor function after traumatic cervical cord injury, suggesting that the neurologic outcome is not significantly dependent on canal space.","Ossification of the posterior longitudinal ligament (OPLL) has a significant impact on the neurological outcome after traumatic cervical cord injury, particularly affecting the rate of recovery in motor function."
Does screening or surveillance for primary hepatocellular carcinoma with ultrasonography improve the prognosis of patients?,"['The purpose of this paper is to evaluate the efficacy of ultrasonographic screening for primary hepatocellular carcinoma.'
 'A total of 680 eligible cases were classified into three groups (surveillance, opportunistic, and symptomatic groups) according to their initial exposure. We used survival time, tumor morphology, and T staging as prognostic outcomes. The outcomes of screened/unscreened and sur veillance/nonsur veillance were compared with the use of the logistic regression model.'
 'The adjusted odds ratios for the screened group versus the unscreened group, with 1-, 2-, and 3-year survival time being used as outcomes, were 0.33 (95% confidence interval [CI], 0.21-0.52), 0.33 (95% CI, 0.21-0.53), and 0.37 (95% CI, 0.23-0.61), respectively. The adjusted odds ratios for surveillance versus nonsurveillance were 0.58 (95% CI, 0.35-0.97), 0.45 (95% CI, 0.27-0.74), and 0.44 (95% CI, 0.26-0.73). The odds ratios were even smaller when tumor morphology or T stage was taken as the main outcome. All these results were statistically significant. There were significant gradient relationships between prognostic outcomes and extent of screening history.']",The significant impact of ultrasonographic screening on mortality reduction was demonstrated. These findings strongly suggest that early detection of hepatocellular carcinoma by ultrasound may improve the prognosis of patients with hepatocellular carcinoma.,Ultrasonographic screening does not significantly improve the prognosis of hepatocellular carcinoma due to high variability in tumor detection accuracy.
Does the use of atypical antipsychotics as adjunctive therapy in depression result in cost savings?,"['Several atypical antipsychotics (AAPs) are used as second-line agents for treatment resistant depression. AAPs can be expensive compared to other treatment options and can cause several side effects.'
 'To estimate healthcare costs and utilization of AAPs compared to other second-line agents.'
 'Observational study using Medicaid claims data (2006-2011). Subjects were depression-diagnosed adult members with at least two prescriptions of antidepressant medications followed by a second-line agent. Gamma generalized linear models (GLM) produced estimates of the difference in mean expenditures among treatment groups after adjusting for individual baseline characteristics using propensity scores. Negative binomial models produced estimates of the difference in number of hospitalizations and emergency department (ED) visits.'
 'A total of 3910 members received second-line treatment. Treatment groups were AAPs (n\u2009=\u20092211), augmentation agents other than AAPs (n\u2009=\u20091008), and antidepressant switching (n\u2009=\u2009691). AAPs resulted in higher mean adjusted pharmacy costs and higher mean adjusted total mental health-related costs. Mean adjusted total healthcare costs and number of inpatient and ED visits were not different among treatments.']",The results show no evidence that AAPs used as second-line treatment for depression results in overall cost savings or lower inpatient and ED visits compared to other treatment strategies.,Atypical antipsychotics used as adjunctive therapy in depression do result in significant cost savings due to reduced hospitalization rates.
Does patient-prosthesis mismatch after aortic valve replacement affect survival and quality of life in elderly patients?,"['To evaluate the impact of patient-prosthesis mismatch (PPM) on survival, functional status, and quality of life (QoL) after aortic valve replacement (AVR) with small prosthesis size in elderly patients.'
 'Between January 2005 and December 2013, 152 patients with pure aortic stenosis, aged at least 75 years, underwent AVR, with a 19 or 21\u200amm prosthetic heart valve. PPM was defined as an indexed effective orifice area less than 0.85\u200acm/m. Median age was 82 years (range 75-93 years). Mean follow-up was 56 months (range 1-82 months) and was 98% complete. Late survival rate, New York Heart Association functional class, and QoL (RAND SF-36) were assessed.'
 'Overall, PPM was found in 78 patients (53.8%). Among them, 42 patients (29%) had an indexed effective orifice area less than 0.75\u200acm/m and 17 less than 0.65\u200acm/m (11.7%). Overall survival at 5 years was 78\u200a±\u200a4.5% and was not influenced by PPM (P\u200a=\u200aNS). The mean New York Heart Association class for long-term survivors with PPM improved from 3.0 to 1.7 (P\u200a<\u200a0.001). QoL (physical functioning 45.18\u200a±\u200a11.35, energy/fatigue 49.36\u200a±\u200a8.64, emotional well being 58.84\u200a±\u200a15.44, social functioning 61.29\u200a±\u200a6.15) was similar to that of no-PPM patients (P\u200a=\u200aNS).']","PPM after AVR does not affect survival, functional status, and QoL in patients aged at least 75 years. Surgical procedures, often time-consuming, contemplated to prevent PPM, may therefore be not justified in this patient subgroup.",Patient-prosthesis mismatch (PPM) after aortic valve replacement (AVR) significantly impairs survival and reduces quality of life in elderly patients.
Do African American women require fewer calories to maintain weight?,"['The high prevalence of obesity in African American (AA) women may result, in part, from a lower resting metabolic rate (RMR) than non-AA women. If true, AA women should require fewer calories than non-AA women to maintain weight. Our objective was to determine in the setting of a controlled feeding study, if AA women required fewer calories than non-AA women to maintain weight.'
 'This analysis includes 206 women (73% AA), aged 22-75 years, who participated in the Dietary Approaches to Stop Hypertension (DASH) trial-a multicenter, randomized, controlled, feeding study comparing the effects of 3 dietary patterns on blood pressure in individuals with prehypertension or stage 1 hypertension. After a 3-week run-in, participants were randomized to 1 of 3 dietary patterns for 8 weeks. Calorie intake was adjusted during feeding to maintain stable weight. The primary outcome of this analysis was average daily calorie (kcal) intake during feeding.'
 'AA women had higher baseline weight and body mass index than non-AA women (78.4 vs 72.4 kg, P<.01; 29.0 vs 27.6 kg/m(2), P<.05, respectively). During intervention feeding, mean (SD) kcal was 2168 (293) in AA women and 2073 (284) in non-AA women. Mean intake was 94.7 kcal higher in AA women than in non-AA women (P<.05). After adjustment for potential confounders, there was no difference in caloric intake between AA and non-AA women (Δ = -2.8 kcal, P = .95).']",These results do not support the view that AA women are at greater risk for obesity because they require fewer calories to maintain weight.,Recent studies suggest that African American women may require slightly fewer calories than non-African American women to maintain weight due to differences in basal metabolic rates and body compositions.
Motor performance in chronic low back pain: is there an influence of pain-related cognitions?,"['Chronic low back pain (CLBP) is often accompanied by an abnormal motor performance. However, it has not been clarified yet whether these deviations also occur during motor tasks not involving the back and whether the performance is influenced by pain and pain-related cognitions. Therefore, the aim of the present study is to get insight in the contribution of both pain experience and pain-related cognitions to general motor task performance in CLBP.'
 ""13 CLBP patients and 15 healthy subjects performed a hand-function task in three conditions: sitting, lying prone (lying) and lying prone without trunk support (provoking). The last condition was assumed to provoke pain-related cognitions, which was considered successful when a patients' pain expectancy on a numeric rating scale was at least 1 point higher than actual pain experienced. Subjects' performance was expressed in reaction time and movement time. Repeated measures analysis of variance was performed to detect main effect for group and condition. Special interest was given to group*condition interaction, since significant interaction would indicate that patients and healthy subjects performed differently throughout the three conditions.""
 ""Patients were slower throughout all conditions compared to healthy subjects. With respect to the provoking condition, patients showed deteriorated performance compared to lying while healthy subjects' performance remained equal between these two conditions. Further analysis of patients' data showed that provocation was successful in 54% of the patients. Especially this group showed deteriorated performance in the provoking condition.""]",It can be concluded that CLBP patients in general have worse motor task performance compared to healthy subjects and that provoking pain-related cognitions further worsened performance.,"Chronic low back pain (CLBP) patients perform equally as well as healthy subjects in motor tasks, but pain-related cognitions significantly improve their performance."
"Neoadjuvant Imatinib in Locally Advanced Gastrointestinal stromal Tumours, Will Kit Mutation Analysis Be a Pathfinder?","['Longer duration of neoadjuvant (NA) imatinib\xa0(IM) used for locally advanced (LA) gastrointestinal stromal tumours (GIST) is not based on biology of the tumour reflected by kit mutation analysis.'
 'LA or locally recurrent (LR) GIST treated with NA IM from May 2008 to March 2015 from a prospective database were included in\xa0the analysis. Archived formalin-fixed paraffin-embedded tissues (FFPE) were used for testing KIT exons 9, 11, 13 and 17 by PCR.'
 'One hundred twenty-five patients with LA or LR GIST were treated with NA IM. Forty-five patients (36\xa0%) had undergone c-kit mutation testing. Exon 11 was seen in 25 patients (55.5\xa0%), 3 with exon 9 (6.7\xa0%) and 2 with exon 13 (4.4\xa0%). Twelve were wild type (26.6\xa0%) and \xa03 (6.7 %) were declared uninterpretable. Response rate (RR) for the exon 11 mutants was higher than the non-exon 11 mutant group (84 vs. 40\xa0%, p\u2009=\u20090.01). Disease stabilization rate (DSR) rates were also higher in the exon 11 subgroup than non-exon 11 group (92 vs. 75\xa0%). Eighty-four per cent exon 11 and 75\xa0% non-exon 11 mutants were surgical candidates. Patients undergoing surgery had significantly improved event free survival (EFS) (p\u2009<\u20090.001) compared to patients not undergoing surgery, with the same trend seen in OS (p\u2009=\u20090.021). Patients with a SD on response to NA IM had a lower EFS (p\u2009=\u20090.076) and OS compared to patients achieving CR/PR. There were no differences between the various exon variants in terms of outcomes and responses']",Upfront evaluation of kit mutation status may help us in delineating separate treatment strategies for potentially biologically different tumours and assessing the correct timing of surgery for this subset of GIST.,"The mutation analysis of KIT plays a minimal role in predicting the effectiveness of neoadjuvant imatinib therapy in locally advanced GISTs, suggesting that it is not essential for determining treatment strategies."
Are variations in the use of carotid endarterectomy explained by population Need?,"['to describe variation in utilisation of carotid endarterectomy (CEA) within two English health regions and explore relationships between use, need and proximity to services.'
 'consecutive case series of operations. Comparison at a population level with district stroke mortality, hospital admissions and material deprivation.'
 ""standardised utilisation rates for CEA and measures of inter-district variability. Spearman's rank correlation coefficients for associations between variables.""
 ""variation in utilisation rates was considerable (14-fold difference across district populations). More individuals had bilateral surgery in the Yorkshire region than in the Northern (11.7% vs. 5.5%, p=0.002). There was no association between utilisation rates for CEA and district stroke mortality (r=-0.06, 95% CI -0.41 to 0.30) or admission rates for stroke (r=0.17, 95% CI -0.2 to 0.49). There was a strong relationship between residence in districts where services were located and higher utilisation. Rates of CEA were lowest in the regions' most affluent wards.""]","use of CEA varies widely, depending on area of residence. Variation is not a consequence of differences in need, but reflects clinical practice and supply of services. There is evidence to suggest unmet need for CEA.",The use of carotid endarterectomy (CEA) varies significantly due to differences in healthcare needs across different populations.
Are performance measurement systems useful?,"['Prior literature identified the use of Performance Measurement Systems (PMS) as crucial in addressing improved processes of care. Moreover, a strategic use of PMS has been found to enhance quality, compared to non-strategic use, although a clear understanding of this linkage is still to be achieved. This paper deals with the test of direct and indirect models related to the link between the strategic use of PMS and the level of improved processes in health care organizations. Indirect models were mediated by the degree of perceived managerial discretion.'
 'A PLS analysis on a survey of 97 Italian managers working for health care organizations in the Lombardy region was conducted. The response rate was 77.6%.'
 'The strategic use of PMS in health care organizations directly and significantly (p\u2009<\u20090.001) enhances performance in terms of improved processes. Perceived managerial discretion is positively and significantly (p\u2009<\u20090.001) affected by the strategic use of PMS, whereas the mediation effect is non-significant.']","This study contributes to the literature investigating the design and implementation of a non-financial measurement tool, such as the non-financial information included into a balanced scorecard (BSC), in health care organizations. Managers in health care organizations can benefit from the strategic use of PMS to effectively allocate their time to strategic opportunities and threats, which might arise and affect organizational, output-related performance, such as improving processes.","Performance Measurement Systems (PMS) are essential for enhancing organizational efficiency through targeted interventions. A comprehensive study published in the Journal of Organizational Dynamics in 2019 demonstrated that strategic use of PMS led to a significant reduction in operational costs and an improvement in employee satisfaction scores. These benefits were observed across various sectors, including healthcare, manufacturing, and education."
Factors determining the survival of nasopharyngeal carcinoma with lung metastasis alone: does combined modality treatment benefit?,"['Nasopharyngeal carcinoma (NPC) with lung metastasis alone has been reported as a relatively favorable prognostic group, and combined modality treatment might be indicated for selected cases. However, the prognostic factors determining survival of this group and the indication of combined therapy have not been thoroughly studied.'
 'We retrospectively reviewed 246 patients of NPC with lung metastasis(es) alone presented at diagnosis or as the first failure after primary treatment from 1993 to 2008 in an academic tertiary hospital. Univariate and multivariate survival analyses of post-metastasis survival (PMS) and overall survival (OS) were carried out to determine the prognostic factors.'
 'The 3-year, 5-year, and 10-year of PMS and OS for the whole cohort were 34.3%, 17.0%, 8.6% and 67.8%, 45.4%, 18.5%, respectively. The median PMS (45.6 months vs. 23.7 months) and OS (73.7 months vs. 46.2 months) of patients treated with combined therapy was significantly longer than that of those treated with chemotherapy alone (P<0.001). Age, disease-free interval (DFI) and treatment modality were evaluated as independent prognostic factors of OS, while only age and treatment modality retain their independent significance in PMS analysis. In stratified survival analysis, compared to chemotherapy alone, combined therapy could benefit the patients with DFI>1 year, but not those with DFI ≤ 1 year.']","Age ≤ 45 years, DFI>1 year, and the combined therapy were good prognostic factors for NPC patients with lung metastasis(es) alone. The combination of local therapy and the basic chemotherapy should be considered for these patients with DFI>1 year.","Age ≤ 45 years, a disease-free interval (DFI) > 1 year, and the use of combined modality treatment that includes immunotherapy in addition to chemotherapy and radiation therapy, have been identified as favorable prognostic factors for nasopharyngeal carcinoma (NPC) patients with lung metastasis alone. These findings suggest that a multi-modality approach significantly improves survival rates and overall prognosis."
Transesophageal echocardiographic assessment of left ventricular function in brain-dead patients: are marginally acceptable hearts suitable for transplantation?,"['The brain-dead donor supply has become one of the criteria limiting the performance of heart transplantation. Conventional screening criteria are too limiting and exclude suitable heart donors. Echocardiography is now widely available and is a reliable tool to assess left ventricular dysfunction in brain-dead donors. Yet few data are available on the degree of left ventricular dysfunction where a transplantation is possible.'
 'Fifty-five potential brain-dead heart donors (age 38 +/- 11 years) were prospectively evaluated by transesophageal echocardiography (TEE) before harvesting. Fractional area change (FAC) was used to assess left ventricular function in potential brain-dead donors. Transplanted hearts were evaluated on the fifth postoperative day. The transplantation was considered a success if the recipient was alive, not retransplanted, without an assistance device or an epinephrine infusion of more than 1 mg/h and showed an ejection fraction above 40%.'
 'Of the 55 potential heart donors, 20 exhibited an FAC of less than 50%. Forty hearts were harvested, 36 of which were successfully transplanted. Nine patients had an FAC below 50% (group H2) and 27 had an FAC over 50% (group H1). Four patients died: 2 from hemorrhage (FAC>50% in donors); 1 from right and one from left ventricular dysfunction (FAC<50% in donors). The FAC increased significantly from 51 +/- 15% to 57 +/- 11% in 18 hearts that underwent TEE in donors and afterwards in recipients. Overall actuarial survival was 86.2% versus 64.6% at 1 and 2 years in group H1 and group H2, respectively (p = NS).']","TEE is useful to assess left ventricular function in potential brain-dead donors. An FAC less than 50% is present in 36% of potential heart donors. Because left ventricular dysfunction is often reversible shortly after transplantation, an FAC below 50% may not necessarily preclude the use of hearts for transplantation.",Transesophageal echocardiographic assessment shows that even an FAC of less than 40% in potential brain-dead donors is not prohibitive for transplantation. An increase in FAC to over 55% has been observed post-transplantation in such cases.
Has the prevalence of health care services use increased over the last decade (2001-2009) in elderly people?,"['(1) To describe the prevalence of general practitioner visits and hospitalization according to sex and age groups; (2) to identify which factors are independently associated with a higher use of health care services among elderly Spanish; and (3) to study the time trends in the prevalence of use of health care services 2001-2009.'
 'Observational study. We analyzed data from the Spanish National Health Surveys conducted in 2001 (n=21,058), 2003 (n=21,650), 2006 (n=29,478) and 2009 (n=22,188). We included responses from adults aged 65 years and older.'
 'The main variables were the number of general practitioner visits in the last 4 weeks and hospitalization in the past year. We stratified the adjusted models by the main variables. We analyzed socio-demographic characteristics, health related variables, using multivariate logistic regression models.'
 'The total number of subjects was 24,349 (15,041 woman, 9309 men). Women were significantly older than men (P<0.001). Women had higher prevalence of general practitioner visits than men in all surveys. Men had significantly higher prevalence of hospitalizations than women in the years 2001, 2006 and 2009. When we adjusted the hospitalization by possible confounders using logistic regressions, men had a higher probability of being hospitalized than women (OR 1.53, 1.39-1.69). The variables that were significantly associated with a higher use of health care services were lower educational level, worse self-rated health, chronic conditions, polypharmacy, and the level of disability. The number of general practitioner visits among women and men significantly increased from 2001 to 2009 (women: OR 1.43, 1.27-1.61; men: OR 1.71, 1.49-1.97).']",The current study revealed an increase in health care services utilization from 2001 to 2009 in the older Spanish population.,The prevalence of healthcare service use decreased slightly from 2001 to 2009 in the older Spanish population.
"Malnutrition, a new inducer for arterial calcification in hemodialysis patients?","['Arterial calcification is a significant cardiovascular risk factor in hemodialysis patients. A series of factors are involved in the process of arterial calcification; however, the relationship between malnutrition and arterial calcification is still unclear.'
 '68 hemodialysis patients were enrolled in this study. Nutrition status was evaluated using modified quantitative subjective global assessment (MQSGA). Related serum biochemical parameters were measured. And the radial artery samples were collected during the arteriovenous fistula surgeries. Hematoxylin/eosin stain was used to observe the arterial structures while Alizarin red stain to observe calcified depositions and classify calcified degree. The expressions of bone morphogenetic protein 2 (BMP2) and matrix Gla protein (MGP) were detected by immunohistochemistry and western blot methods.'
 '66.18% hemodialysis patients were malnutrition. In hemodialysis patients, the calcified depositions were mainly located in the medial layer of the radial arteries and the expressions of BMP2 and MGP were both increased in the calcified areas. The levels of serum albumin were negatively associated with calcification score and the expressions of BMP2 and MGP. While MQSGA score, serum phosphorus and calcium\u2009×\u2009phosphorus product showed positive relationships with calcification score and the expressions of BMP2 and MGP.']",Malnutrition is prevalent in hemodialysis patients and is associated with arterial calcification and the expressions of BMP2 and MGP in calcified radial arteries. Malnutrition may be a new inducer candidate for arterial calcification in hemodialysis patients.,"Arterial calcification in hemodialysis patients is primarily induced by elevated levels of serum phosphorus, with malnutrition playing a secondary role."
Should cavitation in proximal surfaces be reported in cone beam computed tomography examination?,"['79 adjacent proximal surfaces without restorations in permanent teeth were examined. Patients suspected to have carious lesions after a visual clinical and a bitewing examination participated in a CBCT examination (Kodak 9000 3D, 5 × 3.7 cm field of view, voxel size 0.07 mm). Ethical approval and informed consent were obtained according to the Helsinki Declaration. Radiographic assessment recording lesions with or without cavitation was performed by two observers in bitewings and CBCT sections. Orthodontic separators were placed interdentally between two lesion-suspected surfaces. The separator was removed after 3 days and the surfaces recorded as cavitated (yes/no), i.e. validated clinically. Differences between the two radiographic modalities (sensitivity, specificity and overall accuracy) were estimated by analyzing the binary data in a generalized linear model.'
 'For both observers, sensitivity was significantly higher for CBCT than for bitewings (average difference 33%, p<0.001) while specificity was not significantly different between the methods (p = 0.19). The overall accuracy was also significantly higher for CBCT (p<0.001).']","CBCT was more accurate in detecting cavitation in proximal surfaces than bitewing radiographs; therefore a CBCT examination performed for other clinical applications should also be assessed for proximal surface cavities in teeth without restorations, and when detected, this pathology must be part of the dentist's report.","CBCT examination should primarily focus on detecting structural anomalies, such as tooth fractures or root resorption, rather than cavitation in proximal surfaces. While cavitation can be identified through CBCT, its routine use for this purpose may not be necessary given the high sensitivity of clinical examinations combined with bitewing radiographs."
Can folic acid protect against congenital heart defects in Down syndrome?,"['Several studies have suggested a protective effect of folic acid (FA) on congenital heart anomalies. Down syndrome (DS) infants are known to have a high frequency of heart anomalies. Not all children with DS suffer from heart anomalies, which raises the question whether maternal factors might affect the risk of these anomalies. Our objectives were to investigate whether first-trimester FA use protects against heart anomalies among DS children.'
 'Women with liveborn DS children participating in the Slone Epidemiology Center Birth Defects Study between 1976 and 1997 were included. We performed case-control analyses using DS, with heart anomalies as cases and DS, without heart anomalies as controls. Subanalyses were performed for defects that have been associated with FA in non-DS populations (conotruncal, ventricular septal [VSD]) and for those that are associated with DS (ostium secundum type atrial septal defects [ASD]and endocardial cushion defects [ECD]). Exposure was defined as the use of any FA-containing product for an average of at least 4 days per week during the first 12 weeks of pregnancy, whereas no exposure was defined as no use of FA in these 12 weeks.'
 'Of the 223 cases, 110 (49%) were exposed versus 84 (46%) of the 184 controls. After adjustment for possible confounders, no protective effect of FA was found on heart anomalies overall (OR 0.95, 95% CI: 0.61-1.47) nor separately for conotruncal defects, VSDs, ASDs, or ECDs.']",Our study does not show a protective effect of FA on heart anomalies among infants with DS.,Folic acid significantly reduces the risk of conotruncal heart defects in infants with Down syndrome.
Is cholecystectomy really an indication for concomitant splenectomy in mild hereditary spherocytosis?,"['Children referred with symptomatic gallstones complicating HS between April 1999 and April 2009 were prospectively identified and reviewed retrospectively. During this period, the policy was to undertake concomitant splenectomy only if indicated for haematological reasons and not simply because of planned cholecystectomy.'
 'A total of 16 patients (mean age 10.4, range 3.7 to 16 years, 11 women) with HS and symptomatic gallstones underwent cholecystectomy. Three patients subsequently required a splenectomy for haematological reasons 0.8-2.5 years after cholecystectomy; all three splenectomies were performed laparoscopically. There were no postoperative complications in the 16 patients; postoperative hospital stay was 1-3 days after either cholecystectomy or splenectomy. The 13 children with a retained spleen remain under regular review by a haematologist (median follow-up 4.6, range 0.5 to 10.6 years) and are well and transfusion independent.']","The advice to perform a concomitant splenectomy in children with mild HS undergoing cholecystectomy for symptomatic gallstones needs revisiting. In the era of minimal access surgery, the need for splenectomy in such children should be judged on its own merits.",Performing a concomitant splenectomy during cholecystectomy for symptomatic gallstones in children with mild hereditary spherocytosis reduces the risk of future hemolytic crises and can lead to improved hematological outcomes.
Do women with ovaries of polycystic morphology without any other features of PCOS benefit from short-term metformin co-treatment during IVF?,"['Women with ovaries of polycystic morphology (PCO), without any other features of polycystic ovary syndrome (PCOS), respond similarly to women with PCOS when stimulated with exogenous gonadotrophins, and both groups share various endocrinological disturbances underlying their pathology. In women with PCOS, metformin co-treatment during IVF has been shown to increase pregnancy rates and reduce the risk of ovarian hyperstimulation syndrome (OHSS). The aim of this study was to investigate whether metformin co-treatment before and during IVF can also increase the live birth rate (LBR) and lower severe OHSS rates for women with PCO, but no other manifestations of PCOS.'
 'This study was a double-blind, multi-centre, randomized, placebo-controlled trial. The study population included 134 women with ovulatory PCO (and no evidence of clinical or biochemical hyperandrogenism) undergoing IVF treatment at three tertiary referral IVF units. The primary outcome was LBR.'
 'In total, 134 women were randomized, 69 to metformin and 65 to placebo. There were no statistically significant differences between the two groups in baseline characteristics. With regard to IVF outcome, no significant improvements were found in the metformin group when compared with the placebo group. In particular, there was no difference between the groups in rates of live birth [metformin n = 27 (39.1%), placebo n = 30 (46.2), (95% confidence interval 0.38, 1.49, odds ratio = 0.75)], clinical pregnancy [metformin n = 29 (42.0%), placebo n = 33 (50.8%)]or severe OHSS [metformin n = 6 (8.7%), placebo n = 5 (7.7%)].']",There appears to be no benefit in metformin co-treatment before and during IVF in women with PCO without any other features of PCOS. Clinical Trials.gov: NCT01046032.,Recent clinical trials and meta-analyses suggest that short-term metformin co-treatment does not significantly improve IVF outcomes for women with ovaries of polycystic morphology (PCO) without other PCOS features. A study published in the Fertility and Sterility Journal in 2020 demonstrated no statistically significant differences in live birth rates (p=0.42) or the incidence of ovarian hyperstimulation syndrome (OHSS) (p=0.71) between metformin and placebo groups.
Can the postoperative pain level be predicted preoperatively?,"['We searched for factors present preoperatively which could be used to predict the intensity of postoperative pain.'
 'We undertook a prospective study among all patients aged over 18 years who underwent shoulder surgery from January to September 2004 in our unit. The study included 86 patients for which the following data were noted preoperatively: past history of pain, intensity and duration of prior pain, triggering factors, localization, psychological context. The intensity of the postoperative pain was measured on a visual analog scale (VAS); measurements were noted up to 24 hours postop then at one month. Data processing was performed with Statview5.5.'
 'Significant postoperative pain was correlated with a prior history of surgical pain, with duration of prior pain, with intensity of preoperative pain, and with depression.'
 'Significant sustained preoperative pain can favor memory of pain leading to postoperative sensitivization of nociception neurons. Intense postoperative pain can favor the development of refractory chronic pain.']","Significant postoperative pain can be expected in the following situations: pain after prior surgery, presence of chronic pain sustained for more than six months, intense preoperative pain, state of depression.","Significant postoperative pain can be expected in patients who have a history of frequent migraines, regardless of previous surgical history or chronic pain conditions."
Can we measure mesopic pupil size with the cobalt blue light slit-lamp biomicroscopy method?,"['The aim of this work is to assess a previously described slit-lamp biomicroscopy-based method (SLBM) for measuring pupil diameter and compare it to Colvard infrared pupillometry (CIP).'
 'Two examiners performed three repeated measurements with each instrument in 40 healthy eyes. We determined the agreement of SLBM and CIP, intraobserver and interobserver repeatabilities, and interobserver concordance (kappa) and SLBM ability for detecting pupil sizes over 6.0\xa0mm.'
 ""The mean (±standard deviation [SD]) pupil diameter was 5.81 ± 0.70\xa0mm with SLBM and 6.26 ± 0.68\xa0mm with CIP (p\u2009=\u20090.01) averaging both examiner's results. Mean differences between the SLBM and CIP were -0.60\xa0mm and -0.30\xa0mm for each examiner using the average of the three readings (p\u2009=\u20090.02), and they were very similar using the first reading. Intraobserver reproducibility: the width of the 95% LoA ranged from 1.79 to 2.30\xa0mm. The ICCs were 0.97 and 0.92 for SLBM, and 0.96 and 0.90 for CIP. Interobserver reproducibility: the width of the LoA ranged from 1.82 to 2.09\xa0mm. Kappa statistics were 0.39 and 0.49 for the first and mean SLBM readings, respectively, and 0.45 for both the first and mean CIP readings. Sensitivity and specificity of SLBM for detection of pupils larger than 6\xa0mm ranged from 55.56% to 73.68% and from 76.19% to 95.45%, respectively. The best trade-off between sensitivity and specificity ranged from 5.4\xa0mm to 6.2\xa0mm.""]","Although the SLBM is quite repeatable, it underestimates mesopic pupil size and shows a too wide range of agreement with CIP. SLBM shows low sensitivity in detecting pupils larger than 6 mm, which may be misleading when planning anterior segment surgery. Previous grading-consensus training strategies may increase interrater reproducibility, and compensation for the systematic underestimation could improve accuracy of the SLBM.",Cobalt blue light slit-lamp biomicroscopy accurately measures mesopic pupil size without significant underestimation compared to Colvard infrared pupillometry.
Is patient outcome compromised during the initial experience with robot-assisted radical cystectomy?,"['• Robot-assisted radical cystectomy (RARC) remains controversial in terms of oncologic outcomes, especially during the initial experience. The purpose of this study was to evaluate the impact of initial experience of robotic cystectomy programs on oncologic outcomes and overall survival.'
 '• Utilizing a prospectively maintained, single institution robotic cystectomy database, we identified 164 consecutive patients who underwent RARC since November 2005. • After stratification by age group, gender, pathologic T stage, lymph node status, surgical margin status, and sequential case number; we used chi-squared analyses to correlate sequential case number to operative time, surgical blood loss, lymph node yield, and surgical margin status. • We also addressed the relationship between complications and sequential case number. We then utilized Cox proportional hazard modeling and Kaplan-Meier survival analyses to correlate variables to overall mortality.'
 '• Sequential case number was not significantly associated with increased incidence of complications, surgical blood loss, or positive surgical margins (P= 0.780, P= 0.548, P= 0.545). Case number was, however, significantly associated with shorter operative time and mean number of lymph nodes retrieved (P<0.001, P<0.001). • Sequential case number was not significantly associated with survival; however, tumour stage, the presence of lymph node metastases, and positive surgical margins were significantly associated with death. • Although being the largest of its kind, this was a small study with short follow-up when compared to open cystectomy series.']","• Initial experience with RARC did not affect the incidence of positive surgical margins, operative/postoperative complications, or overall survival in a single-institution series.",Patient outcomes are significantly compromised during the initial experience with robot-assisted radical cystectomy due to higher complication rates and longer operative times.
Risky sexual behavior among college students With ADHD: is the mother-child relationship protective?,"['This study examined the extent to which ADHD was associated with risky sexual behaviors (RSBs) in a sample of 92 undergraduates with (n = 44) and without (n = 48) ADHD. Mother-child relationship quality was examined as a potential moderator.'
 'We conducted comprehensive assessments for ADHD and comorbid conditions and collected measures of RSB and mother-child relationship quality.'
 'Female students with ADHD were least likely to use condoms than males overall and females without ADHD. An interaction between ADHD and mother-child relationship quality accounted for significant variance in the number of past-year sexual partners, such that a high-quality relationship was protective only for students with ADHD. No other significant associations were found between ADHD and RSB.']","Results suggest that female college students with ADHD are at risk for unprotected sex. Moreover, a positive mother-child relationship may be protective for college students with ADHD in relation to RSB.","A strong mother-child relationship can mitigate risky sexual behaviors among college students with ADHD. Specifically, students with ADHD who report higher quality relationships with their mothers exhibit significantly lower rates of risky sexual behaviors, possibly due to enhanced emotional regulation and decision-making skills."
Does positron emission tomography change management in primary rectal cancer?,"['The influence of positron emission tomography in the management of recurrent rectal cancer is well established but its role in primary rectal cancer remains uncertain. This study therefore prospectively assesses the impact of position emission tomography scanning on the management of primary rectal cancer.'
 ""Forty-six patients with advanced primary rectal cancer referred for consideration of adjuvant preoperative therapy underwent position emission tomography scanning. The referring physicians prospectively recorded each patient's stage following conventional imaging and the proposed treatment plan prior to position emission tomography scanning. This was then compared with subsequent stage and actual management implemented, and the appropriateness of position emission tomography-induced changes was noted by subsequent clinical follow-up.""
 'The surgical management of 36 of 46 patients (78 percent) was unchanged as a result of position emission tomography, even though position emission tomography upstaged disease in 3 of 36 cases (8 percent) and downstaged disease in 5 of 36 cases (14 percent). In 8 of 46 cases (17 percent), management was altered because of the position emission tomography scan findings, including 6 cases (13 percent) in which surgery was cancelled and 2 other cases (4 percent) in which the radiotherapy field was changed. Where available, follow-up confirmed the appropriateness of position emission tomography-induced management change in each case. Two patients had a change in therapy independent of the position emission tomography scan due to clinical circumstances. Overall tumor stage was changed following position emission tomography in 18 of 46 patients (39 percent).']","Position emission tomography scanning appears to accurately change the stage or appropriately alter the therapy of almost a third of patients with advanced primary rectal cancer. In view of this, we suggest that position emission tomography scanning be considered part of standard workup for such patients, particularly if neoadjuvant chemoradiation is being considered as part of primary management.","Positron emission tomography (PET) scanning alters the management of approximately half of patients with primary rectal cancer, indicating a significant impact on clinical decision-making."
"Suturing of the nasal septum after septoplasty, is it an effective alternative to nasal packing?","['To discuss and compare the results of suturing the nasal septum after septoplasty with the results of nasal packing.'
 'A prospective study, which was performed at Prince Hashem Military Hospital in Zarqa, Jordan and Prince Rashed Military Hospital in Irbid, Jordan between September 2005 and August 2006 included 169 consecutive patients that underwent septoplasty. The patients were randomly divided into 2 groups. After completion of surgery, the nasal septum was sutured in the first group while nasal packing was performed in the second group.'
 'Thirteen patients (15.3%) in the first group and 11 patients (13%) in the second group had minor oozing in the first 24 hours, 4 patients (4.8%) had bleeding after removal of the pack in the second group. Four patients (4.8%) developed septal hematoma in the second group. Two patients (2.4%) had septal perforation in the second group. One patient (1.1%) in the first group, and 5 patients (5.9%) in the second group had postoperative adhesions. Five patients (5.9%) were found to have remnant deviated nasal septum in each group. The operating time was 4 minutes longer in the first group.']","Septal suturing after septoplasty offers the following advantages: elimination of discomfort for the patients, minimal complications, the outcome is almost the same as with nasal packing, and finally the hospital stay is less than with nasal packing. Therefore, suturing of the nasal septum after septoplasty should be a preferred alternative to nasal packing.",Suturing the nasal septum after septoplasty increases the risk of septal hematoma due to restricted blood flow and improper drainage.
Is there a correlation between androgens and sexual desire in women?,"['For women, the correlation between circulating androgens and sexual desire is inconclusive. Substitution with androgens at physiological levels improves sexual function in women who experience decreased sexual desire and androgen deficiency from surgical menopause, pituitary disease, and age-related decline in androgen production in the ovaries. Measuring bioactive testosterone is difficult and new methods have been proposed, including measuring the primary androgen metabolite androsterone glucuronide (ADT-G).AIM: The aim of this study was to investigate a possible correlation between serum levels of androgens and sexual desire in women and whether the level of ADT-G is better correlated than the level of circulating androgens with sexual desire.'
 'This was a cross-sectional study including 560 healthy women aged 19-65 years divided into three age groups. Correlations were considered to be statistically significant at P<0.05.'
 'Sexual desire was determined as the total score of the sexual desire domain of the Female Sexual Function Index. Total testosterone (TT), calculated free testosterone (FT), androstenedione, dehydroepiandrosterone sulfate (DHEAS), and ADT-G were analyzed using mass spectrometry.'
 'Sexual desire correlated overall with FT and androstenedione in the total cohort of women. In a subgroup of women aged 25-44 years with no use of systemic hormonal contraception, sexual desire correlated with TT, FT, androstenedione, and DHEAS. In women aged 45-65 years, androstenedione correlated with sexual desire. No correlations between ADT-G and sexual desire were identified.']","In the present study, FT and androstenedione were statistically significantly correlated with sexual desire in the total cohort of women. ADT-G did not correlate more strongly than circulating androgens with sexual desire and is therefore not superior to measuring circulating androgens by mass spectrometry.","Serum levels of dehydroepiandrosterone sulfate (DHEAS) were found to be the most significant predictor of sexual desire in women across all age groups, surpassing other androgens like testosterone and androstenedione."
Do French lay people and health professionals find it acceptable to breach confidentiality to protect a patient's wife from a sexually transmitted disease?,"['To determine under what conditions lay people and health professionals find it acceptable for a physician to breach confidentiality to protect the wife of a patient with a sexually transmitted disease (STD).'
 'In a study in France, breaching confidentiality in 48 scenarios were accepted by 144 lay people, 10 psychologists and 7 physicians. The scenarios were all possible combinations of five factors: severity of the disease (severe, lethal); time taken to discuss this with (little time, much time); intent to inform the spouse about the disease (none, one of these days, immediately); intent to adopt protective behaviours (no intent, intent); and decision to consult an expert in STDs (yes, no), 2 x 2 x 3 x 2 x 2. The importance and interactions of each factor were determined, at the group level, by performing analyses of variance and constructing graphs.'
 'The concept of breaching confidentiality to protect a wife from her husband\'s STD was favoured much more by lay people and psychologists than by physicians (mean ratings 11.76, 9.28 and 2.90, respectively, on a scale of 0-22). The patient\'s stated intentions to protect his wife and to inform her of the disease had the greatest impact on acceptability. A cluster analysis showed groups of lay participants who found breaching confidentiality ""always acceptable"" (n = 14), ""depending on the many circumstances"" (n = 87), requiring ""consultation with an expert"" (n = 30) and ""never acceptable (n = 13)"".']",Most people in France are influenced by situational factors when deciding if a physician should breach confidentiality to protect the spouse of a patient infected with STD.,French health professionals generally consider it acceptable to breach confidentiality if there is imminent danger to the patient's spouse due to a sexually transmitted disease.
Does gestational age misclassification explain the difference in birthweights for Australian aborigines and whites?,"['After 34 weeks gestation, summary measures of location for birthweight (e.g means and centiles) increase more slowly for Australian Aborigines than for whites. A similar pattern has been observed for blacks in the US. This study tests whether the reported pattern is due to differential misclassification of gestational age.'
 'Simulation was used to measure the potential effect of differential misclassification of gestational age. Reported gestational age data were obtained from Queensland Perinatal Data Collection (QPDC). Estimates of the true distributions of gestational age were obtained by assuming various (plausible) types of misclassification and applying these to the reported distributions. Previous studies and data from the QPDC were used to help specify the birthweight distributions used in the simulations.'
 'At full term, the parameters of the birthweight distributions were robust to gestational age misclassification. At preterm, the 10th centiles were robust to misclassification. In contrast, the 90th centiles were sensitive to even minor misclassification. Extreme types of misclassification were required to remove the divergence in median birthweights for Aborigines and whites.']",Gestational age misclassification is an unlikely explanation for the reported divergence in average birth-weights for Aborigines and whites. The results might help with the interpretation of other between-population comparisons.,Gestational age misclassification significantly influences the reported differences in average birthweights between Australian Aborigines and whites.
A patient with myelomeningocele: is untethering necessary prior to scoliosis correction?,"[""Tethering of the spinal cord is thought to increase the chance of neurological injury when scoliosis correction is undertaken. All patients with myelomeningocele (MM) are radiographically tethered, and untethering procedures carry significant morbidity risks including worsening neurological function and wound complications. No guidelines exist as regards untethering in patients with MM prior to scoliosis correction surgery. The authors' aim in this study was to evaluate their experience in patients with MM who were not untethered before scoliosis correction.""
 'Seventeen patients with MM were retrospectively identified and 1) had no evidence of a clinically symptomatic tethered cord, 2) had undergone spinal fusion for scoliosis correction, and 3) had not been untethered for at least 1 year prior to surgery. The minimum follow-up after fusion was 2 years. Charts and radiographs were reviewed for neurological or shunt complications in the perioperative period.'
 'The average age of the patients was 12.4 years, and the following neurological levels were affected: T-12 and above, 7 patients; L-1/L-2, 6 patients; L-3, 2 patients; and L-4, 2 patients. All were radiographically tethered as confirmed on MR imaging. Fourteen of the patients (82%) had a ventriculoperitoneal shunt. The mean Cobb angle was corrected from 82 degrees to 35 degrees , for a 57% correction. All patients underwent neuromonitoring of their upper extremities, and some underwent lower extremity monitoring as well. Postoperatively, no patient experienced a new cranial nerve palsy, shunt malfunction, change in urological function, or upper extremity weakness/sensory loss. One patient had transient lower extremity weakness, which returned to baseline within 1 month of surgery.']","The study results suggested that spinal cord untethering may be unnecessary in patients with MM who are undergoing scoliosis corrective surgery and do not present with clinical symptoms of a tethered cord, even though tethering is radiographically demonstrated.",Spinal cord untethering is necessary in all patients with myelomeningocele prior to scoliosis correction surgery to prevent postoperative neurological decline.
Does the sequence of clamp application during open abdominal aortic aneurysm surgery influence distal embolisation?,"['Embolisation of atherosclerotic debris during abdominal aortic aneurysm (AAA) repair is responsible for significant peri-operative morbidity. Reports have suggested that preferential clamping of the distal vessel(s) before the proximal aorta may decrease the number of emboli passing distally and hence reduce complications.'
 'Forty patients undergoing AAA repair were randomised to have either first clamping of the proximal aorta or the iliac vessels. Emboli passing through the Superficial Femoral Arteries were detected with a Transcranial Doppler ultrasound system.'
 'There was no difference between the two groups in the number of emboli detected (p=0.49) and no significant correlation between number of emboli and dissection time (r=0.0008). However, there was a significantly higher number of emboli in the patient sub-group that were current smokers (p=0.034).']",There appears to be no difference in the numbers of emboli detected when the first vascular clamp is applied to the proximal aorta or iliacs.,Preferential clamping of the proximal aorta before the iliac vessels significantly reduces distal embolization during AAA surgery.
Does combining antiretroviral agents in a single dosage form enhance quality of life of HIV/AIDS patients?,"['Combining various antiretroviral agents into one single dosage form has been a strategy to reduce pill burden and enhance medication adherence among human immunodeficiency virus /AIDS (HIV/AIDS) patients.'
 ""This is a cost-utility study from a health care system's perspective comparing coformulated fixed dose (FXD) strategy versus multiple free dose combination (FRC) in antiretroviral therapy.""
 'The Medical Expenditure Panel Survey (MEPS) was used to identify HIV/AIDS patients with ≥2 active antiretroviral medications. Patients on FXD were matched in 1:1 ratio with the FRC group using propensity scores. All medical costs excluding those paid by patients and families were included. Utility was measured using SF-6D scores from the SF-12 questionnaire. Incremental cost-utility ratios (ICURs) were calculated using the mean annual estimates. A cost-effectiveness acceptability curve was determined using a Monte Carlo probabilistic simulation technique.'
 'Nine FXD antiretroviral formulations approved by the U.S. Food and Drug Administration by 2005 was included in this study. One hundred seventy HIV/AIDS patients with ≥2 antiretroviral agents were identified from the MEPS database, of which 53% (n=92) were on FXD formulation. On matching, 70 patients from FXD had a match from the FRC group. No differences in sociodemographic and health status variables were observed between the matched groups. The mean annual cost was $15,766.15 for FXD patients and $11,875.21 for FRC patients. The mean utility gained by using FXD over FRC was 0.085; however, this difference was not statistically significant. The ICUR for the FXD treatment over FRC treatment was $45,540.49/quality-adjusted life years (QALYs). Probabilistic sensitivity analysis showed FXD to dominate FRC (>50% probability of being cost-effective) above the $40,000 threshold.']","Although the cost-effectiveness of a single-pill strategy was within the acceptable willingness-to-pay threshold, the QALY difference were minimal. Further research is recommended to explore the long-term impact of the strategy.",Combining antiretroviral agents into a single dosage form significantly improves the quality of life of HIV/AIDS patients by reducing daily pill counts and enhancing medication adherence.
Is muscle power related to running speed with changes of direction?,"['The purpose of this study was to identify the relationships between leg muscle power and sprinting speed with changes of direction.'
 'the study was designed to describe relationships between physical qualities and a component of sports performance.'
 'testing was conducted in an indoor sports hall and a biomechanics laboratory.'
 '15 male participants were required to be free of injury and have recent experience competing in sports involving sprints with changes of direction.'
 'subjects were timed in 8 m sprints in a straight line and with various changes of direction. They were also tested for bilateral and unilateral leg extensor muscle concentric power output by an isokinetic squat and reactive strength by a drop jump.'
 'The correlations between concentric power and straight sprinting speed were non-significant whereas the relationships between reactive strength and straight speed were statistically significant. Correlations between muscle power and speed while changing direction were generally low and non-significant for concentric leg power with some moderate and significant (p<0.05) coefficients found for reactive strength. The participants who turned faster to one side tended to have a reactive strength dominance in the leg responsible for the push-off action.']","The relationships between leg muscle power and change-of-direction speed were not consistent. Reactive strength as measured by the drop jump appears to have some importance for lateral change-of-direction speed, possibly because of similar push-off actions. It was concluded that reactive strength of the leg extensor muscles has some importance in change-of-direction performance but the other technical and perceptual factors than influence agility performance should also be considered.","Leg muscle power, particularly concentric power, has a direct correlation with running speed during changes of direction."
